Year,Player,Team,Position,Age,Date of Birth,Birth City,Birth State/Province,Birth Country,Nationality,Height (in),Weight (lbs),Draft Year,Draft Team,Draft Round,Round Pick,Overall Draft Position
2010,Aaron Gagnon,DAL,C,37,1986-04-24,Quesnel,BC,CAN,CAN,71,186,2004,PHX,8,13,240
2010,Aaron Palushaj,MTL,R,34,1989-09-07,Livonia,MI,USA,USA,72,187,2007,STL,2,14,44
2010,Aaron Rome,VAN,D,40,1983-09-27,Nesbitt,MB,CAN,CAN,73,220,2002,L.A,4,8,104
2010,Aaron Volpatti,VAN,L,38,1985-05-30,Revelstoke,BC,CAN,CAN,72,215,-,-,-,-,-
2010,Aaron Voros,ANA,L,42,1981-07-02,Vancouver,BC,CAN,CAN,74,210,2001,N.J,8,2,229
2010,Adam Burish,DAL,R,41,1983-01-06,Madison,WI,USA,USA,73,195,2002,CHI,9,22,282
2010,Adam Cracknell,STL,R,38,1985-07-15,Prince Albert,SK,CAN,CAN,74,209,2004,CGY,9,21,279
2010,Adam Foote,COL,D,52,1971-07-10,Toronto,ON,CAN,CAN,74,220,1989,QUE,2,1,22
2010,Adam Hall,T.B,R,43,1980-08-14,Kalamazoo,MI,USA,USA,74,212,1999,NSH,2,24,52
2010,Adam Henrique,N.J,C,34,1990-02-06,Brantford,ON,CAN,CAN,72,195,2008,N.J,3,21,82
2010,Adam Mair,N.J,C,45,1979-02-15,Hamilton,ON,CAN,CAN,73,208,1997,TOR,4,4,84
2010,Adam McQuaid,BOS,D,37,1986-10-12,Charlottetown,PE,CAN,CAN,76,210,2005,CBJ,2,25,55
2010,Adam Pardy,CGY,D,40,1984-03-29,Bonavista,NL,CAN,CAN,76,227,2004,CGY,6,10,173
2010,Adrian Aucoin,PHX,D,50,1973-07-03,Ottawa,ON,CAN,CAN,74,215,1992,VAN,5,21,117
2010,Alec Martinez,L.A,D,36,1987-07-26,Rochester Hills,MI,USA,USA,73,210,2007,L.A,4,4,95
2010,Ales Hemsky,EDM,R,40,1983-08-13,Pardubice,CZE,CZE,72,177,2001,EDM,1,13,13,
2010,Ales Kotalik,CGY,R,45,1978-12-23,Jindrichuv Hradec,CZE,CZE,73,225,1998,BUF,6,19,164,
2010,Alex Frolov,NYR,L,41,1982-06-19,Moscow,RUS,RUS,74,210,2000,L.A,1,20,20,
2010,Alex Goligoski,"DAL, PIT",D,38,1985-07-30,Grand Rapids,MN,USA,USA,71,173,2004,PIT,2,31,61
2010,Alex Kovalev,"OTT, PIT",R,51,1973-02-24,Togliatti,RUS,RUS,74,222,1991,NYR,1,15,15,
2010,Alex Ovechkin,WSH,L,38,1985-09-17,Moscow,RUS,RUS,75,238,2004,WSH,1,1,1,
2010,Alex Pietrangelo,STL,D,34,1990-01-18,King City,ON,CAN,CAN,75,215,2008,STL,1,4,4
2010,Alex Plante,EDM,D,34,1989-05-09,Brandon,MB,CAN,CAN,76,230,2007,EDM,1,15,15
2010,Alex Tanguay,CGY,L,44,1979-11-21,Ste-Justine,QC,CAN,CAN,73,194,1998,COL,1,12,12
2010,Alexander Burmistrov,ATL,C,32,1991-10-21,Kazan,RUS,RUS,73,180,2010,ATL,1,8,8,
2010,Alexander Edler,VAN,D,37,1986-04-21,Ostersund,SWE,SWE,76,210,2004,VAN,3,26,91,
2010,Alexander Semin,WSH,R,40,1984-03-03,Krasnojarsk,RUS,RUS,74,211,2002,WSH,1,13,13,
2010,Alexander Steen,STL,L,40,1984-03-01,Winnipeg,MB,CAN,SWE,72,211,2002,TOR,1,24,24
2010,Alexander Sulzer,"FLA, NSH",D,39,1984-05-30,Kaufbeuren,DEU,DEU,73,198,2003,NSH,3,24,92,
2010,Alexander Urbom,N.J,D,33,1990-12-20,Stockholm,SWE,SWE,76,215,2009,N.J,3,12,73,
2010,Alexander Vasyunov,N.J,L,35,1988-04-22,Yaroslavl,RUS,RUS,73,210,2006,N.J,2,28,58,
2010,Alexandre Bolduc,VAN,C,38,1985-06-26,Montreal,QC,CAN,CAN,75,200,2003,STL,4,26,127
2010,Alexandre Burrows,VAN,L,42,1981-04-11,Pincourt,QC,CAN,CAN,73,197,-,-,-,-,-
2010,Alexandre Giroux,EDM,L,42,1981-06-16,Quebec City,QC,CAN,CAN,75,208,1999,OTT,7,27,213
2010,Alexandre Picard,MTL,D,38,1985-07-05,Gatineau,QC,CAN,CAN,75,215,2003,PHI,3,17,85
2010,Alexei Ponikarovsky,L.A,L,43,1980-04-09,Kiev,UKR,UKR,76,225,1998,TOR,4,1,87,
2010,Andre Benoit,OTT,D,40,1984-01-06,St. Albert,ON,CAN,CAN,71,190,-,-,-,-,-
2010,Andreas Engqvist,MTL,C,36,1987-12-23,Stockholm,SWE,SWE,76,199,-,-,-,-,-,
2010,Andreas Lilja,ANA,D,48,1975-07-13,Helsingborg,SWE,SWE,75,220,2000,L.A,2,24,54,
2010,Andreas Nodl,PHI,R,37,1987-02-28,Vienna,AUT,AUT,73,196,2006,PHI,2,9,39,
2010,Andreas Thuresson,NSH,R,36,1987-11-18,Kristianstad,SWE,SWE,73,206,2007,NSH,5,23,144,
2010,Andrei Kostitsyn,MTL,L,39,1985-02-03,Novopolotsk,BLR,BLR,72,214,2003,MTL,1,10,10,
2010,Andrei Loktionov,L.A,C,33,1990-05-30,Voskresensk,RUS,RUS,71,190,2008,L.A,5,2,123,
2010,Andrei Markov,MTL,D,45,1978-12-20,Voskresensk,RUS,RUS,72,200,1998,MTL,6,17,162,
2010,Andrej Meszaros,PHI,D,38,1985-10-13,Povaská Bystrica,SVK,SVK,74,223,2004,OTT,1,23,23,
2010,Andrej Sekera,BUF,D,37,1986-06-08,Bojnice,SVK,SVK,72,200,2004,BUF,3,6,71,
2010,Andrew Alberts,VAN,D,42,1981-06-30,Minneapolis,MN,USA,USA,77,218,2001,BOS,6,14,179
2010,Andrew Brunette,MIN,L,50,1973-08-24,Sudbury,ON,CAN,CAN,73,215,1993,WSH,7,18,174
2010,Andrew Cogliano,EDM,L,36,1987-06-14,Toronto,ON,CAN,CAN,70,179,2005,EDM,1,25,25
2010,Andrew Desjardins,S.J,L,37,1986-07-27,Lively,ON,CAN,CAN,73,195,-,-,-,-,-
2010,Andrew Ebbett,PHX,C,41,1983-01-02,Vernon,BC,CAN,CAN,69,174,-,-,-,-,-
2010,Andrew Ference,BOS,D,45,1979-03-17,Edmonton,AB,CAN,CAN,71,182,1997,PIT,8,18,208
2010,Andrew Gordon,WSH,R,38,1985-12-13,Porters Lake,NS,CAN,CAN,72,194,2004,WSH,7,4,197
2010,Andrew Hutchinson,PIT,D,44,1980-03-24,Evanston,IL,USA,USA,74,195,1999,NSH,2,26,54
2010,Andrew Ladd,ATL,L,38,1985-12-12,Maple Ridge,BC,CAN,CAN,75,205,2004,CAR,1,4,4
2010,Andrew MacDonald,NYI,D,37,1986-09-07,Judique,NS,CAN,CAN,73,204,2006,NYI,6,7,160
2010,Andrew Murray,CBJ,C,42,1981-11-06,Selkirk,MB,CAN,CAN,74,210,2001,CBJ,8,15,242
2010,Andrey Zubarev,ATL,D,37,1987-03-03,Ufa,RUS,RUS,73,210,2005,ATL,6,25,187,
2010,Andy Greene,N.J,D,41,1982-10-30,Trenton,MI,USA,USA,71,190,-,-,-,-,-
2010,Andy McDonald,STL,L,46,1977-08-25,Strathroy,ON,CAN,CAN,70,175,-,-,-,-,-
2010,Andy Sutton,ANA,D,49,1975-03-10,Kingston,ON,CAN,CAN,78,245,-,-,-,-,-
2010,Anssi Salmela,N.J,D,39,1984-08-13,Nokia,FIN,FIN,73,200,-,-,-,-,-,
2010,Anthony Stewart,ATL,R,39,1985-01-05,LaSalle,QC,CAN,CAN,75,230,2003,FLA,1,25,25
2010,Antoine Vermette,CBJ,C,41,1982-07-20,St. Agapit,QC,CAN,CAN,73,197,2000,OTT,2,25,55
2010,Anton Babchuk,"CAR, CGY",D,39,1984-05-06,Kiev,UKR,UKR,77,200,2002,CHI,1,21,21,
2010,Anton Stralman,CBJ,D,37,1986-08-01,Tibro,SWE,SWE,71,193,2005,TOR,7,22,216,
2010,Anton Volchenkov,N.J,D,42,1982-02-25,Moscow,RUS,RUS,73,220,2000,OTT,1,21,21,
2010,Antti Miettinen,MIN,R,43,1980-07-03,Hämeenlinna,FIN,FIN,72,190,2000,DAL,7,27,224,
2010,Anze Kopitar,L.A,C,36,1987-08-24,Jesenice,SVN,SVN,75,225,2005,L.A,1,11,11,
2010,Arron Asham,PIT,R,45,1978-04-13,Portage La Prairie,MB,CAN,CAN,71,210,1996,MTL,3,19,71
2010,Artem Anisimov,NYR,C,35,1988-05-24,Yaroslavl,RUS,RUS,76,199,2006,NYR,2,24,54,
2010,Arturs Kulda,ATL,D,35,1988-07-25,Riga,LVA,LVA,74,215,2006,ATL,7,17,200,
2010,B.J. Crombeen,STL,R,38,1985-07-10,Denver,CO,USA,USA,74,209,2003,DAL,2,24,54
2010,Barret Jackman,STL,D,43,1981-03-05,Trail,BC,CAN,CAN,72,203,1999,STL,1,17,17
2010,Ben Eager,"ATL, S.J",L,40,1984-01-22,Ottawa,ON,CAN,CAN,74,226,2002,PHX,1,23,23
2010,Ben Holmstrom,PHI,C,36,1987-04-09,Colorado Springs,CO,USA,USA,73,203,-,-,-,-,-
2010,Ben Lovejoy,PIT,D,40,1984-02-20,Concord,NH,USA,USA,73,205,-,-,-,-,-
2010,Ben Maxwell,ATL,C,36,1988-03-30,North Vancouver,BC,CAN,CAN,73,195,2006,MTL,2,19,49
2010,Ben Smith,CHI,R,35,1988-07-11,Winston-Salem,NC,USA,USA,71,203,2008,CHI,6,18,169
2010,Benn Ferriero,S.J,R,36,1987-04-29,Boston,MA,USA,USA,71,195,2006,PHX,7,13,196
2010,Benoit Pouliot,MTL,L,37,1986-09-29,Alfred,ON,CAN,CAN,75,200,2005,MIN,1,4,4
2010,Bill Thomas,FLA,R,40,1983-06-20,Pittsburgh,PA,USA,USA,73,185,-,-,-,-,-
2010,Blair Betts,PHI,C,44,1980-02-16,Edmonton,AB,CAN,CAN,75,210,1998,CGY,2,6,33
2010,Blair Jones,T.B,C,37,1986-09-27,Central Butte,SK,CAN,CAN,74,216,2005,T.B,4,11,102
2010,Blake Comeau,NYI,L,38,1986-02-18,Meadow Lake,SK,CAN,CAN,73,200,2004,NYI,2,17,47
2010,Blake Geoffrion,NSH,C,36,1988-02-03,Plantation,FL,USA,USA,73,190,2006,NSH,2,26,56
2010,Blake Wheeler,"ATL, BOS",R,37,1986-08-31,Plymouth,MN,USA,USA,77,220,2004,PHX,1,5,5
2010,Bobby Butler,OTT,R,36,1987-04-26,Marlborough,MA,USA,USA,72,189,-,-,-,-,-
2010,Bobby Ryan,ANA,R,37,1987-03-17,Cherry Hill,NJ,USA,USA,74,208,2005,ANA,1,2,2
2010,Boyd Gordon,WSH,C,40,1983-10-19,Unity,SK,CAN,CAN,72,200,2002,WSH,1,17,17
2010,Brad Boyes,"BUF, STL",R,41,1982-04-17,Mississauga,ON,CAN,CAN,72,199,2000,TOR,1,24,24
2010,Brad Lukowich,DAL,D,47,1976-08-12,Cranbrook,BC,CAN,CAN,73,191,1994,NYI,4,12,90
2010,Brad Marchand,BOS,L,35,1988-05-11,Halifax,NS,CAN,CAN,69,176,2006,BOS,3,8,71
2010,Brad Mills,N.J,C,40,1983-05-03,Terrace,BC,CAN,CAN,72,195,-,-,-,-,-
2010,Brad Richards,DAL,C,43,1980-05-02,Murray Hbr.,PE,CAN,CAN,72,199,1998,T.B,3,6,64
2010,Brad Richardson,L.A,R,39,1985-02-04,Belleville,ON,CAN,CAN,72,190,2003,COL,5,27,163
2010,Brad Staubitz,MIN,R,39,1984-07-28,Edmonton,AB,CAN,CAN,73,207,-,-,-,-,-
2010,Brad Stuart,DET,D,44,1979-11-06,Rocky Mountain House,AB,CAN,CAN,74,215,1998,S.J,1,3,3
2010,Brad Winchester,"ANA, STL",L,43,1981-03-01,Madison,WI,USA,USA,77,230,2000,EDM,2,5,35
2010,Brandon Dubinsky,NYR,C,37,1986-04-29,Anchorage,AK,USA,USA,74,208,2004,NYR,2,30,60
2010,Brandon Mashinter,S.J,L,35,1988-09-20,Bradford,ON,CAN,CAN,76,212,-,-,-,-,-
2010,Brandon McMillan,ANA,L,34,1990-03-22,Richmond,BC,CAN,CAN,71,190,2008,ANA,3,24,85
2010,Brandon Pirri,CHI,R,32,1991-04-10,Toronto,ON,CAN,CAN,72,180,2009,CHI,2,29,59
2010,Brandon Prust,NYR,L,40,1984-03-16,London,ON,CAN,CAN,72,195,2004,CGY,3,5,70
2010,Brandon Segal,DAL,R,40,1983-07-12,Richmond,BC,CAN,CAN,74,215,2002,NSH,4,6,102
2010,Brandon Sutter,CAR,C,35,1989-02-14,Huntington,NY,USA,CAN,75,190,2007,CAR,1,11,11
2010,Brandon Yip,COL,R,38,1985-04-25,Vancouver,BC,CAN,CAN,73,198,2004,COL,8,12,239
2010,Brayden Schenn,L.A,C,32,1991-08-22,Saskatoon,SK,CAN,CAN,73,199,2009,L.A,1,5,5
2010,Braydon Coburn,PHI,D,39,1985-02-27,Shaunavon,SK,CAN,CAN,77,224,2003,ATL,1,8,8
2010,Brendan Mikkelson,"ANA, CGY",D,36,1987-06-22,Regina,SK,CAN,CAN,75,210,2005,ANA,2,1,31
2010,Brendan Morrison,CGY,C,48,1975-08-15,Pitt Meadows,BC,CAN,CAN,71,176,1993,N.J,2,13,39
2010,Brenden Morrow,DAL,L,45,1979-01-16,Carlyle,SK,CAN,CAN,71,212,1997,DAL,1,25,25
2010,Brendon Nash,MTL,D,37,1987-03-31,Calgary,AB,CAN,CAN,75,210,-,-,-,-,-
2010,Brent Burns,MIN,D,39,1985-03-09,Barrie,ON,CAN,CAN,77,230,2003,MIN,1,20,20
2010,Brent Seabrook,CHI,D,38,1985-04-20,Richmond,BC,CAN,CAN,75,220,2003,CHI,1,14,14
2010,Brent Sopel,"ATL, MTL",D,47,1977-01-07,Calgary,AB,CAN,CAN,74,205,1995,VAN,6,14,144
2010,Brett Carson,"CAR, CGY",D,38,1985-11-29,Regina,SK,CAN,CAN,76,210,2004,CAR,4,11,109
2010,Brett Clark,T.B,D,47,1976-12-23,Wapella,SK,CAN,CAN,72,194,1996,MTL,6,19,154
2010,Brett Festerling,ANA,D,38,1986-03-03,Prince George,BC,CAN,CAN,73,210,-,-,-,-,-
2010,Brett Lebda,TOR,D,42,1982-01-15,Buffalo Grove,IL,USA,USA,69,195,-,-,-,-,-
2010,Brett MacLean,PHX,L,35,1988-12-24,London,ON,CAN,CAN,74,201,2007,PHX,2,2,32
2010,Brett Sterling,PIT,L,39,1984-04-24,Los Angeles,CA,USA,USA,67,175,2003,ATL,5,9,145
2010,Brett Sutter,"CAR, CGY",L,36,1987-06-02,Viking,AB,CAN,CAN,72,200,2005,CGY,6,17,179
2010,Brian Boyle,NYR,C,39,1984-12-18,Hingham,MA,USA,USA,78,245,2003,L.A,1,26,26
2010,Brian Campbell,CHI,D,44,1979-05-23,Strathroy,ON,CAN,CAN,70,192,1997,BUF,6,22,156
2010,Brian Fahey,WSH,D,43,1981-03-02,Glenview,IL,USA,USA,73,216,2000,COL,4,23,119
2010,Brian Gionta,MTL,R,45,1979-01-18,Rochester,NY,USA,USA,67,178,1998,N.J,3,24,82
2010,Brian Lee,OTT,D,37,1987-03-26,Moorhead,MN,USA,USA,75,200,2005,OTT,1,9,9
2010,Brian Rafalski,DET,D,50,1973-09-28,Dearborn,MI,USA,USA,70,194,-,-,-,-,-
2010,Brian Rolston,N.J,R,51,1973-02-21,Flint,MI,USA,USA,74,215,1991,N.J,1,11,11
2010,Brian Strait,PIT,D,36,1988-01-04,Waltham,MA,USA,USA,73,188,2006,PIT,3,2,65
2010,Brian Sutherby,DAL,C,42,1982-03-01,Edmonton,AB,CAN,CAN,74,208,2000,WSH,1,26,26
2010,Brian Willsie,WSH,R,46,1978-03-16,Belmont,ON,CAN,CAN,73,202,1996,COL,6,11,146
2010,Brodie Dupont,NYR,L,37,1987-02-17,Russell,MB,CAN,CAN,74,210,2005,NYR,3,5,66
2010,Brooks Laich,WSH,C,40,1983-06-23,Wawota,SK,CAN,CAN,74,200,2001,OTT,6,28,193
2010,Brooks Orpik,PIT,D,43,1980-09-26,San Francisco,CA,USA,USA,75,217,2000,PIT,1,18,18
2010,Bruno Gervais,NYI,D,39,1984-10-03,Longueuil,QC,CAN,CAN,73,200,2003,NYI,6,15,182
2010,Bryan Allen,"CAR, FLA",D,43,1980-08-21,Kingston,ON,CAN,CAN,77,223,1998,VAN,1,4,4
2010,Bryan Bickell,CHI,L,38,1986-03-09,Bowmanville,ON,CAN,CAN,76,223,2004,CHI,2,11,41
2010,Bryan Little,ATL,C,36,1987-11-12,Edmonton,AB,CAN,CAN,72,191,2006,ATL,1,12,12
2010,Bryan McCabe,"FLA, NYR",D,48,1975-06-08,St. Catharines,ON,CAN,CAN,74,223,1993,NYI,2,14,40
2010,Bryan Rodney,CAR,D,39,1984-04-22,London,ON,CAN,CAN,72,195,-,-,-,-,-
2010,Cal Clutterbuck,MIN,R,36,1987-11-18,Welland,ON,CAN,CAN,72,212,2006,MIN,3,9,72
2010,Cal O'Reilly,NSH,C,37,1986-09-30,Toronto,ON,CAN,CAN,72,188,2005,NSH,5,25,150
2010,Cam Barker,MIN,D,38,1986-04-04,Winnipeg,MB,CAN,CAN,75,223,2004,CHI,1,3,3
2010,Cam Fowler,ANA,D,32,1991-12-05,Windsor,ON,CAN,USA,74,215,2010,ANA,1,12,12
2010,Cam Janssen,STL,R,39,1984-04-15,St. Louis,MO,USA,USA,72,215,2002,N.J,4,21,117
2010,Cameron Gaunce,COL,D,34,1990-03-19,Sudbury,ON,CAN,CAN,74,194,2008,COL,2,20,50
2010,Carl Gunnarsson,TOR,D,37,1986-11-09,Orebro,SWE,SWE,74,198,2007,TOR,7,13,194,
2010,Carl Klingberg,ATL,L,33,1991-01-28,Gothenburg,SWE,SWE,75,188,2009,ATL,2,4,34,
2010,Carlo Colaiacovo,STL,D,41,1983-01-27,Toronto,ON,CAN,CAN,73,202,2001,TOR,1,17,17
2010,Carson McMillan,MIN,R,35,1988-09-10,Brandon,MB,CAN,CAN,73,196,2007,MIN,7,19,200
2010,Casey Wellman,MIN,C,36,1987-10-18,Brentwood,CA,USA,USA,72,173,-,-,-,-,-
2010,Chad Kolarik,NYR,C,38,1986-01-26,Abington,PA,USA,USA,71,178,2004,PHX,7,6,199
2010,Chad LaRose,CAR,R,42,1982-03-27,Fraser,MI,USA,USA,70,181,-,-,-,-,-
2010,Chris Butler,BUF,D,37,1986-10-27,St. Louis,MO,USA,USA,73,196,2005,BUF,4,5,96
2010,Chris Campoli,"CHI, OTT",D,39,1984-07-09,Mississauga,ON,CAN,CAN,72,200,2004,NYI,7,34,227
2010,Chris Clark,CBJ,R,48,1976-03-08,South Windsor,CT,USA,USA,72,191,1994,CGY,3,25,77
2010,Chris Conner,PIT,R,40,1983-12-23,Westland,MI,USA,USA,67,181,-,-,-,-,-
2010,Chris Drury,NYR,C,47,1976-08-20,Trumbull,CT,USA,USA,70,191,1994,QUE,3,20,72
2010,Chris Higgins,"FLA, VAN",L,40,1983-06-02,Smithtown,NY,USA,USA,72,205,2002,MTL,1,14,14
2010,Chris Kelly,"BOS, OTT",C,43,1980-11-11,Toronto,ON,CAN,CAN,72,190,1999,OTT,3,28,94
2010,Chris Kunitz,PIT,L,44,1979-09-26,Regina,SK,CAN,CAN,72,188,-,-,-,-,-
2010,Chris Mueller,NSH,C,38,1986-03-06,West Seneca,NY,USA,USA,71,196,-,-,-,-,-
2010,Chris Neil,OTT,R,44,1979-06-18,Flesherton,ON,CAN,CAN,73,209,1998,OTT,6,16,161
2010,Chris Phillips,OTT,D,46,1978-03-09,Calgary,AB,CAN,CAN,75,219,1996,OTT,1,1,1
2010,Chris Porter,STL,L,39,1984-05-29,Toronto,ON,CAN,CAN,73,206,2003,CHI,9,21,282
2010,Chris Pronger,PHI,D,49,1974-10-10,Dryden,ON,CAN,CAN,78,188,1993,HFD,1,2,2
2010,Chris Stewart,"COL, STL",R,36,1987-10-30,Toronto,ON,CAN,CAN,74,242,2006,COL,1,18,18
2010,Chris Summers,PHX,D,36,1988-02-05,Ann Arbor,MI,USA,USA,74,207,2006,PHX,1,29,29
2010,Chris Thorburn,ATL,R,40,1983-06-03,Sault Ste. Marie,ON,CAN,CAN,75,235,2001,BUF,2,20,50
2010,Chris VandeVelde,EDM,C,37,1987-03-15,Moorhead,MN,USA,USA,74,190,2005,EDM,4,6,97
2010,Christian Ehrhoff,VAN,D,41,1982-07-06,Moers,DEU,DEU,74,201,2001,S.J,4,10,106,
2010,Christian Hanson,TOR,C,38,1986-03-10,"Glens Falls,",NY,USA,USA,76,228,-,-,-,-,-
2010,Christopher Tanev,VAN,D,34,1989-12-20,Toronto,ON,CAN,CAN,74,193,-,-,-,-,-
2010,Chuck Kobasew,MIN,R,41,1982-04-17,Vancouver,BC,CAN,CAN,72,192,2001,CGY,1,14,14
2010,Clarke MacArthur,TOR,L,39,1985-04-06,Lloydminster,AB,CAN,CAN,72,192,2003,BUF,3,6,74
2010,Claude Giroux,PHI,C,36,1988-01-12,Hearst,ON,CAN,CAN,71,190,2006,PHI,1,22,22
2010,Clay Wilson,FLA,D,41,1983-04-05,Sturgeon Lake,MN,USA,USA,72,195,-,-,-,-,-
2010,Clayton Stoner,MIN,D,39,1985-02-19,Port McNeill,BC,CAN,CAN,76,216,2004,MIN,3,14,79
2010,Cody Almond,MIN,C,34,1989-07-24,Calgary,AB,CAN,CAN,74,199,2007,MIN,5,19,140
2010,Cody Bass,OTT,C,37,1987-01-07,Owen sound,ON,CAN,CAN,72,205,2005,OTT,4,4,95
2010,Cody Franson,NSH,D,36,1987-08-08,Sicamous,BC,CAN,CAN,77,224,2005,NSH,3,18,79
2010,Cody Hodgson,VAN,C,34,1990-02-18,Toronto,ON,CAN,CAN,72,191,2008,VAN,1,10,10
2010,Cody McCormick,BUF,C,40,1983-04-18,London,ON,CAN,CAN,74,222,2001,COL,5,13,144
2010,Cody McLeod,COL,L,39,1984-06-26,Binscarth,MB,CAN,CAN,74,204,-,-,-,-,-
2010,Colby Armstrong,TOR,R,41,1982-11-23,Lloydminster,SK,CAN,CAN,74,185,2001,PIT,1,21,21
2010,Colby Cohen,COL,D,34,1989-04-25,Villanova,PA,USA,USA,74,200,2007,COL,2,15,45
2010,Colin Fraser,EDM,C,39,1985-01-28,Sicamous,BC,CAN,CAN,73,190,2003,PHI,3,1,69
2010,Colin Greening,OTT,C,38,1986-03-09,St. John's,NL,CAN,CAN,74,210,2005,OTT,7,10,204
2010,Colin Stuart,BUF,L,41,1982-07-08,Rochester,MN,USA,USA,74,205,2001,ATL,5,4,135
2010,Colin White,N.J,D,46,1977-12-12,New glasgow,NS,CAN,CAN,76,215,1996,N.J,2,23,49
2010,Colin Wilson,NSH,"C, L",34,1989-10-20,Greenwich,CT,USA,USA,73,215,2008,NSH,1,7,7
2010,Colton Gillies,MIN,C,35,1989-02-12,White Rock,BC,CAN,CAN,76,208,2007,MIN,1,16,16
2010,Colton Orr,TOR,R,42,1982-03-03,Winnipeg,MB,CAN,CAN,75,222,-,-,-,-,-
2010,Colton Sceviour,DAL,C,34,1989-04-20,Red Deer,AB,CAN,CAN,72,190,2007,DAL,4,21,112
2010,Corey Locke,OTT,C,39,1984-05-08,Toronto,ON,CAN,CAN,69,175,2003,MTL,4,12,113
2010,Corey Perry,ANA,R,38,1985-05-16,Peterborough,ON,CAN,CAN,75,208,2003,ANA,1,28,28
2010,Corey Potter,PIT,D,40,1984-01-05,Lansing,MI,USA,USA,75,204,2003,NYR,4,21,122
2010,Cory Emmerton,DET,C,35,1988-06-01,St. Thomas,ON,CAN,CAN,72,191,2006,DET,2,11,41
2010,Cory Sarich,CGY,D,45,1978-08-16,Saskatoon,SK,CAN,CAN,76,207,1996,BUF,2,1,27
2010,Cory Stillman,"CAR, FLA",L,50,1973-12-20,Peterborough,ON,CAN,CAN,72,193,1992,CGY,1,6,6
2010,Craig Adams,PIT,R,46,1977-04-26,Seria,BRN,CAN,72,200,1996,HFD,9,8,223,
2010,Craig Conroy,CGY,C,52,1971-09-04,Potsdam,NY,USA,USA,74,193,1990,MTL,6,18,123
2010,Craig Rivet,"BUF, CBJ",D,49,1974-09-13,North Bay,ON,CAN,CAN,74,207,1992,MTL,3,20,68
2010,Curtis Glencross,CGY,L,41,1982-12-28,Kindersley,SK,CAN,CAN,73,197,-,-,-,-,-
2010,DJ King,WSH,L,39,1984-06-27,Meadow Lake,SK,CAN,CAN,75,231,2002,STL,6,24,190
2010,Dainius Zubrus,N.J,C,45,1978-06-16,Elektrenai,LTU,LTU,77,225,1996,PHI,1,15,15,
2010,Dale Weise,NYR,R,35,1988-08-05,Winnipeg,MB,CAN,CAN,74,196,2008,NYR,4,20,111
2010,Dan Boyle,S.J,D,47,1976-07-12,Ottawa,ON,CAN,CAN,71,194,-,-,-,-,-
2010,Dan Girardi,NYR,D,39,1984-04-29,Welland,ON,CAN,CAN,73,212,-,-,-,-,-
2010,Dan Hamhuis,VAN,D,41,1982-12-13,Smithers,BC,CAN,CAN,73,204,2001,NSH,1,12,12
2010,Dan Sexton,ANA,R,36,1987-04-29,Apple Valley,MN,USA,USA,69,180,-,-,-,-,-
2010,Dana Tyrell,T.B,C,34,1989-04-23,Airdrie,AB,CAN,CAN,70,192,2007,T.B,2,17,47
2010,Daniel Alfredsson,OTT,R,51,1972-12-11,Gothenburg,SWE,SWE,71,203,1994,OTT,6,3,133,
2010,Daniel Briere,PHI,C,46,1977-10-06,Gatineau,QC,CAN,CAN,69,174,1996,PHX,1,24,24
2010,Daniel Carcillo,PHI,L,39,1985-01-28,King City,ON,CAN,CAN,72,200,2003,PIT,3,5,73
2010,Daniel Cleary,DET,R,45,1978-12-18,Carbonear,NL,CAN,CAN,73,205,1997,CHI,1,13,13
2010,Daniel Paille,BOS,L,39,1984-04-15,Welland,ON,CAN,CAN,73,188,2002,BUF,1,20,20
2010,Daniel Sedin,VAN,L,43,1980-09-26,Ornskoldsvik,SWE,SWE,73,190,1999,VAN,1,2,2,
2010,Daniel Winnik,COL,L,39,1985-03-06,Toronto,ON,CAN,CAN,74,210,2004,PHX,9,7,265
2010,Danny Syvret,"ANA, PHI",D,38,1985-06-13,Millgrove,ON,CAN,CAN,72,205,2005,EDM,3,20,81
2010,Dany Heatley,S.J,L,43,1981-01-21,Freiburg,DEU,CAN,75,212,2000,ATL,1,2,2,
2010,Darcy Hordichuk,FLA,L,43,1980-08-10,Kamsack,SK,CAN,CAN,73,215,2000,ATL,6,13,180
2010,Darren Helm,DET,C,37,1987-01-21,St. Andrews,MB,CAN,CAN,72,192,2005,DET,5,7,132
2010,Darroll Powe,PHI,C,38,1985-06-22,Saskatoon,SK,CAN,CAN,71,212,-,-,-,-,-
2010,Darryl Boyce,TOR,C,39,1984-07-07,Summerside,PE,CAN,CAN,72,200,-,-,-,-,-
2010,Dave Bolland,CHI,C,37,1986-06-05,Mimico,ON,CAN,CAN,72,188,2004,CHI,2,2,32
2010,Dave Scatchard,STL,C,48,1976-02-20,Hinton,AB,CAN,CAN,75,220,1994,VAN,2,16,42
2010,David Backes,STL,R,39,1984-05-01,Minneapolis,MN,USA,USA,75,215,2003,STL,2,32,62
2010,David Booth,FLA,L,39,1984-11-24,Detroit,MI,USA,USA,72,212,2004,FLA,2,23,53
2010,David Clarkson,N.J,R,40,1984-03-31,Toronto,ON,CAN,CAN,72,207,-,-,-,-,-
2010,David Desharnais,MTL,C,37,1986-09-14,Laurier-Station,QC,CAN,CAN,67,180,-,-,-,-,-
2010,David Hale,OTT,D,42,1981-06-18,Colorado Springs,CO,USA,USA,73,222,2000,N.J,1,22,22
2010,David Jones,COL,R,39,1984-08-10,Guelph,ON,CAN,CAN,75,208,2003,COL,9,27,288
2010,David Koci,COL,L,42,1981-05-12,Prague,CZE,CZE,78,238,2000,PIT,5,16,146,
2010,David Krejci,BOS,C,37,1986-04-28,Sternberk,CZE,CZE,72,192,2004,BOS,2,33,63,
2010,David Legwand,NSH,C,43,1980-08-17,Detroit,MI,USA,USA,74,207,1998,NSH,1,2,2
2010,David Liffiton,COL,D,39,1984-10-18,Windsor,ON,CAN,CAN,74,210,2003,COL,2,33,63
2010,David Moss,CGY,R,42,1981-12-28,Livonia,MI,USA,USA,76,210,2001,CGY,7,24,220
2010,David Perron,STL,L,35,1988-05-28,Sherbrooke,QC,CAN,CAN,73,196,2007,STL,1,26,26
2010,David Schlemko,PHX,D,36,1987-05-07,Edmonton,AB,CAN,CAN,73,191,-,-,-,-,-
2010,David Steckel,"N.J, WSH",C,42,1982-03-15,Milwaukee,WI,USA,USA,78,215,2001,L.A,1,30,30
2010,David Van Der Gulik,COL,L,40,1983-04-20,Abbotsford,BC,CAN,CAN,70,173,2002,CGY,7,9,206
2010,Davis Drewiske,L.A,D,39,1984-11-22,Hudson,WI,USA,USA,74,222,-,-,-,-,-
2010,Daymond Langkow,CGY,C,47,1976-09-27,Edmonton,AB,CAN,CAN,70,181,1995,T.B,1,5,5
2010,Dennis Seidenberg,BOS,D,42,1981-07-18,Schwenningen,DEU,DEU,72,199,2001,PHI,6,7,172,
2010,Dennis Wideman,"FLA, WSH",D,41,1983-03-20,Kitchener,ON,CAN,CAN,72,202,2002,BUF,8,12,241
2010,Derek Boogaard,NYR,L,41,1982-06-23,Saskatoon,SK,CAN,CAN,79,265,2001,MIN,7,6,202
2010,Derek Dorsett,CBJ,R,37,1986-12-20,Kindersley,SK,CAN,CAN,72,192,2006,CBJ,7,6,189
2010,Derek Joslin,"CAR, S.J",D,37,1987-03-17,Richmond Hill,ON,CAN,CAN,73,210,2005,S.J,5,24,149
2010,Derek MacKenzie,CBJ,C,42,1981-06-11,Sudbury,ON,CAN,CAN,71,177,1999,ATL,5,2,128
2010,Derek Morris,PHX,D,45,1978-08-24,Edmonton,AB,CAN,CAN,72,210,1996,CGY,1,13,13
2010,Derek Roy,BUF,C,40,1983-05-04,Ottawa,ON,CAN,CAN,69,184,2001,BUF,2,2,32
2010,Derek Smith,OTT,D,39,1984-10-13,Belleville,ON,CAN,CAN,73,197,-,-,-,-,-
2010,Derek Stepan,NYR,C,33,1990-06-18,Hastings,MN,USA,USA,71,196,2008,NYR,2,21,51
2010,Derick Brassard,CBJ,C,36,1987-09-22,Hull,QC,CAN,CAN,73,200,2006,CBJ,1,6,6
2010,Deryk Engelland,PIT,D,42,1982-04-03,Edmonton,AB,CAN,CAN,74,212,2000,N.J,6,27,194
2010,Devin Setoguchi,S.J,R,37,1987-01-01,Taber,AB,CAN,CAN,72,205,2005,S.J,1,8,8
2010,Dion Phaneuf,TOR,D,38,1985-04-10,Edmonton,AB,CAN,CAN,75,222,2003,CGY,1,9,9
2010,Dmitry Kulikov,FLA,D,33,1990-10-29,Lipetsk,RUS,RUS,73,201,2009,FLA,1,14,14,
2010,Dominic Moore,T.B,C,43,1980-08-03,Thornhill,ON,CAN,CAN,72,192,2000,NYR,3,30,95
2010,Doug Janik,DET,D,44,1980-03-26,Agawam,MA,USA,USA,74,211,1999,BUF,2,27,55
2010,Doug Weight,NYI,C,53,1971-01-21,Detroit,MI,USA,USA,71,202,1990,NYR,2,13,34
2010,Douglas Murray,S.J,D,44,1980-03-12,Bromma,SWE,SWE,75,240,1999,S.J,8,26,241,
2010,Drayson Bowman,CAR,L,35,1989-03-08,Grand Rapids,MI,USA,USA,73,195,2007,CAR,3,11,72
2010,Drew Bagnall,MIN,D,40,1983-10-26,Oakbank,MB,CAN,CAN,75,220,2003,DAL,6,28,195
2010,Drew Doughty,L.A,D,34,1989-12-08,London,ON,CAN,CAN,73,210,2008,L.A,1,2,2
2010,Drew Miller,DET,L,40,1984-02-17,Dover,NJ,USA,USA,74,183,2003,ANA,6,19,186
2010,Drew Stafford,BUF,R,38,1985-10-30,Milwaukee,WI,USA,USA,74,215,2004,BUF,1,13,13
2010,Duncan Keith,CHI,D,40,1983-07-16,Winnipeg,MB,CAN,CAN,73,192,2002,CHI,2,24,54
2010,Dustin Boyd,MTL,C,37,1986-07-16,Winnipeg,MB,CAN,CAN,72,187,2004,CGY,3,33,98
2010,Dustin Brown,L.A,R,39,1984-11-04,Ithaca,NY,USA,USA,72,205,2003,L.A,1,13,13
2010,Dustin Byfuglien,ATL,D,39,1985-03-27,Roseau,MN,USA,USA,77,260,2003,CHI,8,16,245
2010,Dustin Jeffrey,PIT,L,36,1988-02-27,Sarnia,ON,CAN,CAN,73,205,2007,PIT,6,20,171
2010,Dustin Penner,"EDM, L.A",R,41,1982-09-28,Winkler,MB,CAN,CAN,76,247,-,-,-,-,-
2010,Dwight King,L.A,L,34,1989-07-05,Meadow Lake,SK,CAN,CAN,76,229,2007,L.A,4,18,109
2010,Dylan Reese,NYI,D,39,1984-08-29,Pittsburgh,PA,USA,USA,73,205,2003,NYR,7,12,209
2010,Ed Jovanovski,PHX,D,47,1976-06-26,Windsor,ON,CAN,CAN,75,220,1994,FLA,1,1,1
2010,Eric Belanger,PHX,C,46,1977-12-16,Sherbrooke,QC,CAN,CAN,71,185,1996,L.A,4,16,96
2010,Eric Boulton,ATL,L,47,1976-08-17,Halifax,NS,CAN,CAN,72,227,1994,NYR,9,26,234
2010,Eric Brewer,"STL, T.B",D,44,1979-04-17,Vernon,BC,CAN,CAN,76,216,1997,NYI,1,5,5
2010,Eric Fehr,WSH,C,38,1985-09-07,Winkler,MB,CAN,CAN,76,209,2003,WSH,1,18,18
2010,Eric Godard,PIT,R,44,1980-03-07,Vernon,BC,CAN,CAN,76,222,-,-,-,-,-
2010,Eric Nystrom,MIN,L,41,1983-02-14,Syosset,NY,USA,USA,73,200,2002,CGY,1,10,10
2010,Eric Staal,CAR,C,39,1984-10-29,Thunder Bay,ON,CAN,CAN,76,195,2003,CAR,1,2,2
2010,Eric Tangradi,PIT,L,35,1989-02-10,Philadelphia,PA,USA,USA,76,226,2007,ANA,2,12,42
2010,Eric Wellwood,PHI,L,34,1990-03-06,Windsor,ON,CAN,CAN,71,180,2009,PHI,6,21,172
2010,Erik Christensen,NYR,C,40,1983-12-17,Edmonton,AB,CAN,CAN,73,200,2002,PIT,3,6,69
2010,Erik Cole,CAR,L,45,1978-11-06,Oswego,NY,USA,USA,74,205,1998,CAR,3,13,71
2010,Erik Condra,OTT,R,37,1986-08-06,Trenton,MI,USA,USA,71,185,2006,OTT,7,28,211
2010,Erik Gustafsson,PHI,D,35,1988-12-15,Kvissleby,SWE,SWE,70,180,-,-,-,-,-,
2010,Erik Johnson,"COL, STL",D,36,1988-03-21,Bloomington,MN,USA,USA,76,225,2006,STL,1,1,1
2010,Erik Karlsson,OTT,D,33,1990-05-31,Landsbro,SWE,SWE,72,190,2008,OTT,1,15,15,
2010,Ethan Moreau,CBJ,L,48,1975-09-22,Huntsville,ON,CAN,CAN,75,223,1994,CHI,1,14,14
2010,Evan Brophey,CHI,C,37,1986-12-03,Kitchener,ON,CAN,CAN,74,199,2005,CHI,3,7,68
2010,Evan Oberg,VAN,D,36,1988-02-16,Forestburg,AB,CAN,CAN,72,191,-,-,-,-,-
2010,Evander Kane,ATL,L,32,1991-08-02,Vancouver,BC,CAN,CAN,74,210,2009,ATL,1,4,4
2010,Evgeni Malkin,PIT,C,37,1986-07-31,Magnitogorsk,RUS,RUS,75,195,2004,PIT,1,2,2,
2010,Evgeny Dadonov,FLA,L,35,1989-03-12,Chelyabinsk,RUS,RUS,71,189,2007,FLA,3,10,71,
2010,Evgeny Grachev,NYR,C,34,1990-02-21,Khabarovsk,RUS,RUS,76,225,2008,NYR,3,14,75,
2010,Fedor Tyutin,CBJ,D,40,1983-07-19,Izhevsk,RUS,RUS,74,221,2001,NYR,2,10,40,
2010,Fernando Pisani,CHI,R,47,1976-12-27,Edmonton,AB,CAN,CAN,73,205,1996,EDM,8,6,195
2010,Filip Kuba,OTT,D,47,1976-12-29,Ostrava,CZE,CZE,76,225,1995,FLA,8,10,192,
2010,Francis Bouillon,NSH,D,48,1975-10-17,New York City,NY,USA,USA,68,194,-,-,-,-,-
2010,Francis Lessard,OTT,R,44,1979-05-30,Montreal,QC,CAN,CAN,74,235,1997,CAR,3,27,80
2010,Francis Wathier,DAL,L,39,1984-12-07,St. Isidore,ON,CAN,CAN,76,210,2003,DAL,6,18,185
2010,Francois Beauchemin,"ANA, TOR",D,43,1980-06-04,Sorel,QC,CAN,CAN,71,208,1998,MTL,3,17,75
2010,Frans Nielsen,NYI,C,39,1984-04-24,Herning,DNK,DNK,73,186,2002,NYI,3,24,87,
2010,Frazer McLaren,S.J,L,36,1987-10-29,Winnipeg,MB,CAN,CAN,77,230,2007,S.J,7,22,203
2010,Freddy Meyer,ATL,D,43,1981-01-04,Sanbornville,NH,USA,USA,70,185,-,-,-,-,-
2010,Freddy Modin,"ATL, CGY",L,49,1974-10-08,Sundsvall,SWE,SWE,76,220,1994,TOR,3,12,64,
2010,Fredrik Sjostrom,TOR,L,40,1983-05-06,Färgelanda,SWE,SWE,73,218,2001,PHX,1,11,11,
2010,Garrett Stafford,PHX,D,44,1980-01-28,Los Angeles,CA,USA,USA,73,207,-,-,-,-,-
2010,George Parros,ANA,R,44,1979-12-29,Washington,PA,USA,USA,77,224,1999,L.A,8,7,222
2010,Gilbert Brule,EDM,C,37,1987-01-01,Edmonton,AB,CAN,CAN,71,187,2005,CBJ,1,6,6
2010,Grant Clitsome,CBJ,D,38,1985-04-14,Gloucester,ON,CAN,CAN,71,211,2004,CBJ,9,13,271
2010,Greg Mauldin,COL,L,41,1982-06-10,Boston,MA,USA,USA,71,195,2002,7,0,199,
2010,Greg Nemisz,CGY,R,33,1990-06-05,Courtice,ON,CAN,CAN,75,197,2008,CGY,1,25,25
2010,Greg Zanon,MIN,D,43,1980-06-05,Burnaby,BC,CAN,CAN,71,201,2000,OTT,5,26,156
2010,Gregory Campbell,BOS,C,40,1983-12-17,London,ON,CAN,CAN,72,188,2002,FLA,3,4,67
2010,Guillaume Desbiens,VAN,R,38,1985-04-20,Alma,QC,CAN,CAN,74,210,2003,ATL,4,15,116
2010,Guillaume Latendresse,MIN,L,36,1987-05-24,Ste-Catherine,QC,CAN,CAN,74,230,2005,MTL,2,15,45
2010,Hal Gill,MTL,D,49,1975-04-06,Concord,MA,USA,USA,79,243,1993,BOS,8,25,207
2010,Henrik Sedin,VAN,C,43,1980-09-26,Ornskoldsvik,SWE,SWE,74,183,1999,VAN,1,3,3,
2010,Henrik Tallinder,N.J,D,45,1979-01-10,Stockholm,SWE,SWE,76,209,1997,BUF,2,22,48,
2010,Henrik Zetterberg,DET,L,43,1980-10-09,Njurunda,SWE,SWE,72,197,1999,DET,7,24,210,
2010,Hugh Jessiman,FLA,R,40,1984-03-28,New York City,NY,USA,USA,78,221,2003,NYR,1,12,12
2010,Ian Cole,STL,D,35,1989-02-21,Ann Arbor,MI,USA,USA,73,225,2007,STL,1,18,18
2010,Ian White,"CAR, CGY, S.J",D,39,1984-06-04,Steinbach,MB,CAN,CAN,70,191,2002,TOR,6,25,191
2010,Ilya Kovalchuk,N.J,R,40,1983-04-15,Tver,RUS,RUS,75,222,2001,ATL,1,1,1,
2010,J-P Dumont,NSH,R,46,1978-04-01,Montreal,QC,CAN,CAN,73,205,1996,NYI,1,3,3
2010,Jack Hillen,NYI,D,38,1986-01-24,Minnetonka,MN,USA,USA,70,190,-,-,-,-,-
2010,Jack Johnson,L.A,D,37,1987-01-13,Indianapolis,IN,USA,USA,73,227,2005,CAR,1,3,3
2010,Jack Skille,"CHI, FLA",R,36,1987-05-19,Madison,WI,USA,USA,73,216,2005,CHI,1,7,7
2010,Jacob Josefson,N.J,C,33,1991-03-02,Stockholm,SWE,SWE,72,196,2009,N.J,1,20,20,
2010,Jake Dowell,CHI,C,39,1985-03-04,Eau Claire,WI,USA,USA,72,200,2004,CHI,5,11,140
2010,Jake Muzzin,L.A,D,35,1989-02-21,Woodstock,ON,CAN,CAN,75,227,2007,PIT,5,20,141
2010,Jakub Kindl,DET,D,37,1987-02-10,Sumperk,CZE,CZE,75,199,2005,DET,1,19,19,
2010,Jakub Voracek,CBJ,R,34,1989-08-15,Kladno,CZE,CZE,74,216,2007,CBJ,1,7,7,
2010,Jamal Mayers,S.J,R,49,1974-10-24,Toronto,ON,CAN,CAN,73,222,1993,STL,4,11,89
2010,James Neal,"DAL, PIT","L, R",36,1987-09-03,Whitby,ON,CAN,CAN,75,212,2005,DAL,2,3,33
2010,James Wisniewski,"MTL, NYI",D,40,1984-02-21,Canton,MI,USA,USA,71,203,2002,CHI,5,25,156
2010,James Wright,T.B,C,34,1990-03-24,Saskatoon,SK,CAN,CAN,76,210,2008,T.B,4,26,117
2010,James van Riemsdyk,PHI,L,34,1989-05-04,Middletown,NJ,USA,USA,75,208,2007,PHI,1,2,2
2010,Jamie Arniel,BOS,C,34,1989-11-16,Kingston,ON,CAN,CAN,71,183,2008,BOS,4,6,97
2010,Jamie Benn,DAL,L,34,1989-07-18,Victoria,BC,CAN,CAN,74,205,2007,DAL,5,8,129
2010,Jamie Doornbosch,NYI,D,34,1990-02-01,Scarborough,ON,CAN,CAN,74,198,-,-,-,-,-
2010,Jamie Langenbrunner,"DAL, N.J",R,48,1975-07-24,Cloquet,MN,USA,USA,73,205,1993,DAL,2,9,35
2010,Jamie McBain,CAR,D,36,1988-02-25,Edina,MN,USA,USA,73,195,2006,CAR,2,33,63
2010,Jamie McGinn,S.J,L,35,1988-08-05,Fergus,ON,CAN,CAN,73,205,2006,S.J,2,6,36
2010,Jan Hejda,CBJ,D,45,1978-06-18,Prague,CZE,CZE,76,230,2003,BUF,4,5,106,
2010,Jan Mursak,DET,L,36,1988-01-20,Maribor,SVN,SVN,71,190,2006,DET,6,29,182,
2010,Jannik Hansen,VAN,R,38,1986-03-15,Rødovre,DNK,DNK,73,198,2004,VAN,9,29,287,
2010,Jared Boll,CBJ,R,37,1986-05-13,Charlotte,NC,USA,USA,75,206,2005,CBJ,4,10,101
2010,Jared Spurgeon,MIN,D,34,1989-11-29,Edmonton,AB,CAN,CAN,69,166,2008,NYI,6,5,156
2010,Jarkko Ruutu,"ANA, OTT",L,48,1975-08-23,Helsinki,FIN,FIN,73,204,1998,VAN,3,10,68,
2010,Jarome Iginla,CGY,R,46,1977-07-01,Edmonton,AB,CAN,CAN,73,210,1995,DAL,1,11,11
2010,Jaroslav Spacek,MTL,D,50,1974-02-11,Rokycany,CZE,CZE,72,210,1998,FLA,5,3,117,
2010,Jarret Stoll,L.A,C,41,1982-06-24,Melville,SK,CAN,CAN,73,216,2002,EDM,2,6,36
2010,Jason Arnott,"N.J, WSH",C,49,1974-10-11,Collingwood,ON,CAN,CAN,77,220,1993,EDM,1,7,7
2010,Jason Blake,ANA,L,50,1973-09-02,Moorhead,MN,USA,USA,70,190,-,-,-,-,-
2010,Jason Chimera,WSH,L,44,1979-05-02,Edmonton,AB,CAN,CAN,75,215,1997,EDM,5,15,121
2010,Jason Demers,S.J,D,35,1988-06-09,Dorval,QC,CAN,CAN,73,195,2008,S.J,7,5,186
2010,Jason Garrison,FLA,D,39,1984-11-13,White Rock,BC,CAN,CAN,73,218,-,-,-,-,-
2010,Jason Pominville,BUF,R,41,1982-11-30,Repentigny,QC,CAN,USA,72,180,2001,BUF,2,25,55
2010,Jason Spezza,OTT,C,40,1983-06-13,Toronto,ON,CAN,CAN,75,219,2001,OTT,1,2,2
2010,Jason Strudwick,EDM,D,48,1975-07-17,Edmonton,AB,CAN,CAN,76,226,1994,NYI,3,11,63
2010,Jason Williams,DAL,C,43,1980-08-11,London,ON,CAN,CAN,71,192,-,-,-,-,-
2010,Jassen Cullimore,CHI,D,51,1972-12-04,Simcoe,ON,CAN,CAN,77,235,1991,VAN,2,7,29
2010,Jay Beagle,WSH,C,38,1985-10-16,Calgary,AB,CAN,CAN,75,210,-,-,-,-,-
2010,Jay Bouwmeester,CGY,D,40,1983-09-27,Edmonton,AB,CAN,CAN,76,206,2002,FLA,1,3,3
2010,Jay Harrison,CAR,D,41,1982-11-03,Oshawa,ON,CAN,CAN,76,188,2001,TOR,3,19,82
2010,Jay Leach,N.J,D,44,1979-09-02,Syracuse,NY,USA,USA,77,220,1998,PHX,5,1,115
2010,Jay McClement,"COL, STL",C,41,1983-03-02,Kingston,ON,CAN,CAN,73,205,2001,STL,2,27,57
2010,Jay Rosehill,TOR,L,38,1985-07-16,Olds,AB,CAN,CAN,75,215,2003,T.B,7,30,227
2010,Jean-Francois Jacques,EDM,L,38,1985-04-29,Montreal,QC,CAN,CAN,75,231,2003,EDM,2,38,68
2010,Jed Ortmeyer,MIN,R,45,1978-09-03,Omaha,NE,USA,USA,72,200,-,-,-,-,-
2010,Jeff Carter,PHI,C,39,1985-01-01,London,ON,CAN,CAN,75,219,2003,PHI,1,11,11
2010,Jeff Halpern,MTL,C,47,1976-05-03,Washington,DC,USA,USA,72,190,-,-,-,-,-
2010,Jeff Petry,EDM,D,36,1987-12-09,Ann Arbor,MI,USA,USA,75,209,2006,EDM,2,15,45
2010,Jeff Schultz,WSH,D,38,1986-02-25,Calgary,AB,CAN,CAN,78,225,2004,WSH,1,27,27
2010,Jeff Skinner,CAR,L,31,1992-05-16,Toronto,ON,CAN,CAN,71,197,2010,CAR,1,7,7
2010,Jeff Taffe,CHI,L,43,1981-02-19,Hastings,MN,USA,USA,75,207,2000,STL,1,30,30
2010,Jeff Tambellini,VAN,L,39,1984-04-13,Calgary,AB,CAN,CAN,71,188,2003,L.A,1,27,27
2010,Jeff Woywitka,DAL,D,40,1983-09-01,Vermilion,AB,CAN,CAN,75,227,2001,PHI,1,27,27
2010,Jeremy Colliton,NYI,C,39,1985-01-13,Blackie,AB,CAN,CAN,74,214,2003,NYI,2,28,58
2010,Jeremy Morin,CHI,L,32,1991-04-16,Auburn,NY,USA,USA,73,195,2009,ATL,2,15,45
2010,Jeremy Williams,NYR,R,40,1984-01-26,Regina,SK,CAN,CAN,72,191,2003,TOR,7,23,220
2010,Jerome Samson,CAR,R,36,1987-09-04,Greenfield Park,QC,CAN,CAN,72,195,-,-,-,-,-
2010,Jerred Smithson,NSH,C,45,1979-02-04,Vernon,BC,CAN,CAN,75,209,-,-,-,-,-
2010,Jesse Joensuu,NYI,L,36,1987-10-05,Pori,FIN,FIN,76,213,2006,NYI,2,30,60,
2010,Jesse Winchester,OTT,C,40,1983-10-04,Long Sault,ON,CAN,CAN,73,188,-,-,-,-,-
2010,Jim O'Brien,OTT,C,35,1989-01-29,Maplewood,MN,USA,USA,75,195,2007,OTT,1,29,29
2010,Jim Slater,ATL,C,41,1982-12-09,Lapeer,MI,USA,USA,72,195,2002,ATL,1,30,30
2010,Jim Vandermeer,EDM,D,44,1980-02-21,Caroline,AB,CAN,CAN,73,210,-,-,-,-,-
2010,Jiri Hudler,DET,R,40,1984-01-04,Olomouc,CZE,CZE,70,190,2002,DET,2,28,58,
2010,Jiri Tlusty,CAR,L,36,1988-03-16,Slany,CZE,CZE,72,205,2006,TOR,1,13,13,
2010,Jochen Hecht,BUF,C,46,1977-06-21,Mannheim,DEU,DEU,73,198,1995,STL,2,23,49,
2010,Jody Shelley,PHI,L,48,1976-02-07,Thompson,MB,CAN,CAN,75,230,-,-,-,-,-
2010,Joe Callahan,FLA,D,41,1982-12-20,Brockton,MA,USA,USA,75,210,2002,PHX,3,7,70
2010,Joe Colborne,TOR,C,34,1990-01-30,Calgary,AB,CAN,CAN,77,221,2008,BOS,1,16,16
2010,Joe Corvo,CAR,D,46,1977-06-20,Oak Park,IL,USA,USA,72,204,1997,L.A,4,3,83
2010,Joe Pavelski,S.J,C,39,1984-07-11,Plover,WI,USA,USA,71,200,2003,S.J,7,8,205
2010,Joe Thornton,S.J,C,44,1979-07-02,London,ON,CAN,CAN,76,220,1997,BOS,1,1,1
2010,Joe Vitale,PIT,C,38,1985-08-20,St. Louis,MO,USA,USA,71,205,2005,PIT,7,1,195
2010,Joel Perrault,VAN,C,41,1983-04-06,Montreal,QC,CAN,CAN,74,212,2001,ANA,5,6,137
2010,Joel Ward,NSH,R,43,1980-12-02,North York,ON,CAN,CAN,73,225,-,-,-,-,-
2010,Joey Crabb,TOR,R,41,1983-04-03,Anchorage,AK,USA,USA,73,188,2002,NYR,7,29,226
2010,Joffrey Lupul,"ANA, TOR",L,40,1983-09-23,Fort Saskatchewan,AB,CAN,CAN,73,206,2002,ANA,1,7,7
2010,Johan Franzen,DET,R,44,1979-12-23,Vetlanda,SWE,SWE,76,232,2004,DET,3,32,97,
2010,Johan Harju,T.B,L,37,1986-05-15,Övertorneå,SWE,SWE,75,210,2007,T.B,6,16,167,
2010,John Carlson,WSH,D,34,1990-01-10,Natick,MA,USA,USA,75,215,2008,WSH,1,27,27
2010,John Erskine,WSH,D,43,1980-06-26,Kingston,ON,CAN,CAN,76,220,1998,DAL,2,12,39
2010,John Madden,MIN,C,50,1973-05-04,Toronto,ON,CAN,CAN,71,190,-,-,-,-,-
2010,John McCarthy,S.J,C,37,1986-08-09,Boston,MA,USA,USA,73,195,2006,S.J,7,19,202
2010,John Mitchell,TOR,C,39,1985-01-22,Oakville,ON,CAN,CAN,73,204,2003,TOR,5,22,158
2010,John Moore,CBJ,D,33,1990-11-19,Winnetka,IL,USA,USA,75,207,2009,CBJ,1,21,21
2010,John Scott,CHI,L,41,1982-09-26,Edmonton,AB,CAN,CAN,80,260,-,-,-,-,-
2010,John Tavares,NYI,C,33,1990-09-20,Mississauga,ON,CAN,CAN,73,216,2009,NYI,1,1,1
2010,John Zeiler,L.A,R,41,1982-11-21,Jefferson Hills,PA,USA,USA,71,204,2002,PHX,5,1,132
2010,John-Michael Liles,COL,D,43,1980-11-25,Indianapolis,IN,USA,USA,70,185,2000,COL,5,29,159
2010,Johnny Boychuk,BOS,D,40,1984-01-19,Edmonton,AB,CAN,CAN,74,227,2002,COL,2,31,61
2010,Johnny Oduya,ATL,D,42,1981-10-01,Stockholm,SWE,SWE,72,191,2001,WSH,7,25,221,
2010,Jon Matsumoto,CAR,C,37,1986-10-13,Ottawa,ON,CAN,CAN,72,185,2006,PHI,3,16,79
2010,Jon Sim,NYI,L,46,1977-09-29,New glasgow,NS,CAN,CAN,70,189,1996,DAL,3,18,70
2010,Jonas Andersson,VAN,R,43,1981-02-24,Lidingo,SWE,SWE,75,204,1999,NSH,2,5,33,
2010,Jonas Holos,COL,D,36,1987-08-27,Sarpsborg,NOR,NOR,71,188,2008,6,19,170,,
2010,Jonathan Ericsson,DET,D,40,1984-03-02,Karlskrona,SWE,SWE,76,218,2002,DET,9,31,291,
2010,Jonathan Toews,CHI,C,35,1988-04-29,Winnipeg,MB,CAN,CAN,74,201,2006,CHI,1,3,3
2010,Jonathon Blum,NSH,D,35,1989-01-30,Long Beach,CA,USA,USA,73,188,2007,NSH,1,23,23
2010,Joni Pitkanen,CAR,D,40,1983-09-19,Oulu,FIN,FIN,75,220,2002,PHI,1,4,4,
2010,Jordan Caron,BOS,R,33,1990-11-02,Sayabec,QC,CAN,CAN,75,204,2009,BOS,1,25,25
2010,Jordan Eberle,EDM,R,33,1990-05-15,Regina,SK,CAN,CAN,71,190,2008,EDM,1,22,22
2010,Jordan Hendry,CHI,D,40,1984-02-23,Lanigan,SK,CAN,CAN,72,194,-,-,-,-,-
2010,Jordan Leopold,BUF,D,43,1980-08-03,Golden Valley,MN,USA,USA,73,206,1999,ANA,2,16,44
2010,Jordan Staal,PIT,C,35,1988-09-10,Thunder Bay,ON,CAN,CAN,76,220,2006,PIT,1,2,2
2010,Jordin Tootoo,NSH,R,41,1983-02-02,Churchill,MB,CAN,CAN,69,195,2001,NSH,4,2,98
2010,Josh Bailey,NYI,R,34,1989-10-02,Bowmanville,ON,CAN,CAN,73,200,2008,NYI,1,9,9
2010,Josh Gorges,MTL,D,39,1984-08-14,Kelowna,BC,CAN,CAN,73,204,-,-,-,-,-
2010,Josh Green,ANA,C,46,1977-11-16,Camrose,AB,CAN,CAN,75,218,1996,L.A,2,4,30
2010,Jussi Jokinen,CAR,L,41,1983-04-01,Kalajoki,FIN,FIN,72,191,2001,DAL,6,27,192,
2010,Justin Abdelkader,DET,L,37,1987-02-25,Muskegon,MI,USA,USA,74,213,2005,DET,2,12,42
2010,Justin Braun,S.J,D,37,1987-02-10,Minneapolis,MN,USA,USA,74,205,2007,S.J,7,20,201
2010,Justin DiBenedetto,NYI,C,35,1988-08-25,Maple,ON,CAN,CAN,72,188,2008,NYI,6,24,175
2010,Justin Falk,MIN,D,35,1988-10-11,Snowflake,MB,CAN,CAN,77,223,2007,MIN,4,19,110
2010,Justin Williams,L.A,R,42,1981-10-04,Cobourg,ON,CAN,CAN,73,184,2000,PHI,1,28,28
2010,Karl Alzner,WSH,D,35,1988-09-24,Burnaby,BC,CAN,CAN,75,213,2007,WSH,1,5,5
2010,Karlis Skrastins,DAL,D,49,1974-07-09,Riga,LVA,LVA,74,208,1998,NSH,9,2,230,
2010,Keaton Ellerby,FLA,D,35,1988-11-05,Strathmore,AB,CAN,CAN,77,220,2007,FLA,1,10,10
2010,Keith Aucoin,WSH,C,45,1978-11-06,Waltham,MA,USA,USA,68,171,-,-,-,-,-
2010,Keith Aulie,TOR,D,34,1989-06-11,Rouleau,SK,CAN,CAN,78,222,2007,CGY,4,25,116
2010,Keith Ballard,VAN,D,41,1982-11-26,Baudette,MN,USA,USA,71,204,2002,BUF,1,11,11
2010,Keith Yandle,PHX,D,37,1986-09-09,Boston,MA,USA,USA,73,192,2005,PHX,4,14,105
2010,Kenndal McArdle,FLA,L,37,1987-01-04,Toronto,ON,CAN,CAN,71,190,2005,FLA,1,20,20
2010,Kent Huskins,S.J,D,44,1979-05-04,Almonte,ON,CAN,CAN,76,210,1998,CHI,6,11,156
2010,Kevin Bieksa,VAN,D,42,1981-06-16,Grimsby,ON,CAN,CAN,73,197,2001,VAN,5,20,151
2010,Kevin Klein,NSH,D,39,1984-12-13,Kitchener,ON,CAN,CAN,73,206,2003,NSH,2,7,37
2010,Kevin Porter,COL,C,38,1986-03-12,Detroit,MI,USA,USA,72,190,2004,PHX,4,21,119
2010,Kevin Shattenkirk,"COL, STL",D,35,1989-01-29,New Rochelle,NY,USA,USA,72,212,2007,COL,1,14,14
2010,Kevin Westgarth,L.A,R,40,1984-02-07,Amherstburg,ON,CAN,CAN,76,234,-,-,-,-,-
2010,Kimmo Timonen,PHI,D,49,1975-03-18,Kuopio,FIN,FIN,70,194,1993,L.A,10,16,250,
2010,Korbinian Holzer,TOR,D,36,1988-02-16,Munich,DEU,DEU,75,213,2006,TOR,4,18,111,
2010,Kris Draper,DET,C,52,1971-05-24,Toronto,ON,CAN,CAN,70,188,1989,WIN,3,20,62
2010,Kris Letang,PIT,D,36,1987-04-24,Montreal,QC,CAN,CAN,72,201,2005,PIT,3,1,62
2010,Kris Newbury,NYR,C,42,1982-02-19,Brampton,ON,CAN,CAN,71,205,2002,S.J,5,8,139
2010,Kris Russell,CBJ,D,36,1987-05-02,Caroline,AB,CAN,CAN,70,170,2005,CBJ,3,6,67
2010,Kris Versteeg,"PHI, TOR",R,37,1986-05-13,Lethbridge,AB,CAN,CAN,71,176,2004,BOS,5,5,134
2010,Kristian Huselius,CBJ,L,45,1978-11-10,Osterhaninge,SWE,SWE,74,184,1997,FLA,2,21,47,
2010,Krys Barch,DAL,R,44,1980-03-26,Hamilton,ON,CAN,CAN,74,225,1998,WSH,4,20,106
2010,Kurtis Foster,EDM,D,42,1981-11-24,Carp,ON,CAN,CAN,77,225,2000,CGY,2,10,40
2010,Kyle Brodziak,MIN,C,39,1984-05-25,St. Paul,AB,CAN,CAN,74,205,2003,EDM,7,17,214
2010,Kyle Chipchura,ANA,C,38,1986-02-19,Westlock,AB,CAN,CAN,74,203,2004,MTL,1,18,18
2010,Kyle Clifford,L.A,L,33,1991-01-13,Ayr,ON,CAN,CAN,74,217,2009,L.A,2,5,35
2010,Kyle Cumiskey,COL,D,37,1986-12-02,Abbotsford,BC,CAN,CAN,71,180,2005,COL,7,28,222
2010,Kyle Okposo,NYI,R,35,1988-04-16,St. Paul,MN,USA,USA,72,218,2006,NYI,1,7,7
2010,Kyle Palmieri,ANA,R,33,1991-02-01,Smithtown,NY,USA,USA,71,198,2009,ANA,1,26,26
2010,Kyle Quincey,COL,D,38,1985-08-12,Kitchener,ON,CAN,CAN,74,210,2003,DET,4,31,132
2010,Kyle Turris,PHX,C,34,1989-08-14,New Westminster,BC,CAN,CAN,73,190,2007,PHX,1,3,3
2010,Kyle Wellwood,S.J,C,40,1983-05-16,Windsor,ON,CAN,CAN,70,181,2001,TOR,5,3,134
2010,Kyle Wilson,CBJ,C,39,1984-12-15,Oakville,ON,CAN,CAN,73,200,2004,MIN,9,14,272
2010,Ladislav Smid,EDM,D,38,1986-02-01,Frydlant,CZE,CZE,76,210,2004,ANA,1,9,9,
2010,Lance Bouma,CGY,C,34,1990-03-25,Provost,AB,CAN,CAN,74,208,2008,CGY,3,17,78
2010,Lars Eller,MTL,C,34,1989-05-08,Rodovre,DNK,DNK,74,205,2007,STL,1,13,13,
2010,Lauri Korpikoski,PHX,L,37,1986-07-28,Turku,FIN,FIN,73,193,2004,NYR,1,19,19,
2010,Lee Stempniak,PHX,R,41,1983-02-04,West Seneca,NY,USA,USA,71,195,2003,STL,5,12,148
2010,Lee Sweatt,VAN,D,38,1985-08-13,Elburn,IL,USA,USA,69,195,-,-,-,-,-
2010,Liam Reddox,EDM,L,38,1986-01-27,Whitby,ON,CAN,CAN,71,178,2004,EDM,4,14,112
2010,Linus Klasen,NSH,L,38,1986-02-19,Stockholm,SWE,SWE,68,176,-,-,-,-,-,
2010,Linus Omark,EDM,L,37,1987-02-05,Övertorneå,SWE,SWE,70,187,2007,EDM,4,6,97,
2010,Logan Couture,S.J,C,35,1989-03-28,Guelph,ON,CAN,CAN,73,206,2007,S.J,1,9,9
2010,Loui Eriksson,DAL,L,38,1985-07-17,Gothenburg,SWE,SWE,74,179,2003,DAL,2,3,33,
2010,Lubomir Visnovsky,ANA,D,47,1976-08-11,Topolcany,SVK,SVK,70,192,2000,L.A,4,22,118,
2010,Luca Caputi,TOR,L,35,1988-10-01,Toronto,ON,CAN,CAN,75,200,2007,PIT,4,20,111
2010,Luca Sbisa,ANA,D,34,1990-01-30,Ozieri,ITA,CHE,74,206,2008,PHI,1,19,19,
2010,Luke Adam,BUF,C,33,1990-06-18,St. John's,NL,CAN,CAN,74,188,2008,BUF,2,14,44
2010,Luke Schenn,TOR,D,34,1989-11-02,Saskatoon,SK,CAN,CAN,74,225,2008,TOR,1,5,5
2010,Magnus Paajarvi,EDM,L,32,1991-04-12,Norrkoping,SWE,SWE,75,206,2009,EDM,1,10,10,
2010,Maksim Mayorov,CBJ,L,35,1989-03-26,Leninogorsk,RUS,RUS,74,198,2007,CBJ,4,3,94,
2010,Manny Malhotra,VAN,C,43,1980-05-18,Mississauga,ON,CAN,CAN,74,207,1998,NYR,1,7,7
2010,Marc Methot,CBJ,D,38,1985-06-21,Ottawa,ON,CAN,CAN,76,230,2003,CBJ,6,1,168
2010,Marc Savard,BOS,C,46,1977-07-17,Ottawa,ON,CAN,CAN,70,188,1995,NYR,4,13,91
2010,Marc Staal,NYR,D,37,1987-01-13,Thunder Bay,ON,CAN,CAN,76,208,2005,NYR,1,12,12
2010,Marc-Andre Bergeron,T.B,D,43,1980-10-13,Trois-Rivieres,QC,CAN,CAN,69,190,-,-,-,-,-
2010,Marc-Andre Gragnani,BUF,D,37,1987-03-11,Montreal,QC,CAN,CAN,75,205,2005,BUF,3,26,87
2010,Marc-Antoine Pouliot,T.B,C,38,1985-05-22,QC,CAN,CAN,74,203,2003,EDM,1,22,22,
2010,Marc-Edouard Vlasic,S.J,D,37,1987-03-30,Montreal,QC,CAN,CAN,73,205,2005,S.J,2,5,35
2010,Marcel Goc,NSH,C,40,1983-08-24,Calw,DEU,DEU,73,197,2001,S.J,1,20,20,
2010,Marcel Mueller,TOR,C,35,1988-07-10,Berlin,DEU,DEU,75,220,-,-,-,-,-,
2010,Marco Scandella,MIN,D,34,1990-02-23,Montreal,QC,CAN,CAN,75,212,2008,MIN,2,25,55
2010,Marco Sturm,"L.A, WSH",L,45,1978-09-08,Dingolfing,DEU,DEU,72,196,1996,S.J,1,21,21,
2010,Marcus Johansson,WSH,L,33,1990-10-06,Landskrona,SWE,SWE,73,203,2009,WSH,1,24,24,
2010,Marcus Kruger,CHI,C,33,1990-05-27,Stockholm,SWE,SWE,72,186,2009,CHI,5,28,149,
2010,Marek Svatos,"NSH, OTT",R,41,1982-06-17,Kosice,SVK,SVK,70,185,2001,COL,7,31,227,
2010,Marek Zidlicky,MIN,D,47,1977-02-03,Most,CZE,CZE,71,190,2001,NYR,6,11,176,
2010,Marian Gaborik,NYR,R,42,1982-02-14,Trencin,SVK,SVK,73,200,2000,MIN,1,3,3,
2010,Marian Hossa,CHI,R,45,1979-01-12,Stará Lubovna,SVK,SVK,73,207,1997,OTT,1,12,12,
2010,Mario Bliznak,VAN,C,37,1987-03-06,Trencin,SVK,SVK,72,185,2005,VAN,7,11,205,
2010,Mark Eaton,NYI,D,46,1977-05-06,Wilmington,DE,USA,USA,73,215,-,-,-,-,-
2010,Mark Fayne,N.J,D,36,1987-05-15,Nashua,NH,USA,USA,75,209,2005,N.J,5,30,155
2010,Mark Fistric,DAL,D,37,1986-06-01,Edmonton,AB,CAN,CAN,74,225,2004,DAL,1,28,28
2010,Mark Fraser,N.J,D,37,1986-09-29,Ottawa,ON,CAN,CAN,76,220,2005,N.J,3,23,84
2010,Mark Giordano,CGY,D,40,1983-10-03,Toronto,ON,CAN,CAN,72,205,-,-,-,-,-
2010,Mark Katic,NYI,D,34,1989-05-09,Porcupine,ON,CAN,CAN,70,188,2007,NYI,3,1,62
2010,Mark Letestu,PIT,C,39,1985-02-04,Elk Point,AB,CAN,CAN,70,195,-,-,-,-,-
2010,Mark Mancari,BUF,R,38,1985-07-11,London,ON,CAN,CAN,76,208,2004,BUF,7,14,207
2010,Mark Olver,COL,C,36,1988-01-01,Burnaby,BC,CAN,CAN,70,170,2008,COL,5,19,140
2010,Mark Parrish,BUF,R,47,1977-02-02,Bloomington,MN,USA,USA,71,199,1996,COL,3,27,79
2010,Mark Recchi,BOS,R,56,1968-02-01,Kamloops,BC,CAN,CAN,70,195,1988,PIT,4,4,67
2010,Mark Stuart,"ATL, BOS",D,39,1984-04-27,Rochester,MN,USA,USA,74,215,2003,BOS,1,21,21
2010,Martin Erat,NSH,R,42,1981-08-29,Trebic,CZE,CZE,72,196,1999,NSH,7,5,191,
2010,Martin Hanzal,PHX,C,37,1987-02-20,Pisek,CZE,CZE,78,230,2005,PHX,1,17,17,
2010,Martin Havlat,MIN,R,42,1981-04-19,Mlada Boleslav,CZE,CZE,74,210,1999,OTT,1,26,26,
2010,Martin St. Louis,T.B,R,48,1975-06-18,Laval,QC,CAN,CAN,68,180,-,-,-,-,-
2010,Marty Reasoner,FLA,C,47,1977-02-26,Honeoye Falls,NY,USA,USA,73,197,1996,STL,1,14,14
2010,Mason Raymond,VAN,L,38,1985-09-17,Cochrane,AB,CAN,CAN,73,179,2005,VAN,2,21,51
2010,Mathieu Darche,MTL,L,47,1976-11-26,Montreal,QC,CAN,CAN,73,215,-,-,-,-,-
2010,Mathieu Perreault,WSH,C,36,1988-01-05,Drummondville,QC,CAN,CAN,70,189,2006,WSH,6,24,177
2010,Mathieu Roy,T.B,D,40,1983-08-10,St. Georges,QC,CAN,CAN,74,210,2003,EDM,7,18,215
2010,Mats Zuccarello,NYR,R,36,1987-09-01,Oslo,NOR,NOR,68,181,-,-,-,-,-,
2010,Matt Bartkowski,BOS,D,35,1988-06-04,Pittsburgh,PA,USA,USA,73,201,2008,FLA,7,9,190
2010,Matt Beleskey,ANA,L,35,1988-06-07,Windsor,ON,CAN,CAN,72,207,2006,ANA,4,19,112
2010,Matt Bradley,WSH,R,45,1978-06-13,Stittsville,ON,CAN,CAN,75,200,1996,S.J,4,22,102
2010,Matt Calvert,CBJ,L,34,1989-12-24,Brandon,MB,CAN,CAN,71,186,2008,CBJ,5,6,127
2010,Matt Campanale,NYI,D,36,1988-02-14,Chester Springs,PA,USA,USA,71,200,-,-,-,-,-
2010,Matt Carkner,OTT,D,43,1980-11-03,Winchester,ON,CAN,CAN,77,229,1999,MTL,2,30,58
2010,Matt Carle,PHI,D,39,1984-09-25,Anchorage,AK,USA,USA,72,197,2003,S.J,2,17,47
2010,Matt Cooke,PIT,L,45,1978-09-07,Belleville,ON,CAN,CAN,71,216,1997,VAN,6,10,144
2010,Matt Cullen,MIN,C,47,1976-11-02,Virginia,MN,USA,USA,73,202,1996,ANA,2,9,35
2010,Matt D'Agostini,STL,R,37,1986-10-23,Sault Ste. Marie,ON,CAN,CAN,72,198,2005,MTL,6,28,190
2010,Matt Duchene,COL,C,33,1991-01-16,Haliburton,ON,CAN,CAN,71,195,2009,COL,1,3,3
2010,Matt Ellis,BUF,L,42,1981-08-31,Welland,ON,CAN,CAN,72,208,-,-,-,-,-
2010,Matt Frattin,TOR,R,36,1988-01-03,Edmonton,AB,CAN,CAN,72,205,2007,TOR,4,8,99
2010,Matt Gilroy,NYR,D,39,1984-07-20,North Bellmore,NY,USA,USA,73,199,-,-,-,-,-
2010,Matt Greene,L.A,D,40,1983-05-13,Grand Ledge,MI,USA,USA,75,236,2002,EDM,2,14,44
2010,Matt Halischuk,NSH,R,35,1988-06-01,Toronto,ON,CAN,CAN,72,180,2007,N.J,4,26,117
2010,Matt Hendricks,WSH,L,42,1981-06-17,Blaine,MN,USA,USA,72,211,2000,NSH,5,1,131
2010,Matt Hunwick,"BOS, COL",D,38,1985-05-21,Warren,MI,USA,USA,71,194,2004,BOS,7,31,224
2010,Matt Kassian,MIN,L,37,1986-10-28,Edmonton,AB,CAN,CAN,76,240,2005,MIN,2,27,57
2010,Matt Lashoff,TOR,D,37,1986-09-29,East Greenbush,NY,USA,USA,74,204,2005,BOS,1,22,22
2010,Matt Martin,NYI,L,34,1989-05-08,Windsor,ON,CAN,CAN,75,220,2008,NYI,5,27,148
2010,Matt Moulson,NYI,L,40,1983-11-01,North York,ON,CAN,CAN,73,188,2003,PIT,9,2,263
2010,Matt Niskanen,"DAL, PIT",D,37,1986-12-06,Virginia,MN,USA,USA,73,203,2005,DAL,1,28,28
2010,Matt Smaby,T.B,D,39,1984-10-14,Minneapolis,MN,USA,USA,78,230,2003,T.B,2,11,41
2010,Matt Stajan,CGY,C,40,1983-12-19,Mississauga,ON,CAN,CAN,73,195,2002,TOR,2,27,57
2010,Matt Taormina,N.J,D,37,1986-10-20,Warren,MI,USA,USA,70,188,-,-,-,-,-
2010,Matt Walker,PHI,D,44,1980-04-07,Beaverlodge,AB,CAN,CAN,76,215,1998,STL,3,25,83
2010,Matthew Corrente,N.J,D,36,1988-03-17,Mississauga,ON,CAN,CAN,72,205,2006,N.J,1,30,30
2010,Matthew Lombardi,NSH,C,42,1982-03-18,Montreal,QC,CAN,CAN,71,195,2002,CGY,3,27,90
2010,Mattias Ohlund,T.B,D,47,1976-09-09,Pitea,SWE,SWE,76,188,1994,VAN,1,13,13,
2010,Mattias Ritola,T.B,C,37,1987-03-14,Borlange,SWE,SWE,72,192,2005,DET,4,12,103,
2010,Mattias Tedenby,N.J,R,34,1990-02-21,Vetlanda,SWE,SWE,69,175,2008,N.J,1,24,24,
2010,Max Pacioretty,MTL,L,35,1988-11-20,New Canaan,CT,USA,USA,74,217,2007,MTL,1,22,22
2010,Max Talbot,PIT,C,40,1984-02-11,Lemoyne,QC,CAN,CAN,71,186,2002,PIT,8,5,234
2010,Maxim Lapierre,"ANA, MTL, VAN",C,39,1985-03-29,Saint-Léonard,QC,CAN,CAN,74,215,2003,MTL,2,31,61
2010,Maxim Noreau,MIN,D,36,1987-05-24,Montreal,QC,CAN,CAN,72,194,-,-,-,-,-
2010,Michael Del Zotto,NYR,D,33,1990-06-24,Stouffville,ON,CAN,CAN,72,195,2008,NYR,1,20,20
2010,Michael Frolik,"CHI, FLA",R,36,1988-02-17,Kladno,CZE,CZE,73,186,2006,FLA,1,10,10,
2010,Michael Grabner,NYI,R,36,1987-10-05,Villach,AUT,AUT,73,188,2006,VAN,1,14,14,
2010,Michael Ryder,BOS,R,44,1980-03-31,Bonavista,NL,CAN,CAN,73,200,1998,MTL,8,16,216
2010,Michael Sauer,NYR,D,36,1987-08-07,St. Cloud,MN,USA,USA,75,213,2005,NYR,2,10,40
2010,Michael Zigomanis,TOR,C,43,1981-01-17,Toronto,ON,CAN,CAN,72,200,2001,CAR,2,16,46
2010,Michal Handzus,L.A,C,47,1977-03-11,Banská Bystrica,SVK,SVK,77,215,1995,STL,4,23,101,
2010,Michal Repik,FLA,R,35,1988-12-31,Vlasim,CZE,CZE,70,188,2007,FLA,2,10,40,
2010,Michal Rozsival,"NYR, PHX",D,45,1978-09-03,Vlasim,CZE,CZE,73,210,1996,PIT,4,25,105,
2010,Micheal Haley,NYI,C,38,1986-03-30,Guelph,ON,CAN,CAN,71,213,-,-,-,-,-
2010,Mikael Backlund,CGY,C,35,1989-03-17,Vasteras,SWE,SWE,72,206,2007,CGY,1,24,24,
2010,Mikael Samuelsson,VAN,R,47,1976-12-23,Mariefred,SWE,SWE,74,218,1998,S.J,5,31,145,
2010,Mike Blunden,CBJ,R,37,1986-12-15,Toronto,ON,CAN,CAN,76,217,2005,CHI,2,13,43
2010,Mike Brown,TOR,R,38,1985-06-24,Chicago,IL,USA,USA,71,205,2004,VAN,5,30,159
2010,Mike Cammalleri,MTL,L,41,1982-06-08,Toronto,ON,CAN,CAN,69,185,2001,L.A,2,19,49
2010,Mike Commodore,CBJ,D,44,1979-11-07,Fort Saskatchewan,AB,CAN,CAN,76,227,1999,N.J,2,14,42
2010,Mike Comrie,PIT,C,43,1980-09-11,Edmonton,AB,CAN,CAN,70,185,1999,EDM,3,25,91
2010,Mike Duco,FLA,R,36,1987-07-08,Toronto,ON,CAN,CAN,70,200,-,-,-,-,-
2010,Mike Fisher,"NSH, OTT",C,43,1980-06-05,Peterborough,ON,CAN,CAN,73,216,1998,OTT,2,17,44
2010,Mike Green,WSH,D,38,1985-10-12,Calgary,AB,CAN,CAN,73,210,2004,WSH,1,29,29
2010,Mike Grier,BUF,R,49,1975-01-05,Detroit,MI,USA,USA,73,224,1993,STL,9,11,219
2010,Mike Knuble,WSH,R,51,1972-07-04,Toronto,ON,CAN,USA,75,229,1991,DET,4,10,76
2010,Mike Komisarek,TOR,D,42,1982-01-19,West Islip,NY,USA,USA,76,235,2001,MTL,1,7,7
2010,Mike Lundin,T.B,D,39,1984-09-24,Burnsville,MN,USA,USA,74,190,2004,T.B,4,4,102
2010,Mike Modano,DET,C,53,1970-06-07,Livonia,MI,USA,USA,75,212,1988,MNS,1,1,1
2010,Mike Moore,S.J,D,39,1984-12-12,Lloydminster,SK,CAN,CAN,73,210,-,-,-,-,-
2010,Mike Mottau,NYI,D,46,1978-03-19,Quincy,MA,USA,USA,72,195,1997,NYR,7,21,182
2010,Mike Ribeiro,DAL,C,44,1980-02-10,Montreal,QC,CAN,CAN,72,179,1998,MTL,2,18,45
2010,Mike Richards,PHI,C,39,1985-02-11,Kenora,ON,CAN,CAN,71,196,2003,PHI,1,24,24
2010,Mike Rupp,PIT,L,44,1980-01-13,Cleveland,OH,USA,USA,77,235,2000,N.J,3,11,76
2010,Mike Santorelli,FLA,C,38,1985-12-14,Vancouver,BC,CAN,CAN,72,189,2004,NSH,6,15,178
2010,Mike Vernace,T.B,D,37,1986-05-26,Toronto,ON,CAN,CAN,72,216,2004,S.J,7,8,201
2010,Mike Weaver,FLA,D,45,1978-05-02,Brampton,ON,CAN,CAN,70,186,-,-,-,-,-
2010,Mike Weber,BUF,D,36,1987-12-16,Pittsburgh,PA,USA,USA,74,188,2006,BUF,2,27,57
2010,Mikhail Grabovski,TOR,C,40,1984-01-31,Potsdam,DEU,BLR,71,186,2004,MTL,5,21,150,
2010,Mikkel Boedker,PHX,L,34,1989-12-16,Brondby,DNK,DNK,72,207,2008,PHX,1,8,8,
2010,Mikko Koivu,MIN,C,41,1983-03-12,Turku,FIN,FIN,75,213,2001,MIN,1,6,6,
2010,Milan Hejduk,COL,R,48,1976-02-14,Usti,CZE,CZE,72,190,1994,QUE,4,9,87,
2010,Milan Jurcina,NYI,D,40,1983-06-07,Liptovsky Mikulas,SVK,SVK,76,253,2001,BOS,8,14,241,
2010,Milan Lucic,BOS,L,35,1988-06-07,Vancouver,BC,CAN,CAN,75,240,2006,BOS,2,20,50
2010,Milan Michalek,OTT,L,39,1984-12-07,Jindrichuv Hradec,CZE,CZE,74,225,2003,S.J,1,6,6,
2010,Nate Guenin,CBJ,D,41,1982-12-10,Aliquippa,PA,USA,USA,75,207,2002,NYR,4,31,127
2010,Nate Prosser,MIN,D,37,1986-05-07,Elk River,MN,USA,USA,74,201,-,-,-,-,-
2010,Nate Thompson,T.B,C,39,1984-10-05,Anchorage,AK,USA,USA,73,205,2003,BOS,6,16,183
2010,Nathan Gerbe,BUF,C,36,1987-07-24,Oxford,MI,USA,USA,64,176,2005,BUF,5,17,142
2010,Nathan Horton,BOS,R,38,1985-05-29,Welland,ON,CAN,CAN,74,188,2003,FLA,1,3,3
2010,Nathan Oystrick,STL,D,41,1982-12-17,Regina,SK,CAN,CAN,71,213,2002,ATL,7,1,198
2010,Nazem Kadri,TOR,C,33,1990-10-06,London,ON,CAN,CAN,72,185,2009,TOR,1,7,7
2010,Nick Bonino,ANA,C,35,1988-04-20,Hartford,CT,USA,USA,73,195,2007,S.J,6,22,173
2010,Nick Boynton,"CHI, PHI",D,45,1979-01-14,Nobleton,ON,CAN,CAN,73,218,1999,BOS,1,21,21
2010,Nick Drazenovic,STL,C,37,1987-01-14,Prince George,BC,CAN,CAN,72,192,2005,STL,6,9,171
2010,Nick Foligno,OTT,L,36,1987-10-31,Buffalo,NY,USA,USA,72,210,2006,OTT,1,28,28
2010,Nick Holden,CBJ,D,36,1987-05-15,St. Albert,AB,CAN,CAN,76,210,-,-,-,-,-
2010,Nick Johnson,PIT,R,38,1985-12-24,Calgary,AB,CAN,CAN,74,200,2004,PIT,3,2,67
2010,Nick Leddy,CHI,D,33,1991-03-20,Eden Prairie,MN,USA,USA,72,205,2009,MIN,1,16,16
2010,Nick Palmieri,N.J,R,34,1989-07-12,Utica,NY,USA,USA,75,220,2007,N.J,3,18,79
2010,Nick Schultz,MIN,D,41,1982-08-25,Strasbourg,SK,CAN,CAN,73,203,2000,MIN,2,3,33
2010,Nick Spaling,NSH,C,35,1988-09-19,Palmerston,ON,CAN,CAN,73,198,2007,NSH,2,28,58
2010,Nicklas Backstrom,WSH,C,36,1987-11-23,Gävle,SWE,SWE,73,202,2006,WSH,1,4,4,
2010,Nicklas Grossmann,DAL,D,39,1985-01-22,Stockholm,SWE,SWE,76,230,2004,DAL,2,26,56,
2010,Nicklas Lidstrom,DET,D,53,1970-04-28,Vasteras,SWE,SWE,73,192,1989,DET,3,11,53,
2010,Niclas Bergfors,"ATL, FLA",R,37,1987-03-07,Sodertalje,SWE,SWE,70,194,2005,N.J,1,23,23,
2010,Niclas Wallin,S.J,D,49,1975-02-20,Boden,SWE,SWE,75,220,2000,CAR,4,1,97,
2010,Nigel Dawes,"ATL, MTL",L,39,1985-02-09,Winnipeg,MB,CAN,CAN,69,200,2003,NYR,5,13,149
2010,Nik Antropov,ATL,C,44,1980-02-18,Ust-Kamenogorsk,KAZ,KAZ,78,245,1998,TOR,1,10,10,
2010,Nikita Filatov,CBJ,L,33,1990-05-25,Moscow,RUS,RUS,72,190,2008,CBJ,1,6,6,
2010,Nikita Nikitin,STL,D,37,1986-06-16,Omsk,RUS,RUS,76,217,2004,STL,5,7,136,
2010,Niklas Hagman,CGY,L,44,1979-12-05,Espoo,FIN,FIN,70,205,1999,FLA,3,4,70,
2010,Niklas Hjalmarsson,CHI,D,36,1987-06-06,Eksjo,SWE,SWE,75,197,2005,CHI,4,17,108,
2010,Niklas Kronwall,DET,D,43,1981-01-12,Stockholm,SWE,SWE,72,194,2000,DET,1,29,29,
2010,Nikolay Kulemin,TOR,L,37,1986-07-14,Magnitogorsk,RUS,RUS,73,228,2006,TOR,2,14,44,
2010,Nikolay Zherdev,PHI,R,39,1984-11-05,Kiev,UKR,RUS,74,203,2003,CBJ,1,4,4,
2010,Nino Niederreiter,NYI,R,31,1992-09-08,Chur,CHE,CHE,74,218,2010,NYI,1,5,5,
2010,Noah Welch,ATL,D,41,1982-08-26,Brighton,MA,USA,USA,76,215,2001,PIT,2,24,54
2010,Nolan Yonkman,PHX,D,43,1981-04-01,Punnichy,SK,CAN,CAN,78,247,1999,WSH,2,9,37
2010,Oliver Ekman-Larsson,PHX,D,32,1991-07-17,Karlskrona,SWE,SWE,74,200,2009,PHX,1,6,6,
2010,Olivier Magnan,N.J,D,37,1986-05-01,Sherbrooke,QC,CAN,CAN,74,210,2006,N.J,5,25,148
2010,Olli Jokinen,CGY,C,45,1978-12-05,Kuopio,FIN,FIN,74,210,1997,L.A,1,3,3,
2010,Oscar Moller,L.A,R,35,1989-01-22,Stockholm,SWE,SWE,70,189,2007,L.A,2,22,52,
2010,Oskars Bartulis,PHI,D,37,1987-01-21,Ogre,LVA,LVA,74,184,2005,PHI,3,30,91,
2010,P.K. Subban,MTL,D,34,1989-05-13,Toronto,ON,CAN,CAN,72,210,2007,MTL,2,13,43
2010,PA Parenteau,NYI,R,41,1983-03-24,Hull,QC,CAN,CAN,72,200,2001,ANA,9,5,264
2010,Pascal Dupuis,PIT,R,45,1979-04-07,Laval,QC,CAN,CAN,73,205,-,-,-,-,-
2010,Patric Hornqvist,NSH,R,37,1987-01-01,Sollentuna,SWE,SWE,71,189,2005,NSH,7,36,230,
2010,Patrice Bergeron,BOS,C,38,1985-07-24,Ancienne-Lorette,QC,CAN,CAN,73,196,2003,BOS,2,15,45
2010,Patrice Cormier,ATL,C,33,1990-06-14,Moncton,NB,CAN,CAN,74,215,2008,N.J,2,24,54
2010,Patrick Dwyer,CAR,R,40,1983-06-22,Spokane,WA,USA,USA,71,175,2002,ATL,4,20,116
2010,Patrick Eaves,DET,R,39,1984-05-01,Calgary,AB,CAN,USA,70,203,2003,OTT,1,29,29
2010,Patrick Kaleta,BUF,R,37,1986-06-08,Buffalo,NY,USA,USA,73,198,2004,BUF,6,13,176
2010,Patrick Kane,CHI,R,35,1988-11-19,Buffalo,NY,USA,USA,70,177,2007,CHI,1,1,1
2010,Patrick Marleau,S.J,"C, L",44,1979-09-15,Aneroid,SK,CAN,CAN,74,215,1997,S.J,1,2,2
2010,Patrick O'Sullivan,"CAR, MIN",C,39,1985-02-01,Toronto,ON,CAN,USA,71,189,2003,MIN,2,26,56
2010,Patrick Rissmiller,"ATL, FLA",L,45,1978-10-26,Belmont,MA,USA,USA,76,225,-,-,-,-,-
2010,Patrick Sharp,CHI,L,42,1981-12-27,Winnipeg,MB,CAN,CAN,73,200,2001,PHI,3,32,95
2010,Patrick Wiercioch,OTT,D,33,1990-09-12,Burnaby,BC,CAN,CAN,77,202,2008,OTT,2,12,42
2010,Patrik Berglund,STL,C,35,1988-06-02,Västerås,SWE,SWE,76,215,2006,STL,1,25,25,
2010,Patrik Elias,N.J,C,47,1976-04-13,Trebic,CZE,CZE,73,190,1994,N.J,2,25,51,
2010,Paul Bissonnette,PHX,L,39,1985-03-11,Welland,ON,CAN,CAN,74,216,2003,PIT,4,20,121
2010,Paul Byron,BUF,L,34,1989-04-27,Ottawa,ON,CAN,CAN,69,164,2007,BUF,6,28,179
2010,Paul Gaustad,BUF,C,42,1982-02-03,Fargo,ND,USA,USA,77,227,2000,BUF,7,23,220
2010,Paul Mara,"ANA, MTL",D,44,1979-09-07,Ridgewood,NJ,USA,USA,76,211,1997,T.B,1,7,7
2010,Paul Martin,PIT,D,43,1981-03-05,Minneapolis,MN,USA,USA,73,200,2000,N.J,2,32,62
2010,Paul Postma,ATL,D,35,1989-02-22,Red Deer,AB,CAN,CAN,75,195,2007,ATL,7,24,205
2010,Paul Stastny,COL,C,38,1985-12-27,Quebec City,QC,CAN,USA,72,193,2005,COL,2,14,44
2010,Pavel Datsyuk,DET,C,45,1978-07-20,Sverdlovsk,RUS,RUS,71,188,1998,DET,6,26,171,
2010,Pavel Kubina,T.B,D,46,1977-04-15,Celadna,CZE,CZE,76,258,1996,T.B,7,17,179,
2010,Peter Forsberg,COL,C,50,1973-07-20,Ornskoldsvik,SWE,SWE,72,205,1991,PHI,1,6,6,
2010,Peter Harrold,L.A,D,40,1983-06-08,Kirtland Hills,OH,USA,USA,71,180,-,-,-,-,-
2010,Peter Regin,OTT,C,37,1986-04-16,Herning,DNK,DNK,74,190,2004,OTT,3,22,87,
2010,Peter Schaefer,VAN,L,46,1977-07-12,Regina,SK,CAN,CAN,73,200,1995,VAN,3,14,66
2010,Petr Prucha,PHX,R,41,1982-09-14,Chrudim,CZE,CZE,72,175,2002,NYR,8,11,240,
2010,Phil Kessel,TOR,R,36,1987-10-02,Madison,WI,USA,USA,71,208,2006,BOS,1,5,5
2010,Philip Larsen,DAL,D,34,1989-12-07,Esbjerg,DNK,DNK,73,185,2008,DAL,5,28,149,
2010,Philip McRae,STL,C,34,1990-03-15,Minneapolis,MN,USA,USA,74,200,2008,STL,2,3,33
2010,Philippe Dupuis,COL,C,38,1985-04-24,Laval,QC,CAN,CAN,72,196,2003,CBJ,4,3,104
2010,Pierre-Luc Letourneau-Leblond,N.J,R,38,1985-06-04,Levis,QC,CAN,CAN,73,218,2004,N.J,7,23,216
2010,Pierre-Marc Bouchard,MIN,C,39,1984-04-27,Sherbrooke,QC,CAN,CAN,70,168,2002,MIN,1,8,8
2010,R.J. Umberger,CBJ,C,41,1982-05-03,Pittsburgh,PA,USA,USA,74,214,2001,VAN,1,16,16
2010,Radek Dvorak,"ATL, FLA",R,47,1977-03-09,Tabor,CZE,CZE,74,195,1995,FLA,1,10,10,
2010,Radek Martinek,NYI,D,47,1976-08-31,Havlickuv Brod,CZE,CZE,72,205,1999,NYI,8,13,228,
2010,Radim Vrbata,PHX,R,42,1981-06-13,Mlada Boleslav,CZE,CZE,73,194,1999,COL,7,26,212,
2010,Raffi Torres,VAN,L,42,1981-10-08,Toronto,ON,CAN,CAN,72,215,2000,NYI,1,5,5
2010,Raitis Ivanans,CGY,L,45,1979-01-03,Riga,LVA,LVA,76,231,-,-,-,-,-,
2010,Randy Jones,T.B,D,42,1981-07-23,Quispamsis,NB,CAN,CAN,74,210,-,-,-,-,-
2010,Ray Macias,COL,D,37,1986-09-18,Long Beach,CA,USA,USA,74,195,2005,COL,4,33,124
2010,Ray Whitney,PHX,L,51,1972-05-08,Fort Saskatchewan,AB,CAN,CAN,70,180,1991,S.J,2,1,23
2010,Raymond Sawada,DAL,R,39,1985-02-19,Richmond,BC,CAN,CAN,74,207,2004,DAL,2,22,52
2010,Rene Bourque,CGY,R,42,1981-12-10,Lac La Biche,AB,CAN,CAN,74,217,-,-,-,-,-
2010,Rhett Rakhshani,NYI,R,36,1988-03-06,Orange,CA,USA,USA,70,182,2006,NYI,4,7,100
2010,Rich Peverley,"ATL, BOS",C,41,1982-07-08,Kingston,ON,CAN,CAN,71,195,-,-,-,-,-
2010,Richard Petiot,EDM,D,41,1982-08-20,Daysland,AB,CAN,CAN,75,215,2001,L.A,4,20,116
2010,Rick Nash,CBJ,R,39,1984-06-16,Brampton,ON,CAN,CAN,76,211,2002,CBJ,1,1,1
2010,Rick Rypien,VAN,C,39,1984-05-16,Coleman,AB,CAN,CAN,71,190,-,-,-,-,-
2010,Rob Klinkhammer,CHI,L,37,1986-08-12,Lethbridge,AB,CAN,CAN,75,214,-,-,-,-,-
2010,Rob Niedermayer,BUF,C,49,1974-12-28,Cassiar,BC,CAN,CAN,74,203,1993,FLA,1,5,5
2010,Rob Schremp,"ATL, NYI",C,37,1986-07-01,Fulton,NY,USA,USA,71,200,2004,EDM,1,25,25
2010,Rob Scuderi,L.A,D,45,1978-12-30,Syosset,NY,USA,USA,73,216,1998,PIT,5,20,134
2010,Robbie Earl,MIN,L,38,1985-06-02,Chicago,IL,USA,USA,73,195,2004,TOR,6,24,187
2010,Robyn Regehr,CGY,D,43,1980-04-19,Recife,BRA,CAN,75,222,1998,COL,1,19,19,
2010,Rod Pelley,N.J,C,39,1984-09-01,Kitimat,BC,CAN,CAN,72,205,-,-,-,-,-
2010,Roman Hamrlik,MTL,D,49,1974-04-12,Zlin,CZE,CZE,74,206,1992,T.B,1,1,1,
2010,Roman Polak,STL,D,37,1986-04-28,Ostrava,CZE,CZE,74,240,2004,STL,6,17,180,
2010,Roman Wick,OTT,R,38,1985-12-30,Zuzwil,CHE,CHE,74,208,2004,OTT,5,27,156,
2010,Ron Hainsey,ATL,D,43,1981-03-24,Bolton,CT,USA,USA,75,201,2000,MTL,1,13,13
2010,Rostislav Klesla,"CBJ, PHX",D,42,1982-03-21,Novy Jicin,CZE,CZE,75,215,2000,CBJ,1,4,4,
2010,Rostislav Olesz,FLA,L,38,1985-10-10,Bilovec,CZE,CZE,74,215,2004,FLA,1,7,7,
2010,Ruslan Fedotenko,NYR,L,45,1979-01-18,Kiev,UKR,UKR,73,188,-,-,-,-,-,
2010,Ruslan Salei,DET,D,49,1974-11-02,Minsk,BLR,BLR,73,212,1996,ANA,1,9,9,
2010,Ryan Callahan,NYR,R,39,1985-03-21,Rochester,NY,USA,USA,70,187,2004,NYR,4,29,127
2010,Ryan Carter,"ANA, CAR, FLA",L,40,1983-08-03,White Bear Lake,MN,USA,USA,73,205,-,-,-,-,-
2010,Ryan Craig,PIT,C,42,1982-01-06,Abbotsford,BC,CAN,CAN,74,213,2002,T.B,8,26,255
2010,Ryan Getzlaf,ANA,C,38,1985-05-10,Regina,SK,CAN,CAN,76,220,2003,ANA,1,19,19
2010,Ryan Hollweg,PHX,L,40,1983-04-23,Downey,CA,USA,USA,70,212,2001,NYR,8,11,238
2010,Ryan Johnson,CHI,C,47,1976-06-14,Thunder Bay,ON,CAN,CAN,73,199,1994,FLA,2,10,36
2010,Ryan Jones,EDM,L,39,1984-06-14,Chatham,ON,CAN,CAN,73,208,2004,MIN,4,13,111
2010,Ryan Kesler,VAN,C,39,1984-08-31,Livonia,MI,USA,USA,74,206,2003,VAN,1,23,23
2010,Ryan Malone,T.B,L,44,1979-12-01,Pittsburgh,PA,USA,USA,76,224,1999,PIT,4,19,115
2010,Ryan McDonagh,NYR,D,34,1989-06-13,St. Paul,MN,USA,USA,73,215,2007,MTL,1,12,12
2010,Ryan O'Byrne,"COL, MTL",D,39,1984-07-19,Victoria,BC,CAN,CAN,77,234,2003,MTL,3,11,79
2010,Ryan O'Marra,EDM,C,36,1987-06-09,Tokyo,JPN,CAN,74,220,2005,NYI,1,15,15,
2010,Ryan O'Reilly,COL,C,33,1991-02-07,Clinton,ON,CAN,CAN,73,207,2009,COL,2,3,33
2010,Ryan Parent,VAN,D,37,1987-03-17,Prince Albert,SK,CAN,CAN,75,198,2005,NSH,1,18,18
2010,Ryan Potulny,"CHI, OTT",C,39,1984-09-05,Grand Forks,ND,USA,USA,72,182,2003,PHI,3,19,87
2010,Ryan Reaves,STL,R,37,1987-01-20,Winnipeg,MB,CAN,CAN,74,225,2005,STL,5,31,156
2010,Ryan Shannon,OTT,R,41,1983-03-02,Darien,CT,USA,USA,69,175,-,-,-,-,-
2010,Ryan Smyth,L.A,L,48,1976-02-21,Banff,AB,CAN,CAN,74,191,1994,EDM,1,6,6
2010,Ryan Stoa,COL,C,36,1987-04-13,Bloomington,MN,USA,USA,75,200,2005,COL,2,4,34
2010,Ryan Suter,NSH,D,39,1985-01-21,Madison,WI,USA,USA,73,205,2003,NSH,1,7,7
2010,Ryan White,MTL,C,36,1988-03-17,Brandon,MB,CAN,CAN,72,200,2006,MTL,3,3,66
2010,Ryan Whitney,EDM,D,41,1983-02-19,Boston,MA,USA,USA,76,209,2002,PIT,1,5,5
2010,Ryan Wilson,COL,D,37,1987-02-03,Windsor,ON,CAN,CAN,73,210,-,-,-,-,-
2010,Ryane Clowe,S.J,L,41,1982-09-30,St. John's,NL,CAN,CAN,75,188,2001,S.J,6,10,175
2010,Saku Koivu,ANA,C,49,1974-11-23,Turku,FIN,FIN,70,181,1993,MTL,1,21,21,
2010,Sam Gagner,EDM,C,34,1989-08-10,London,ON,CAN,CAN,71,201,2007,EDM,1,6,6
2010,Sami Lepisto,"CBJ, PHX",D,39,1984-10-17,Espoo,FIN,FIN,73,193,2004,WSH,3,1,66,
2010,Sami Salo,VAN,D,49,1974-09-02,Turku,FIN,FIN,75,215,1996,OTT,9,24,239,
2010,Samuel Pahlsson,CBJ,C,46,1977-12-17,Ange,SWE,SWE,72,202,1996,COL,7,14,176,
2010,Scott Gomez,MTL,C,44,1979-12-23,Anchorage,AK,USA,USA,71,200,1998,N.J,1,27,27
2010,Scott Hannan,"COL, WSH",D,45,1979-01-23,Richmond,BC,CAN,CAN,73,215,1997,S.J,1,23,23
2010,Scott Hartnell,PHI,L,41,1982-04-18,Regina,SK,CAN,CAN,74,215,2000,NSH,1,6,6
2010,Scott Nichol,S.J,C,49,1974-12-31,Edmonton,AB,CAN,CAN,68,179,1993,BUF,11,12,272
2010,Scott Parse,L.A,L,39,1984-09-05,Portage,MI,USA,USA,71,189,2004,L.A,6,11,174
2010,Scott Timmins,FLA,C,34,1989-09-11,Hamilton,ON,CAN,CAN,71,191,2009,FLA,6,14,165
2010,Scottie Upshall,"CBJ, PHX",R,40,1983-10-07,Fort McMurray,AB,CAN,CAN,72,200,2002,NSH,1,6,6
2010,Sean Avery,NYR,L,43,1980-04-10,North York,ON,CAN,CAN,70,195,-,-,-,-,-
2010,Sean Bergenheim,T.B,L,40,1984-02-08,Helsinki,FIN,FIN,71,201,2002,NYI,1,22,22,
2010,Sean Collins,WSH,D,40,1983-10-30,Troy,MI,USA,USA,73,205,-,-,-,-,-
2010,Sean O'Donnell,PHI,D,52,1971-10-13,Ottawa,ON,CAN,CAN,74,238,1991,BUF,6,13,123
2010,Sergei Gonchar,OTT,D,49,1974-04-13,Chelyabinsk,RUS,RUS,74,210,1992,WSH,1,14,14,
2010,Sergei Kostitsyn,NSH,L,37,1987-03-20,Novopolotsk,BLR,BLR,72,196,2005,MTL,7,6,200,
2010,Sergei Samsonov,"CAR, FLA",L,45,1978-10-27,Moscow,RUS,RUS,68,188,1997,BOS,1,8,8,
2010,Sergei Shirokov,VAN,L,38,1986-03-10,Moscow,RUS,RUS,70,195,2006,VAN,6,10,163,
2010,Shane Doan,PHX,R,47,1976-10-10,Halkirk,AB,CAN,CAN,73,223,1995,WIN,1,7,7
2010,Shane Hnidy,BOS,D,48,1975-11-08,Neepawa,MB,CAN,CAN,74,204,1994,BUF,7,17,173
2010,Shane O'Brien,NSH,D,40,1983-08-09,Port Hope,ON,CAN,CAN,75,230,2003,ANA,8,21,250
2010,Shane Sims,NYI,D,35,1988-04-30,East Amherst,NY,USA,USA,73,195,2006,NYI,5,3,126
2010,Shaone Morrisonn,BUF,D,41,1982-12-23,Vancouver,BC,CAN,CAN,76,210,2001,BOS,1,19,19
2010,Shawn Belle,"COL, EDM",D,39,1985-01-03,Edmonton,AB,CAN,CAN,73,235,2003,STL,1,30,30
2010,Shawn Horcoff,EDM,C,45,1978-09-17,Trail,BC,CAN,CAN,73,210,1998,EDM,4,13,99
2010,Shawn Matthias,FLA,L,36,1988-02-19,Mississauga,ON,CAN,CAN,76,231,2006,DET,2,17,47
2010,Shawn Thornton,BOS,L,46,1977-07-23,Oshawa,ON,CAN,CAN,74,217,1997,TOR,7,29,190
2010,Shea Weber,NSH,D,38,1985-08-14,Sicamous,BC,CAN,CAN,76,230,2003,NSH,2,19,49
2010,Sheldon Brookbank,ANA,D,43,1980-10-03,Lanigan,SK,CAN,CAN,73,202,-,-,-,-,-
2010,Sidney Crosby,PIT,C,36,1987-08-07,Cole Harbour,NS,CAN,CAN,71,200,2005,PIT,1,1,1
2010,Simon Gagne,T.B,L,44,1980-02-29,Ste. Foy,QC,CAN,CAN,73,195,1998,PHI,1,22,22
2010,Spencer Machacek,ATL,R,35,1988-10-14,Lethbridge,AB,CAN,CAN,73,200,2007,ATL,3,6,67
2010,Stefan Della Rovere,STL,L,34,1990-02-25,Richmond Hill,ON,CAN,CAN,71,205,2008,WSH,7,23,204
2010,Stefan Meyer,CGY,L,38,1985-07-20,Medicine Hat,AB,CAN,CAN,74,200,2003,FLA,2,25,55
2010,Stephane Da Costa,OTT,C,34,1989-07-11,Paris,FRA,FRA,71,180,-,-,-,-,-,
2010,Stephane Robidas,DAL,D,47,1977-03-03,Sherbrooke,QC,CAN,CAN,71,190,1995,MTL,7,8,164
2010,Stephen Gionta,N.J,R,40,1983-10-09,Rochester,NY,USA,USA,67,177,-,-,-,-,-
2010,Stephen Weiss,FLA,C,41,1983-04-03,Toronto,ON,CAN,CAN,71,190,2001,FLA,1,4,4
2010,Steve Begin,NSH,L,45,1978-06-14,Trois-Rivieres,QC,CAN,CAN,72,192,1996,CGY,2,14,40
2010,Steve Bernier,FLA,R,39,1985-03-31,Quebec City,QC,CAN,CAN,75,222,2003,S.J,1,16,16
2010,Steve Downie,T.B,R,37,1987-04-03,Newmarket,ON,CAN,CAN,71,191,2005,PHI,1,29,29
2010,Steve Eminger,NYR,D,40,1983-10-31,Woodbridge,ON,CAN,CAN,74,207,2002,WSH,1,12,12
2010,Steve MacIntyre,EDM,L,43,1980-08-08,Brock,SK,CAN,CAN,77,250,-,-,-,-,-
2010,Steve Montador,BUF,D,44,1979-12-21,Vancouver,BC,CAN,CAN,72,210,-,-,-,-,-
2010,Steve Ott,DAL,C,41,1982-08-19,Summerside,PE,CAN,CAN,72,193,2000,DAL,1,25,25
2010,Steve Reinprecht,FLA,C,47,1976-05-07,Edmonton,AB,CAN,CAN,72,188,-,-,-,-,-
2010,Steve Staios,CGY,D,50,1973-07-28,Hamilton,ON,CAN,CAN,73,200,1991,STL,2,5,27
2010,Steve Sullivan,NSH,L,49,1974-07-06,Timmins,ON,CAN,CAN,69,165,1994,N.J,9,25,233
2010,Steven Kampfer,BOS,D,35,1988-09-24,Ann Arbor,MI,USA,USA,71,198,2007,ANA,4,2,93
2010,Steven Stamkos,T.B,C,34,1990-02-07,Markham,ON,CAN,CAN,72,182,2008,T.B,1,1,1
2010,T.J. Hensick,STL,C,38,1985-12-10,Lansing,MI,USA,USA,70,190,2005,COL,3,27,88
2010,T.J. Oshie,STL,R,37,1986-12-23,Everett,WA,USA,USA,72,187,2005,STL,1,24,24
2010,TJ Brodie,CGY,D,33,1990-06-07,Chatham,ON,CAN,CAN,74,187,2008,CGY,4,23,114
2010,TJ Galiardi,COL,L,35,1988-04-22,Calgary,AB,CAN,CAN,74,185,2007,COL,2,25,55
2010,Tanner Glass,VAN,L,40,1983-11-29,Regina,SK,CAN,CAN,73,213,2003,FLA,9,4,265
2010,Taylor Chorney,EDM,D,36,1987-04-27,Thunder Bay,ON,CAN,USA,72,193,2005,EDM,2,6,36
2010,Taylor Hall,EDM,L,32,1991-11-14,Calgary,AB,CAN,CAN,73,210,2010,EDM,1,1,1
2010,Taylor Pyatt,PHX,L,42,1981-08-19,Thunder Bay,ON,CAN,CAN,76,230,1999,NYI,1,8,8
2010,Teddy Purcell,T.B,L,38,1985-09-08,St. John's,NL,CAN,CAN,74,195,-,-,-,-,-
2010,Teemu Hartikainen,EDM,C,33,1990-05-03,Kuopio,FIN,FIN,73,214,2008,EDM,6,12,163,
2010,Teemu Laakso,NSH,D,36,1987-08-27,Tuusula,FIN,FIN,73,215,2005,NSH,3,17,78,
2010,Teemu Selanne,ANA,R,53,1970-07-03,Helsinki,FIN,FIN,72,209,1988,WIN,1,10,10,
2010,Theo Peckham,EDM,D,36,1987-11-10,Richmond Hill,ON,CAN,CAN,74,246,2006,EDM,3,12,75
2010,Thomas Vanek,BUF,L,40,1984-01-19,Vienna,AUT,AUT,74,214,2003,BUF,1,5,5,
2010,Tim Brent,TOR,C,40,1984-03-10,Cambridge,CAN,CAN,72,188,2004,ANA,3,10,75,
2010,Tim Connolly,BUF,C,42,1981-05-07,Syracuse,NY,USA,USA,73,190,1999,NYI,1,5,5
2010,Tim Gleason,CAR,D,41,1983-01-29,Clawson,MI,USA,USA,72,217,2001,OTT,1,23,23
2010,Tim Jackman,CGY,R,42,1981-11-14,Minot,ND,USA,USA,74,188,2001,CBJ,2,8,38
2010,Tim Kennedy,FLA,L,37,1986-04-30,Buffalo,NY,USA,USA,70,175,2005,WSH,6,19,181
2010,Tim Sestito,N.J,L,39,1984-08-28,Rome,NY,USA,USA,71,195,-,-,-,-,-
2010,Tim Stapleton,ATL,C,41,1982-07-19,Forest Park,IL,USA,USA,69,180,-,-,-,-,-
2010,Tim Wallace,PIT,R,39,1984-08-06,Anchorage,AK,USA,USA,73,207,-,-,-,-,-
2010,Toby Enstrom,ATL,D,39,1984-11-05,Nordingra,SWE,SWE,70,180,2003,ATL,8,10,239,
2010,Toby Petersen,DAL,C,45,1978-10-27,Minneapolis,MN,USA,USA,70,195,1998,PIT,9,16,244
2010,Todd Bertuzzi,DET,R,49,1975-02-02,Sudbury,ON,CAN,CAN,75,229,1993,NYI,1,23,23
2010,Todd Marchant,ANA,C,50,1973-08-12,Buffalo,NY,USA,USA,70,180,1993,NYR,7,8,164
2010,Todd White,NYR,C,48,1975-05-21,Kanata,ON,CAN,CAN,70,198,-,-,-,-,-
2010,Tom Gilbert,EDM,D,41,1983-01-10,Bloomington,MN,USA,USA,74,210,2002,COL,4,33,129
2010,Tom Kostopoulos,"CAR, CGY",R,45,1979-01-24,Mississauga,ON,CAN,CAN,72,197,1999,PIT,7,18,204
2010,Tom Poti,WSH,D,47,1977-03-22,Worcester,MA,USA,USA,75,190,1996,EDM,3,7,59
2010,Tom Pyatt,MTL,L,37,1987-02-14,Thunder Bay,ON,CAN,CAN,71,185,2005,NYR,4,16,107
2010,Tom Sestito,CBJ,L,36,1987-09-28,Rome,NY,USA,USA,77,228,2006,CBJ,3,22,85
2010,Tom Wandell,DAL,C,37,1987-01-29,Sodertalje,SWE,SWE,73,200,2005,DAL,5,21,146,
2010,Tomas Fleischmann,"COL, WSH",L,39,1984-05-16,Koprivnice,CZE,CZE,73,192,2002,DET,2,33,63,
2010,Tomas Holmstrom,DET,L,51,1973-01-23,Pitea,SWE,SWE,72,200,1994,DET,10,23,257,
2010,Tomas Kaberle,"BOS, TOR",D,46,1978-03-02,Rakovnik,CZE,CZE,73,212,1996,TOR,8,15,204,
2010,Tomas Kopecky,CHI,R,42,1982-02-05,Ilava,SVK,SVK,75,210,2000,DET,2,8,38,
2010,Tomas Kubalik,CBJ,R,33,1990-05-01,Plzen,CZE,CZE,74,212,2008,CBJ,5,14,135,
2010,Tomas Plekanec,MTL,C,41,1982-10-31,Kladno,CZE,CZE,71,190,2001,MTL,3,8,71,
2010,Tomas Tatar,DET,L,33,1990-12-01,Ilava,SVK,SVK,70,173,2009,DET,2,30,60,
2010,Tomas Vincour,DAL,C,33,1990-11-19,Brno,CZE,CZE,74,204,2009,DAL,5,8,129,
2010,Tommy Wingels,S.J,C,35,1988-04-12,Evanston,IL,USA,USA,72,200,2008,S.J,6,26,177
2010,Toni Lydman,ANA,D,46,1977-09-25,Lahti,FIN,FIN,74,213,1996,CGY,4,9,89,
2010,Torrey Mitchell,S.J,C,39,1985-01-30,Greenfield Park,QC,CAN,CAN,71,186,2004,S.J,4,28,126
2010,Travis Hamonic,NYI,D,33,1990-08-16,St. Malo,MB,CAN,CAN,73,200,2008,NYI,2,23,53
2010,Travis Moen,MTL,L,42,1982-04-06,Stewart Valley,SK,CAN,CAN,74,215,2000,CGY,5,25,155
2010,Travis Morin,DAL,C,40,1984-01-09,Minneapolis,MN,USA,USA,73,200,2004,WSH,9,5,263
2010,Travis Zajac,N.J,C,38,1985-05-13,Winnipeg,MB,CAN,CAN,74,185,2004,N.J,1,20,20
2010,Trent Hunter,NYI,R,43,1980-07-05,Red Deer,AB,CAN,CAN,75,217,1998,ANA,6,5,150
2010,Trevor Daley,DAL,D,40,1983-10-09,Toronto,ON,CAN,CAN,71,199,2002,DAL,2,13,43
2010,Trevor Gillies,NYI,L,45,1979-01-30,Cambridge,ON,CAN,CAN,75,231,-,-,-,-,-
2010,Trevor Lewis,L.A,C,37,1987-01-08,Salt Lake City,UT,USA,USA,73,201,2006,L.A,1,17,17
2010,Troy Bodie,"ANA, CAR",R,39,1985-01-25,Portage La Prairie,MB,CAN,CAN,77,226,2003,EDM,9,17,278
2010,Troy Brouwer,CHI,R,38,1985-08-17,Vancouver,BC,CAN,CAN,75,213,2004,CHI,7,21,214
2010,Tuomo Ruutu,CAR,L,41,1983-02-16,Vantaa,FIN,FIN,72,200,2001,CHI,1,9,9,
2010,Ty Wishart,NYI,D,35,1988-05-19,Belleville,ON,CAN,CAN,76,225,2006,S.J,1,16,16
2010,Tyler Bozak,TOR,C,38,1986-03-19,Regina,SK,CAN,CAN,73,187,-,-,-,-,-
2010,Tyler Eckford,N.J,D,38,1985-09-08,Vancouver,BC,CAN,CAN,73,225,2004,N.J,7,24,217
2010,Tyler Ennis,BUF,"C, L",34,1989-10-06,Edmonton,AB,CAN,CAN,69,160,2008,BUF,1,26,26
2010,Tyler Kennedy,PIT,C,37,1986-07-15,Sault Ste. Marie,ON,CAN,CAN,71,185,2004,PIT,4,1,99
2010,Tyler Myers,BUF,D,34,1990-02-01,Houston,TX,USA,CAN,80,229,2008,BUF,1,12,12
2010,Tyler Seguin,BOS,C,32,1992-01-31,Brampton,ON,CAN,CAN,73,205,2010,BOS,1,2,2
2010,Tyler Sloan,WSH,D,43,1981-03-15,Calgary,AB,CAN,CAN,76,214,-,-,-,-,-
2010,Tyson Strachan,STL,D,39,1984-10-30,Melfort,SK,CAN,CAN,75,210,2003,CAR,5,1,137
2010,Valtteri Filppula,DET,C,40,1984-03-20,Vantaa,FIN,FIN,72,189,2002,DET,3,32,95,
2010,Vernon Fiddler,PHX,C,43,1980-05-09,Edmonton,AB,CAN,CAN,71,205,-,-,-,-,-
2010,Victor Hedman,T.B,D,33,1990-12-18,Ornskoldsvik,SWE,SWE,79,244,2009,T.B,1,2,2,
2010,Victor Oreskovich,VAN,R,37,1986-08-15,Whitby,ON,CAN,CAN,75,215,2004,COL,2,25,55
2010,Viktor Stalberg,CHI,L,38,1986-01-17,Gothenburg,SWE,SWE,75,209,2006,TOR,6,8,161,
2010,Ville Leino,PHI,L,40,1983-10-06,Savonlinna,FIN,FIN,73,182,-,-,-,-,-,
2010,Vincent Lecavalier,T.B,C,43,1980-04-21,Ile Bizard,QC,CAN,CAN,76,215,1998,T.B,1,1,1
2010,Vinny Prospal,NYR,L,49,1975-02-17,Ceské Budejovice,CZE,CZE,74,191,1993,PHI,3,19,71,
2010,Vladimir Sobotka,STL,L,36,1987-07-02,Trebic,CZE,CZE,70,191,2005,BOS,4,15,106,
2010,Vladimir Zharkov,N.J,R,36,1988-01-10,Elektrostal,RUS,RUS,73,205,2006,N.J,3,14,77,
2010,Wade Belak,NSH,R,47,1976-07-03,Saskatoon,SK,CAN,CAN,77,222,1994,QUE,1,12,12
2010,Warren Peters,MIN,C,41,1982-07-10,Saskatoon,SK,CAN,CAN,72,195,-,-,-,-,-
2010,Wayne Simmonds,L.A,R,35,1988-08-26,Scarborough,ON,CAN,CAN,74,184,2007,L.A,2,31,61
2010,Willie Mitchell,L.A,D,46,1977-04-23,Port McNeill,BC,CAN,CAN,75,210,1996,N.J,8,10,199
2010,Wojtek Wolski,"NYR, PHX",L,38,1986-02-24,Zabrze,POL,CAN,75,215,2004,COL,1,21,21,
2010,Yann Sauve,VAN,D,34,1990-02-18,Montreal,QC,CAN,CAN,75,209,2008,VAN,2,11,41
2010,Yannick Weber,MTL,D,35,1988-09-23,Morges,CHE,CHE,71,200,2007,MTL,3,12,73,
2010,Zac Dalpe,CAR,C,34,1989-11-01,Paris,ON,CAN,CAN,74,197,2008,CAR,2,15,45
2010,Zach Bogosian,ATL,D,33,1990-07-15,Massena,NY,USA,USA,74,222,2008,ATL,1,3,3
2010,Zach Boychuk,CAR,L,34,1989-10-04,Airdrie,AB,CAN,CAN,70,185,2008,CAR,1,14,14
2010,Zach Hamill,BOS,C,35,1988-09-23,Vancouver,BC,CAN,CAN,71,180,2007,BOS,1,8,8
2010,Zach Parise,N.J,L,39,1984-07-28,Minneapolis,MN,USA,USA,71,195,2003,N.J,1,17,17
2010,Zack Smith,OTT,C,36,1988-04-05,Maple Creek,SK,CAN,CAN,74,208,2008,OTT,3,18,79
2010,Zack Stortini,EDM,R,38,1985-09-11,Elliot Lake,ON,CAN,CAN,74,219,2003,EDM,3,26,94
2010,Zbynek Michalek,PIT,D,41,1982-12-23,Jindrichuv Hradec,CZE,CZE,74,210,-,-,-,-,-,
2010,Zdeno Chara,BOS,D,47,1977-03-18,Trencin,SVK,SVK,81,250,1996,NYI,3,4,56,
2010,Zenon Konopka,NYI,C,43,1981-01-02,Niagara on the Lake,ON,CAN,CAN,72,213,-,-,-,-,-
