Year,Player,Team,Position,Age,Date of Birth,Birth City,Birth State/Province,Birth Country,Nationality,Height (in),Weight (lbs),Draft Year,Draft Team,Draft Round,Round Pick,Overall Draft Position
2008,Aaron Downey,DET,R,49,1974-08-27,Shelburne,ON,CAN,CAN,73,215,-,-,-,-,-
2008,Aaron Johnson,CHI,D,40,1983-04-30,Port Hawkesbury,NS,CAN,CAN,73,204,2001,CBJ,3,22,85
2008,Aaron MacKenzie,COL,D,43,1981-03-07,Terrace bay,ON,CAN,CAN,73,195,-,-,-,-,-
2008,Aaron Rome,CBJ,D,40,1983-09-27,Nesbitt,MB,CAN,CAN,73,220,2002,L.A,4,8,104
2008,Aaron Voros,NYR,L,42,1981-07-02,Vancouver,BC,CAN,CAN,74,210,2001,N.J,8,2,229
2008,Aaron Ward,BOS,D,51,1973-01-17,Windsor,ON,CAN,CAN,74,209,1991,WIN,1,5,5
2008,Adam Burish,CHI,R,41,1983-01-06,Madison,WI,USA,USA,73,195,2002,CHI,9,22,282
2008,Adam Foote,COL,D,52,1971-07-10,Toronto,ON,CAN,CAN,74,220,1989,QUE,2,1,22
2008,Adam Hall,T.B,R,43,1980-08-14,Kalamazoo,MI,USA,USA,74,212,1999,NSH,2,24,52
2008,Adam Mair,BUF,C,45,1979-02-15,Hamilton,ON,CAN,CAN,73,208,1997,TOR,4,4,84
2008,Adam Pardy,CGY,D,40,1984-03-29,Bonavista,NL,CAN,CAN,76,227,2004,CGY,6,10,173
2008,Adrian Aucoin,CGY,D,50,1973-07-03,Ottawa,ON,CAN,CAN,74,215,1992,VAN,5,21,117
2008,Ales Hemsky,EDM,R,40,1983-08-13,Pardubice,CZE,CZE,72,177,2001,EDM,1,13,13,
2008,Ales Kotalik,"BUF, EDM",R,45,1978-12-23,Jindrichuv Hradec,CZE,CZE,73,225,1998,BUF,6,19,164,
2008,Alex Frolov,L.A,L,41,1982-06-19,Moscow,RUS,RUS,74,210,2000,L.A,1,20,20,
2008,Alex Goligoski,PIT,D,38,1985-07-30,Grand Rapids,MN,USA,USA,71,173,2004,PIT,2,31,61
2008,Alex Henry,MTL,D,44,1979-10-18,Elliot Lake,ON,CAN,CAN,78,231,1998,EDM,3,9,67
2008,Alex Kovalev,MTL,R,51,1973-02-24,Togliatti,RUS,RUS,74,222,1991,NYR,1,15,15,
2008,Alex Ovechkin,WSH,L,38,1985-09-17,Moscow,RUS,RUS,75,238,2004,WSH,1,1,1,
2008,Alex Pietrangelo,STL,D,34,1990-01-18,King City,ON,CAN,CAN,75,215,2008,STL,1,4,4
2008,Alex Tanguay,MTL,L,44,1979-11-21,Ste-Justine,QC,CAN,CAN,73,194,1998,COL,1,12,12
2008,Alexander Edler,VAN,D,37,1986-04-21,Ostersund,SWE,SWE,76,210,2004,VAN,3,26,91,
2008,Alexander Nikulin,PHX,C,38,1985-08-25,Perm,RUS,RUS,73,198,2004,OTT,4,24,122,
2008,Alexander Semin,WSH,R,40,1984-03-03,Krasnojarsk,RUS,RUS,74,211,2002,WSH,1,13,13,
2008,Alexander Steen,"STL, TOR",L,40,1984-03-01,Winnipeg,MB,CAN,SWE,72,211,2002,TOR,1,24,24
2008,Alexander Sulzer,NSH,D,39,1984-05-30,Kaufbeuren,DEU,DEU,73,198,2003,NSH,3,24,92,
2008,Alexandre Bolduc,VAN,C,38,1985-06-26,Montreal,QC,CAN,CAN,75,200,2003,STL,4,26,127
2008,Alexandre Burrows,VAN,L,42,1981-04-11,Pincourt,QC,CAN,CAN,73,197,-,-,-,-,-
2008,Alexandre Giroux,WSH,L,42,1981-06-16,Quebec City,QC,CAN,CAN,75,208,1999,OTT,7,27,213
2008,Alexandre Picard,OTT,D,38,1985-07-05,Gatineau,QC,CAN,CAN,75,215,2003,PHI,3,17,85
2008,Alexandre Picard,CBJ,L,38,1985-10-09,Les Saules,QC,CAN,CAN,74,206,2004,CBJ,1,8,8
2008,Alexei Ponikarovsky,TOR,L,43,1980-04-09,Kiev,UKR,UKR,76,225,1998,TOR,4,1,87,
2008,Alexei Semenov,S.J,D,42,1981-04-10,Murmansk,RUS,RUS,78,245,1999,EDM,2,8,36,
2008,Andre Deveaux,TOR,C,40,1984-02-23,Freeport,BHS,BHS,75,239,2002,MTL,6,16,182,
2008,Andre Roy,CGY,R,49,1975-02-08,Port Chester,NY,USA,USA,76,229,1994,BOS,6,21,151
2008,Andreas Lilja,DET,D,48,1975-07-13,Helsingborg,SWE,SWE,75,220,2000,L.A,2,24,54,
2008,Andreas Nodl,PHI,R,37,1987-02-28,Vienna,AUT,AUT,73,196,2006,PHI,2,9,39,
2008,Andrei Kostitsyn,MTL,L,39,1985-02-03,Novopolotsk,BLR,BLR,72,214,2003,MTL,1,10,10,
2008,Andrei Markov,MTL,D,45,1978-12-20,Voskresensk,RUS,RUS,72,200,1998,MTL,6,17,162,
2008,Andrej Meszaros,T.B,D,38,1985-10-13,Povaská Bystrica,SVK,SVK,74,223,2004,OTT,1,23,23,
2008,Andrej Sekera,BUF,D,37,1986-06-08,Bojnice,SVK,SVK,72,200,2004,BUF,3,6,71,
2008,Andrew Alberts,PHI,D,42,1981-06-30,Minneapolis,MN,USA,USA,77,218,2001,BOS,6,14,179
2008,Andrew Brunette,MIN,L,50,1973-08-24,Sudbury,ON,CAN,CAN,73,215,1993,WSH,7,18,174
2008,Andrew Cogliano,EDM,L,36,1987-06-14,Toronto,ON,CAN,CAN,70,179,2005,EDM,1,25,25
2008,Andrew Ebbett,ANA,C,41,1983-01-02,Vernon,BC,CAN,CAN,69,174,-,-,-,-,-
2008,Andrew Ference,BOS,D,45,1979-03-17,Edmonton,AB,CAN,CAN,71,182,1997,PIT,8,18,208
2008,Andrew Gordon,WSH,R,38,1985-12-13,Porters Lake,NS,CAN,CAN,72,194,2004,WSH,7,4,197
2008,Andrew Hutchinson,"DAL, T.B",D,44,1980-03-24,Evanston,IL,USA,USA,74,195,1999,NSH,2,26,54
2008,Andrew Ladd,CHI,L,38,1985-12-12,Maple Ridge,BC,CAN,CAN,75,205,2004,CAR,1,4,4
2008,Andrew MacDonald,NYI,D,37,1986-09-07,Judique,NS,CAN,CAN,73,204,2006,NYI,6,7,160
2008,Andrew Murray,CBJ,C,42,1981-11-06,Selkirk,MB,CAN,CAN,74,210,2001,CBJ,8,15,242
2008,Andrew Peters,BUF,L,43,1980-05-05,St. Catharines,ON,CAN,CAN,76,240,1998,BUF,2,7,34
2008,Andy Greene,N.J,D,41,1982-10-30,Trenton,MI,USA,USA,71,190,-,-,-,-,-
2008,Andy Hilbert,NYI,L,43,1981-02-06,Howell,MI,USA,USA,70,188,2000,BOS,2,7,37
2008,Andy McDonald,STL,L,46,1977-08-25,Strathroy,ON,CAN,CAN,70,175,-,-,-,-,-
2008,Andy Sutton,NYI,D,49,1975-03-10,Kingston,ON,CAN,CAN,78,245,-,-,-,-,-
2008,Andy Wozniewski,STL,D,43,1980-05-25,Buffalo Grove,IL,USA,USA,77,225,-,-,-,-,-
2008,Anssi Salmela,"ATL, N.J",D,39,1984-08-13,Nokia,FIN,FIN,73,200,-,-,-,-,-,
2008,Anthony Stewart,FLA,R,39,1985-01-05,LaSalle,QC,CAN,CAN,75,230,2003,FLA,1,25,25
2008,Antoine Vermette,"CBJ, OTT",C,41,1982-07-20,St. Agapit,QC,CAN,CAN,73,197,2000,OTT,2,25,55
2008,Anton Babchuk,CAR,D,39,1984-05-06,Kiev,UKR,UKR,77,200,2002,CHI,1,21,21,
2008,Anton Stralman,TOR,D,37,1986-08-01,Tibro,SWE,SWE,71,193,2005,TOR,7,22,216,
2008,Anton Volchenkov,OTT,D,42,1982-02-25,Moscow,RUS,RUS,73,220,2000,OTT,1,21,21,
2008,Antti Miettinen,MIN,R,43,1980-07-03,Hämeenlinna,FIN,FIN,72,190,2000,DAL,7,27,224,
2008,Antti Pihlstrom,NSH,L,39,1984-10-22,Vantaa,FIN,FIN,71,190,-,-,-,-,-,
2008,Anze Kopitar,L.A,C,36,1987-08-24,Jesenice,SVN,SVN,75,225,2005,L.A,1,11,11,
2008,Arron Asham,PHI,R,45,1978-04-13,Portage La Prairie,MB,CAN,CAN,71,210,1996,MTL,3,19,71
2008,Artem Anisimov,NYR,C,35,1988-05-24,Yaroslavl,RUS,RUS,76,199,2006,NYR,2,24,54,
2008,B.J. Crombeen,"DAL, STL",R,38,1985-07-10,Denver,CO,USA,USA,74,209,2003,DAL,2,24,54
2008,Barret Jackman,STL,D,43,1981-03-05,Trail,BC,CAN,CAN,72,203,1999,STL,1,17,17
2008,Barry Tallackson,N.J,R,40,1983-04-14,Grafton,ND,USA,USA,77,215,2002,N.J,2,23,53
2008,Ben Eager,CHI,L,40,1984-01-22,Ottawa,ON,CAN,CAN,74,226,2002,PHX,1,23,23
2008,Ben Guite,COL,R,45,1978-07-17,Montreal,QC,CAN,CAN,73,210,1997,MTL,7,11,172
2008,Ben Lovejoy,PIT,D,40,1984-02-20,Concord,NH,USA,USA,73,205,-,-,-,-,-
2008,Ben Maxwell,MTL,C,36,1988-03-30,North Vancouver,BC,CAN,CAN,73,195,2006,MTL,2,19,49
2008,Ben Ondrus,TOR,R,41,1982-06-25,Sherwood Park,AB,CAN,CAN,71,208,-,-,-,-,-
2008,Ben Walter,NYI,C,39,1984-05-11,Beaconsfield,QC,CAN,CAN,73,190,2004,BOS,5,31,160
2008,Benoit Pouliot,MIN,L,37,1986-09-29,Alfred,ON,CAN,CAN,75,200,2005,MIN,1,4,4
2008,Bill Guerin,"NYI, PIT",R,53,1970-11-09,Worcester,MA,USA,USA,74,220,1989,N.J,1,5,5
2008,Bill Thomas,PIT,R,40,1983-06-20,Pittsburgh,PA,USA,USA,73,185,-,-,-,-,-
2008,Blair Betts,NYR,C,44,1980-02-16,Edmonton,AB,CAN,CAN,75,210,1998,CGY,2,6,33
2008,Blake Comeau,NYI,L,38,1986-02-18,Meadow Lake,SK,CAN,CAN,73,200,2004,NYI,2,17,47
2008,Blake Wheeler,BOS,R,37,1986-08-31,Plymouth,MN,USA,USA,77,220,2004,PHX,1,5,5
2008,Bobby Holik,N.J,C,53,1971-01-01,Jihlava,CZE,CZE,76,230,1989,HFD,1,10,10,
2008,Bobby Ryan,ANA,R,37,1987-03-17,Cherry Hill,NJ,USA,USA,74,208,2005,ANA,1,2,2
2008,Boris Valabik,ATL,D,38,1986-02-14,Nitra,SVK,SVK,79,255,2004,ATL,1,10,10,
2008,Boyd Devereaux,TOR,C,45,1978-04-16,Seaforth,ON,CAN,CAN,74,195,1996,EDM,1,6,6
2008,Boyd Gordon,WSH,C,40,1983-10-19,Unity,SK,CAN,CAN,72,200,2002,WSH,1,17,17
2008,Boyd Kane,PHI,L,45,1978-04-18,Swift Current,SK,CAN,CAN,74,229,1998,NYR,4,28,114
2008,Brad Boyes,STL,R,41,1982-04-17,Mississauga,ON,CAN,CAN,72,199,2000,TOR,1,24,24
2008,Brad Lukowich,S.J,D,47,1976-08-12,Cranbrook,BC,CAN,CAN,73,191,1994,NYI,4,12,90
2008,Brad May,"ANA, TOR",L,52,1971-11-29,Toronto,ON,CAN,CAN,73,213,1990,BUF,1,14,14
2008,Brad Richards,DAL,C,43,1980-05-02,Murray Hbr.,PE,CAN,CAN,72,199,1998,T.B,3,6,64
2008,Brad Richardson,L.A,C,39,1985-02-04,Belleville,ON,CAN,CAN,72,190,2003,COL,5,27,163
2008,Brad Staubitz,S.J,R,39,1984-07-28,Edmonton,AB,CAN,CAN,73,207,-,-,-,-,-
2008,Brad Stuart,DET,D,44,1979-11-06,Rocky Mountain House,AB,CAN,CAN,74,215,1998,S.J,1,3,3
2008,Brad Winchester,STL,L,43,1981-03-01,Madison,WI,USA,USA,77,230,2000,EDM,2,5,35
2008,Brandon Bochenski,T.B,R,42,1982-04-04,Blaine,MN,USA,USA,73,195,2001,OTT,7,27,223
2008,Brandon Dubinsky,NYR,C,37,1986-04-29,Anchorage,AK,USA,USA,74,208,2004,NYR,2,30,60
2008,Brandon Prust,"CGY, PHX",L,40,1984-03-16,London,ON,CAN,CAN,72,195,2004,CGY,3,5,70
2008,Brandon Segal,T.B,R,40,1983-07-12,Richmond,BC,CAN,CAN,74,215,2002,NSH,4,6,102
2008,Brandon Sutter,CAR,C,35,1989-02-14,Huntington,NY,USA,CAN,75,190,2007,CAR,1,11,11
2008,Braydon Coburn,PHI,D,39,1985-02-27,Shaunavon,SK,CAN,CAN,77,224,2003,ATL,1,8,8
2008,Brendan Bell,OTT,D,41,1983-03-31,Ottawa,ON,CAN,CAN,74,205,2001,TOR,3,2,65
2008,Brendan Mikkelson,ANA,D,36,1987-06-22,Regina,SK,CAN,CAN,75,210,2005,ANA,2,1,31
2008,Brendan Morrison,"ANA, DAL",C,48,1975-08-15,Pitt Meadows,BC,CAN,CAN,71,176,1993,N.J,2,13,39
2008,Brendan Shanahan,N.J,L,55,1969-01-23,Mimico,ON,CAN,CAN,75,220,1987,N.J,1,2,2
2008,Brendan Witt,NYI,D,49,1975-02-20,Humboldt,SK,CAN,CAN,74,223,1993,WSH,1,11,11
2008,Brenden Morrow,DAL,L,45,1979-01-16,Carlyle,SK,CAN,CAN,71,212,1997,DAL,1,25,25
2008,Brent Burns,MIN,D,39,1985-03-09,Barrie,ON,CAN,CAN,77,230,2003,MIN,1,20,20
2008,Brent Seabrook,CHI,D,38,1985-04-20,Richmond,BC,CAN,CAN,75,220,2003,CHI,1,14,14
2008,Brent Sopel,CHI,D,47,1977-01-07,Calgary,AB,CAN,CAN,74,205,1995,VAN,6,14,144
2008,Bret Hedican,ANA,D,53,1970-08-10,St. Paul,MN,USA,USA,74,210,1988,STL,10,9,198
2008,Brett Carson,CAR,D,38,1985-11-29,Regina,SK,CAN,CAN,76,210,2004,CAR,4,11,109
2008,Brett Clark,COL,D,47,1976-12-23,Wapella,SK,CAN,CAN,72,194,1996,MTL,6,19,154
2008,Brett Festerling,ANA,D,38,1986-03-03,Prince George,BC,CAN,CAN,73,210,-,-,-,-,-
2008,Brett Lebda,DET,D,42,1982-01-15,Buffalo Grove,IL,USA,USA,69,195,-,-,-,-,-
2008,Brett McLean,FLA,C,45,1978-08-14,Comox,BC,CAN,CAN,71,184,1997,DAL,9,25,242
2008,Brett Skinner,NYI,D,40,1983-06-28,Brandon,MB,CAN,CAN,73,183,2002,VAN,3,5,68
2008,Brett Sterling,ATL,L,39,1984-04-24,Los Angeles,CA,USA,USA,67,175,2003,ATL,5,9,145
2008,Brett Sutter,CGY,L,36,1987-06-02,Viking,AB,CAN,CAN,72,200,2005,CGY,6,17,179
2008,Brian Boyle,L.A,C,39,1984-12-18,Hingham,MA,USA,USA,78,245,2003,L.A,1,26,26
2008,Brian Campbell,CHI,D,44,1979-05-23,Strathroy,ON,CAN,CAN,70,192,1997,BUF,6,22,156
2008,Brian Gionta,N.J,R,45,1979-01-18,Rochester,NY,USA,USA,67,178,1998,N.J,3,24,82
2008,Brian Lee,OTT,D,37,1987-03-26,Moorhead,MN,USA,USA,75,200,2005,OTT,1,9,9
2008,Brian McGrattan,PHX,R,42,1981-09-02,Hamilton,ON,CAN,CAN,76,235,1999,L.A,4,8,104
2008,Brian Pothier,WSH,D,46,1977-04-15,New Bedford,MA,USA,USA,72,204,-,-,-,-,-
2008,Brian Rafalski,DET,D,50,1973-09-28,Dearborn,MI,USA,USA,70,194,-,-,-,-,-
2008,Brian Rolston,N.J,R,51,1973-02-21,Flint,MI,USA,USA,74,215,1991,N.J,1,11,11
2008,Brian Salcido,ANA,D,38,1985-04-14,Hermosa Beach,CA,USA,USA,74,188,2005,ANA,5,16,141
2008,Brian Sutherby,"ANA, DAL",C,42,1982-03-01,Edmonton,AB,CAN,CAN,74,208,2000,WSH,1,26,26
2008,Brian Willsie,COL,R,46,1978-03-16,Belmont,ON,CAN,CAN,73,202,1996,COL,6,11,146
2008,Brooks Laich,WSH,C,40,1983-06-23,Wawota,SK,CAN,CAN,74,200,2001,OTT,6,28,193
2008,Brooks Orpik,PIT,D,43,1980-09-26,San Francisco,CA,USA,USA,75,217,2000,PIT,1,18,18
2008,Bruno Gervais,NYI,D,39,1984-10-03,Longueuil,QC,CAN,CAN,73,200,2003,NYI,6,15,182
2008,Bryan Allen,FLA,D,43,1980-08-21,Kingston,ON,CAN,CAN,77,223,1998,VAN,1,4,4
2008,Bryan Helmer,WSH,D,51,1972-07-15,Sault Ste. Marie,ON,CAN,CAN,74,208,-,-,-,-,-
2008,Bryan Little,ATL,C,36,1987-11-12,Edmonton,AB,CAN,CAN,72,191,2006,ATL,1,12,12
2008,Bryan McCabe,FLA,D,48,1975-06-08,St. Catharines,ON,CAN,CAN,74,223,1993,NYI,2,14,40
2008,Bryan Rodney,CAR,D,39,1984-04-22,London,ON,CAN,CAN,72,195,-,-,-,-,-
2008,Bryce Salvador,N.J,D,48,1976-02-11,Brandon,MB,CAN,CAN,75,215,1994,T.B,6,8,138
2008,Byron Bitz,BOS,R,39,1984-07-21,Saskatoon,SK,CAN,CAN,77,215,2003,BOS,4,6,107
2008,Cal Clutterbuck,MIN,R,36,1987-11-18,Welland,ON,CAN,CAN,72,212,2006,MIN,3,9,72
2008,Cal O'Reilly,NSH,C,37,1986-09-30,Toronto,ON,CAN,CAN,72,188,2005,NSH,5,25,150
2008,Cam Barker,CHI,D,38,1986-04-04,Winnipeg,MB,CAN,CAN,75,223,2004,CHI,1,3,3
2008,Cam Janssen,STL,R,39,1984-04-15,St. Louis,MO,USA,USA,72,215,2002,N.J,4,21,117
2008,Cam Paddock,STL,C,41,1983-03-22,N. Vancouver,BC,CAN,CAN,72,178,2002,PIT,5,6,137
2008,Carlo Colaiacovo,"STL, TOR",D,41,1983-01-27,Toronto,ON,CAN,CAN,73,202,2001,TOR,1,17,17
2008,Casey Borer,CAR,D,38,1985-07-28,Minneapolis,MN,USA,USA,74,205,2004,CAR,3,4,69
2008,Chad LaRose,CAR,R,42,1982-03-27,Fraser,MI,USA,USA,70,181,-,-,-,-,-
2008,Chris Bourque,WSH,L,38,1986-01-29,Boston,MA,USA,USA,68,174,2004,WSH,2,3,33
2008,Chris Butler,BUF,D,37,1986-10-27,St. Louis,MO,USA,USA,73,196,2005,BUF,4,5,96
2008,Chris Campoli,"NYI, OTT",D,39,1984-07-09,Mississauga,ON,CAN,CAN,72,200,2004,NYI,7,34,227
2008,Chris Chelios,DET,D,62,1962-01-25,Chicago,IL,USA,USA,72,191,1981,MTL,2,19,40
2008,Chris Clark,WSH,R,48,1976-03-08,South Windsor,CT,USA,USA,72,191,1994,CGY,3,25,77
2008,Chris Conner,DAL,R,40,1983-12-23,Westland,MI,USA,USA,67,181,-,-,-,-,-
2008,Chris Drury,NYR,C,47,1976-08-20,Trumbull,CT,USA,USA,70,191,1994,QUE,3,20,72
2008,Chris Durno,COL,L,43,1980-10-31,Scarborough,ON,CAN,CAN,76,223,-,-,-,-,-
2008,Chris Gratton,"CBJ, T.B",C,48,1975-07-05,Brantford,ON,CAN,CAN,76,226,1993,T.B,1,3,3
2008,Chris Higgins,MTL,L,40,1983-06-02,Smithtown,NY,USA,USA,72,205,2002,MTL,1,14,14
2008,Chris Kelly,OTT,C,43,1980-11-11,Toronto,ON,CAN,CAN,72,190,1999,OTT,3,28,94
2008,Chris Kunitz,"ANA, PIT",L,44,1979-09-26,Regina,SK,CAN,CAN,72,188,-,-,-,-,-
2008,Chris Minard,PIT,L,42,1981-11-18,Owen sound,ON,CAN,CAN,73,190,-,-,-,-,-
2008,Chris Neil,OTT,R,44,1979-06-18,Flesherton,ON,CAN,CAN,73,209,1998,OTT,6,16,161
2008,Chris Phillips,OTT,D,46,1978-03-09,Calgary,AB,CAN,CAN,75,219,1996,OTT,1,1,1
2008,Chris Porter,STL,L,39,1984-05-29,Toronto,ON,CAN,CAN,73,206,2003,CHI,9,21,282
2008,Chris Pronger,ANA,D,49,1974-10-10,Dryden,ON,CAN,CAN,78,188,1993,HFD,1,2,2
2008,Chris Stewart,COL,R,36,1987-10-30,Toronto,ON,CAN,CAN,74,242,2006,COL,1,18,18
2008,Chris Thorburn,ATL,R,40,1983-06-03,Sault Ste. Marie,ON,CAN,CAN,75,235,2001,BUF,2,20,50
2008,Christian Backman,CBJ,D,43,1980-04-28,Gothenburg,SWE,SWE,76,210,1998,STL,1,24,24,
2008,Christian Ehrhoff,S.J,D,41,1982-07-06,Moers,DEU,DEU,74,201,2001,S.J,4,10,106,
2008,Christian Hanson,TOR,C,38,1986-03-10,"Glens Falls,",NY,USA,USA,76,228,-,-,-,-,-
2008,Christoph Schubert,OTT,D,42,1982-02-05,Munich,DEU,DEU,75,230,2001,OTT,4,31,127,
2008,Chuck Kobasew,BOS,R,41,1982-04-17,Vancouver,BC,CAN,CAN,72,192,2001,CGY,1,14,14
2008,Clarke MacArthur,BUF,L,39,1985-04-06,Lloydminster,AB,CAN,CAN,72,192,2003,BUF,3,6,74
2008,Claude Giroux,PHI,C,36,1988-01-12,Hearst,ON,CAN,CAN,71,190,2006,PHI,1,22,22
2008,Claude Lemieux,S.J,R,58,1965-07-16,Buckingham,QC,CAN,CAN,73,215,1983,MTL,2,5,26
2008,Clay Wilson,"ATL, CBJ",D,41,1983-04-05,Sturgeon Lake,MN,USA,USA,72,195,-,-,-,-,-
2008,Cody Bass,OTT,C,37,1987-01-07,Owen sound,ON,CAN,CAN,72,205,2005,OTT,4,4,95
2008,Cody McCormick,COL,C,40,1983-04-18,London,ON,CAN,CAN,74,222,2001,COL,5,13,144
2008,Cody McLeod,COL,L,39,1984-06-26,Binscarth,MB,CAN,CAN,74,204,-,-,-,-,-
2008,Colby Armstrong,ATL,R,41,1982-11-23,Lloydminster,SK,CAN,CAN,74,185,2001,PIT,1,21,21
2008,Colin Fraser,CHI,C,39,1985-01-28,Sicamous,BC,CAN,CAN,73,190,2003,PHI,3,1,69
2008,Colin Stuart,ATL,L,41,1982-07-08,Rochester,MN,USA,USA,74,205,2001,ATL,5,4,135
2008,Colin White,N.J,D,46,1977-12-12,New glasgow,NS,CAN,CAN,76,215,1996,N.J,2,23,49
2008,Colton Gillies,MIN,C,35,1989-02-12,White Rock,BC,CAN,CAN,76,208,2007,MIN,1,16,16
2008,Colton Orr,NYR,R,42,1982-03-03,Winnipeg,MB,CAN,CAN,75,222,-,-,-,-,-
2008,Connor James,PIT,L,41,1982-08-25,Calgary,AB,CAN,CAN,70,180,2002,L.A,9,19,279
2008,Corey Perry,ANA,R,38,1985-05-16,Peterborough,ON,CAN,CAN,75,208,2003,ANA,1,28,28
2008,Corey Potter,NYR,D,40,1984-01-05,Lansing,MI,USA,USA,75,204,2003,NYR,4,21,122
2008,Cory Murphy,"FLA, T.B",D,46,1978-02-13,Kanata,ON,CAN,CAN,69,175,-,-,-,-,-
2008,Cory Sarich,CGY,D,45,1978-08-16,Saskatoon,SK,CAN,CAN,76,207,1996,BUF,2,1,27
2008,Cory Stillman,FLA,L,50,1973-12-20,Peterborough,ON,CAN,CAN,72,193,1992,CGY,1,6,6
2008,Craig Adams,"CHI, PIT",R,46,1977-04-26,Seria,BRN,CAN,72,200,1996,HFD,9,8,223,
2008,Craig Conroy,CGY,C,52,1971-09-04,Potsdam,NY,USA,USA,74,193,1990,MTL,6,18,123
2008,Craig MacDonald,CBJ,C,47,1977-04-07,Antigonish,NS,CAN,CAN,73,201,1996,HFD,4,8,88
2008,Craig Rivet,BUF,D,49,1974-09-13,North Bay,ON,CAN,CAN,74,207,1992,MTL,3,20,68
2008,Craig Weller,MIN,R,43,1981-03-17,Calgary,AB,CAN,CAN,76,220,2000,STL,5,37,167
2008,Curtis Glencross,CGY,L,41,1982-12-28,Kindersley,SK,CAN,CAN,73,197,-,-,-,-,-
2008,DJ King,STL,L,39,1984-06-27,Meadow Lake,SK,CAN,CAN,75,231,2002,STL,6,24,190
2008,Dainius Zubrus,N.J,C,45,1978-06-16,Elektrenai,LTU,LTU,77,225,1996,PHI,1,15,15,
2008,Dan Boyle,S.J,D,47,1976-07-12,Ottawa,ON,CAN,CAN,71,194,-,-,-,-,-
2008,Dan Fritsche,"MIN, NYR",C,38,1985-07-13,Parma,OH,USA,USA,73,204,2003,CBJ,2,16,46
2008,Dan Girardi,NYR,D,39,1984-04-29,Welland,ON,CAN,CAN,73,212,-,-,-,-,-
2008,Dan Hamhuis,NSH,D,41,1982-12-13,Smithers,BC,CAN,CAN,73,204,2001,NSH,1,12,12
2008,Dan Hinote,STL,R,47,1977-01-30,Leesburg,FL,USA,USA,72,187,1996,COL,7,5,167
2008,Dan Jancevski,DAL,D,42,1981-06-15,Windsor,ON,CAN,CAN,75,222,1999,DAL,2,38,66
2008,Dan Lacouture,CAR,L,46,1977-04-18,Hyannis,MA,USA,USA,74,215,1996,NYI,2,3,29
2008,Daniel Alfredsson,OTT,R,51,1972-12-11,Gothenburg,SWE,SWE,71,203,1994,OTT,6,3,133,
2008,Daniel Briere,PHI,C,46,1977-10-06,Gatineau,QC,CAN,CAN,69,174,1996,PHX,1,24,24
2008,Daniel Carcillo,"PHI, PHX",L,39,1985-01-28,King City,ON,CAN,CAN,72,200,2003,PIT,3,5,73
2008,Daniel Cleary,DET,R,45,1978-12-18,Carbonear,NL,CAN,CAN,73,205,1997,CHI,1,13,13
2008,Daniel Paille,BUF,L,39,1984-04-15,Welland,ON,CAN,CAN,73,188,2002,BUF,1,20,20
2008,Daniel Sedin,VAN,L,43,1980-09-26,Ornskoldsvik,SWE,SWE,73,190,1999,VAN,1,2,2,
2008,Daniel Tjarnqvist,COL,D,47,1976-10-14,Umea,SWE,SWE,73,207,1995,FLA,4,10,88,
2008,Daniel Winnik,PHX,L,39,1985-03-06,Toronto,ON,CAN,CAN,74,210,2004,PHX,9,7,265
2008,Danny Syvret,PHI,D,38,1985-06-13,Millgrove,ON,CAN,CAN,72,205,2005,EDM,3,20,81
2008,Dany Heatley,OTT,L,43,1981-01-21,Freiburg,DEU,CAN,75,212,2000,ATL,1,2,2,
2008,Darcy Hordichuk,VAN,L,43,1980-08-10,Kamsack,SK,CAN,CAN,73,215,2000,ATL,6,13,180
2008,Darcy Tucker,COL,R,49,1975-03-15,Castor,AB,CAN,CAN,70,178,1993,MTL,6,21,151
2008,Darren Helm,DET,C,37,1987-01-21,St. Andrews,MB,CAN,CAN,72,192,2005,DET,5,7,132
2008,Darren McCarty,DET,R,52,1972-04-01,Burnaby,BC,CAN,CAN,73,210,1992,DET,2,22,46
2008,Darroll Powe,PHI,C,38,1985-06-22,Saskatoon,SK,CAN,CAN,71,212,-,-,-,-,-
2008,Darryl Sydor,"DAL, PIT",D,51,1972-05-13,Edmonton,AB,CAN,CAN,73,211,1990,L.A,1,7,7
2008,Dave Bolland,CHI,C,37,1986-06-05,Mimico,ON,CAN,CAN,72,188,2004,CHI,2,2,32
2008,David Backes,STL,R,39,1984-05-01,Minneapolis,MN,USA,USA,75,215,2003,STL,2,32,62
2008,David Booth,FLA,L,39,1984-11-24,Detroit,MI,USA,USA,72,212,2004,FLA,2,23,53
2008,David Clarkson,N.J,R,40,1984-03-31,Toronto,ON,CAN,CAN,72,207,-,-,-,-,-
2008,David Hale,PHX,D,42,1981-06-18,Colorado Springs,CO,USA,USA,73,222,2000,N.J,1,22,22
2008,David Jones,COL,R,39,1984-08-10,Guelph,ON,CAN,CAN,75,208,2003,COL,9,27,288
2008,David Koci,"STL, T.B",L,42,1981-05-12,Prague,CZE,CZE,78,238,2000,PIT,5,16,146,
2008,David Krejci,BOS,C,37,1986-04-28,Sternberk,CZE,CZE,72,192,2004,BOS,2,33,63,
2008,David Legwand,NSH,C,43,1980-08-17,Detroit,MI,USA,USA,74,207,1998,NSH,1,2,2
2008,David Moss,CGY,R,42,1981-12-28,Livonia,MI,USA,USA,76,210,2001,CGY,7,24,220
2008,David Perron,STL,L,35,1988-05-28,Sherbrooke,QC,CAN,CAN,73,196,2007,STL,1,26,26
2008,David Schlemko,PHX,D,36,1987-05-07,Edmonton,AB,CAN,CAN,73,191,-,-,-,-,-
2008,David Sloane,PHI,R,39,1985-04-06,Ambler,PA,USA,USA,76,220,-,-,-,-,-
2008,David Steckel,WSH,C,42,1982-03-15,Milwaukee,WI,USA,USA,78,215,2001,L.A,1,30,30
2008,David Van Der Gulik,CGY,L,40,1983-04-20,Abbotsford,BC,CAN,CAN,70,173,2002,CGY,7,9,206
2008,Davis Drewiske,L.A,D,39,1984-11-22,Hudson,WI,USA,USA,74,222,-,-,-,-,-
2008,Daymond Langkow,CGY,C,47,1976-09-27,Edmonton,AB,CAN,CAN,70,181,1995,T.B,1,5,5
2008,Dean McAmmond,"NYI, OTT",C,50,1973-06-15,Grand Cache,AB,CAN,CAN,71,195,1991,CHI,1,22,22
2008,Denis Gauthier,L.A,D,47,1976-10-01,Montreal,QC,CAN,CAN,74,220,1995,CGY,1,20,20
2008,Denis Grebeshkov,EDM,D,40,1983-10-11,Yaroslavl,RUS,RUS,72,206,2002,L.A,1,18,18,
2008,Dennis Seidenberg,CAR,D,42,1981-07-18,Schwenningen,DEU,DEU,72,199,2001,PHI,6,7,172,
2008,Dennis Wideman,BOS,D,41,1983-03-20,Kitchener,ON,CAN,CAN,72,202,2002,BUF,8,12,241
2008,Derek Armstrong,L.A,C,50,1973-04-23,Ottawa,ON,CAN,CAN,72,197,1992,NYI,6,8,128
2008,Derek Boogaard,MIN,L,41,1982-06-23,Saskatoon,SK,CAN,CAN,79,265,2001,MIN,7,6,202
2008,Derek Dorsett,CBJ,R,37,1986-12-20,Kindersley,SK,CAN,CAN,72,192,2006,CBJ,7,6,189
2008,Derek Joslin,S.J,D,37,1987-03-17,Richmond Hill,ON,CAN,CAN,73,210,2005,S.J,5,24,149
2008,Derek MacKenzie,CBJ,C,42,1981-06-11,Sudbury,ON,CAN,CAN,71,177,1999,ATL,5,2,128
2008,Derek Meech,DET,D,39,1984-04-21,Winnipeg,MB,CAN,CAN,71,200,2002,DET,7,32,229
2008,Derek Morris,"NYR, PHX",D,45,1978-08-24,Edmonton,AB,CAN,CAN,72,210,1996,CGY,1,13,13
2008,Derek Peltier,COL,D,39,1985-03-14,Plymouth,MN,USA,USA,71,190,2004,COL,6,21,184
2008,Derek Roy,BUF,C,40,1983-05-04,Ottawa,ON,CAN,CAN,69,184,2001,BUF,2,2,32
2008,Derick Brassard,CBJ,C,36,1987-09-22,Hull,QC,CAN,CAN,73,200,2006,CBJ,1,6,6
2008,Devin Setoguchi,S.J,R,37,1987-01-01,Taber,AB,CAN,CAN,72,205,2005,S.J,1,8,8
2008,Dion Phaneuf,CGY,D,38,1985-04-10,Edmonton,AB,CAN,CAN,75,222,2003,CGY,1,9,9
2008,Dmitri Kalinin,"NYR, PHX",D,43,1980-07-22,Chelyabinsk,RUS,RUS,75,210,1998,BUF,1,18,18,
2008,Dominic Moore,"BUF, TOR",C,43,1980-08-03,Thornhill,ON,CAN,CAN,72,192,2000,NYR,3,30,95
2008,Donald Brashear,WSH,L,52,1972-01-07,Bedford,IN,USA,USA,75,237,-,-,-,-,-
2008,Doug Janik,"DAL, MTL",D,44,1980-03-26,Agawam,MA,USA,USA,74,211,1999,BUF,2,27,55
2008,Doug Weight,NYI,C,53,1971-01-21,Detroit,MI,USA,USA,71,202,1990,NYR,2,13,34
2008,Douglas Murray,S.J,D,44,1980-03-12,Bromma,SWE,SWE,75,240,1999,S.J,8,26,241,
2008,Drew Doughty,L.A,D,34,1989-12-08,London,ON,CAN,CAN,73,210,2008,L.A,1,2,2
2008,Drew Miller,ANA,L,40,1984-02-17,Dover,NJ,USA,USA,74,183,2003,ANA,6,19,186
2008,Drew Stafford,BUF,R,38,1985-10-30,Milwaukee,WI,USA,USA,74,215,2004,BUF,1,13,13
2008,Duncan Keith,CHI,D,40,1983-07-16,Winnipeg,MB,CAN,CAN,73,192,2002,CHI,2,24,54
2008,Dustin Boyd,CGY,C,37,1986-07-16,Winnipeg,MB,CAN,CAN,72,187,2004,CGY,3,33,98
2008,Dustin Brown,L.A,R,39,1984-11-04,Ithaca,NY,USA,USA,72,205,2003,L.A,1,13,13
2008,Dustin Byfuglien,CHI,D,39,1985-03-27,Roseau,MN,USA,USA,77,260,2003,CHI,8,16,245
2008,Dustin Jeffrey,PIT,L,36,1988-02-27,Sarnia,ON,CAN,CAN,73,205,2007,PIT,6,20,171
2008,Dustin Penner,EDM,R,41,1982-09-28,Winkler,MB,CAN,CAN,76,247,-,-,-,-,-
2008,Dwight Helminen,CAR,C,40,1983-06-22,Hancock,MI,USA,USA,70,191,2002,EDM,8,15,244
2008,Ed Jovanovski,PHX,D,47,1976-06-26,Windsor,ON,CAN,CAN,75,220,1994,FLA,1,1,1
2008,Enver Lisin,PHX,R,37,1986-04-22,Moscow,RUS,RUS,74,200,2004,PHX,2,20,50,
2008,Eric Belanger,MIN,C,46,1977-12-16,Sherbrooke,QC,CAN,CAN,71,185,1996,L.A,4,16,96
2008,Eric Boulton,ATL,L,47,1976-08-17,Halifax,NS,CAN,CAN,72,227,1994,NYR,9,26,234
2008,Eric Brewer,STL,D,44,1979-04-17,Vernon,BC,CAN,CAN,76,216,1997,NYI,1,5,5
2008,Eric Fehr,WSH,C,38,1985-09-07,Winkler,MB,CAN,CAN,76,209,2003,WSH,1,18,18
2008,Eric Godard,PIT,R,44,1980-03-07,Vernon,BC,CAN,CAN,76,222,-,-,-,-,-
2008,Eric Nystrom,CGY,L,41,1983-02-14,Syosset,NY,USA,USA,73,200,2002,CGY,1,10,10
2008,Eric Perrin,ATL,C,48,1975-11-01,Laval,QC,CAN,CAN,69,180,-,-,-,-,-
2008,Eric Staal,CAR,C,39,1984-10-29,Thunder Bay,ON,CAN,CAN,76,195,2003,CAR,1,2,2
2008,Erik Christensen,"ANA, ATL",C,40,1983-12-17,Edmonton,AB,CAN,CAN,73,200,2002,PIT,3,6,69
2008,Erik Cole,"CAR, EDM",L,45,1978-11-06,Oswego,NY,USA,USA,74,205,1998,CAR,3,13,71
2008,Erik Reitz,"MIN, NYR",D,41,1982-07-29,Detroit,MI,USA,USA,73,222,2000,MIN,6,3,170
2008,Ethan Moreau,EDM,L,48,1975-09-22,Huntsville,ON,CAN,CAN,75,223,1994,CHI,1,14,14
2008,Evgeni Malkin,PIT,C,37,1986-07-31,Magnitogorsk,RUS,RUS,75,195,2004,PIT,1,2,2,
2008,Evgeny Artyukhin,T.B,R,41,1983-04-04,Moscow,RUS,RUS,76,255,2001,T.B,3,31,94,
2008,Fabian Brunnstrom,DAL,L,39,1985-02-06,Jonstorp,SWE,SWE,73,206,-,-,-,-,-,
2008,Fedor Tyutin,CBJ,D,40,1983-07-19,Izhevsk,RUS,RUS,74,221,2001,NYR,2,10,40,
2008,Fernando Pisani,EDM,R,47,1976-12-27,Edmonton,AB,CAN,CAN,73,205,1996,EDM,8,6,195
2008,Filip Kuba,OTT,D,47,1976-12-29,Ostrava,CZE,CZE,76,225,1995,FLA,8,10,192,
2008,Francis Bouillon,MTL,D,48,1975-10-17,New York City,NY,USA,USA,68,194,-,-,-,-,-
2008,Francois Beauchemin,ANA,D,43,1980-06-04,Sorel,QC,CAN,CAN,71,208,1998,MTL,3,17,75
2008,Frans Nielsen,NYI,C,39,1984-04-24,Herning,DNK,DNK,73,186,2002,NYI,3,24,87,
2008,Frantisek Kaberle,CAR,D,50,1973-11-08,Kladno,CZE,CZE,72,190,1999,L.A,3,10,76,
2008,Freddy Meyer,NYI,D,43,1981-01-04,Sanbornville,NH,USA,USA,70,185,-,-,-,-,-
2008,Freddy Modin,CBJ,L,49,1974-10-08,Sundsvall,SWE,SWE,76,220,1994,TOR,3,12,64,
2008,Fredrik Sjostrom,NYR,L,40,1983-05-06,Färgelanda,SWE,SWE,73,218,2001,PHX,1,11,11,
2008,Garnet Exelby,ATL,D,42,1981-08-16,Craik,SK,CAN,CAN,73,215,1999,ATL,8,2,217
2008,Garrett Stafford,DAL,D,44,1980-01-28,Los Angeles,CA,USA,USA,73,207,-,-,-,-,-
2008,Garth Murray,PHX,C,41,1982-09-17,Regina,SK,CAN,CAN,74,210,2001,NYR,3,16,79
2008,Gary Roberts,T.B,L,57,1966-05-23,North York,ON,CAN,CAN,74,215,1984,CGY,1,12,12
2008,Geoff Kinrade,T.B,D,38,1985-07-29,Nelson,BC,CAN,CAN,72,195,-,-,-,-,-
2008,George Parros,ANA,R,44,1979-12-29,Washington,PA,USA,USA,77,224,1999,L.A,8,7,222
2008,Georges Laraque,MTL,R,47,1976-12-07,Montreal,QC,CAN,CAN,76,245,1995,EDM,2,5,31
2008,Gilbert Brule,EDM,C,37,1987-01-01,Edmonton,AB,CAN,CAN,71,187,2005,CBJ,1,6,6
2008,Glen Metropolit,"MTL, PHI",C,49,1974-06-25,Toronto,ON,CAN,CAN,70,196,-,-,-,-,-
2008,Graham Mink,WSH,R,44,1979-05-21,Stowe,VT,USA,USA,74,225,-,-,-,-,-
2008,Grant Lewis,ATL,D,39,1985-01-20,Pittsburgh,PA,USA,USA,75,190,2004,ATL,2,10,40
2008,Greg De Vries,NSH,D,51,1973-01-04,Sundridge,ON,CAN,CAN,74,205,-,-,-,-,-
2008,Greg Zanon,NSH,D,43,1980-06-05,Burnaby,BC,CAN,CAN,71,201,2000,OTT,5,26,156
2008,Gregory Campbell,FLA,C,40,1983-12-17,London,ON,CAN,CAN,72,188,2002,FLA,3,4,67
2008,Gregory Stewart,MTL,L,37,1986-05-21,Kitchener,ON,CAN,CAN,74,202,2004,MTL,8,19,246
2008,Guillaume Latendresse,MTL,L,36,1987-05-24,Ste-Catherine,QC,CAN,CAN,74,230,2005,MTL,2,15,45
2008,Hal Gill,PIT,D,49,1975-04-06,Concord,MA,USA,USA,79,243,1993,BOS,8,25,207
2008,Henrik Sedin,VAN,C,43,1980-09-26,Ornskoldsvik,SWE,SWE,74,183,1999,VAN,1,3,3,
2008,Henrik Tallinder,BUF,D,45,1979-01-10,Stockholm,SWE,SWE,76,209,1997,BUF,2,22,48,
2008,Henrik Zetterberg,DET,L,43,1980-10-09,Njurunda,SWE,SWE,72,197,1999,DET,7,24,210,
2008,Ian Laperriere,COL,R,50,1974-01-19,Montreal,QC,CAN,CAN,73,200,1992,STL,7,14,158
2008,Ian White,TOR,D,39,1984-06-04,Steinbach,MB,CAN,CAN,70,191,2002,TOR,6,25,191
2008,Ilya Kovalchuk,ATL,R,40,1983-04-15,Tver,RUS,RUS,75,222,2001,ATL,1,1,1,
2008,Ilya Zubov,OTT,C,37,1987-02-14,Chelyabinsk,RUS,RUS,72,211,2005,OTT,4,7,98,
2008,Ivan Vishnevskiy,DAL,D,36,1988-02-18,Barnaul,RUS,RUS,72,193,2006,DAL,1,27,27,
2008,J-P Dumont,NSH,R,46,1978-04-01,Montreal,QC,CAN,CAN,73,205,1996,NYI,1,3,3
2008,Jack Hillen,NYI,D,38,1986-01-24,Minnetonka,MN,USA,USA,70,190,-,-,-,-,-
2008,Jack Johnson,L.A,D,37,1987-01-13,Indianapolis,IN,USA,USA,73,227,2005,CAR,1,3,3
2008,Jack Skille,CHI,R,36,1987-05-19,Madison,WI,USA,USA,73,216,2005,CHI,1,7,7
2008,Jaime Sifers,TOR,D,41,1983-01-18,Stratford,CT,USA,USA,71,198,-,-,-,-,-
2008,Jake Dowell,CHI,C,39,1985-03-04,Eau Claire,WI,USA,USA,72,200,2004,CHI,5,11,140
2008,Jakub Petruzalek,CAR,C,38,1985-04-24,Litvinov,CZE,CZE,70,176,2004,NYR,9,8,266,
2008,Jakub Voracek,CBJ,R,34,1989-08-15,Kladno,CZE,CZE,74,216,2007,CBJ,1,7,7,
2008,Jamal Mayers,TOR,R,49,1974-10-24,Toronto,ON,CAN,CAN,73,222,1993,STL,4,11,89
2008,James Neal,DAL,L,36,1987-09-03,Whitby,ON,CAN,CAN,75,212,2005,DAL,2,3,33
2008,James Sheppard,MIN,C,35,1988-04-25,Halifax,NS,CAN,CAN,73,215,2006,MIN,1,9,9
2008,James Wisniewski,"ANA, CHI",D,40,1984-02-21,Canton,MI,USA,USA,71,203,2002,CHI,5,25,156
2008,Jamie Fraser,NYI,D,38,1985-11-17,Sarnia,ON,CAN,CAN,73,200,-,-,-,-,-
2008,Jamie Fritsch,PHI,D,39,1985-02-25,Odenton,MD,USA,USA,74,195,-,-,-,-,-
2008,Jamie Heward,T.B,D,53,1971-03-30,Regina,SK,CAN,CAN,74,215,1989,PIT,1,16,16
2008,Jamie Langenbrunner,N.J,R,48,1975-07-24,Cloquet,MN,USA,USA,73,205,1993,DAL,2,9,35
2008,Jamie Lundmark,CGY,C,43,1981-01-16,Edmonton,AB,CAN,CAN,72,197,1999,NYR,1,9,9
2008,Jamie McGinn,S.J,L,35,1988-08-05,Fergus,ON,CAN,CAN,73,205,2006,S.J,2,6,36
2008,Jan Hejda,CBJ,D,45,1978-06-18,Prague,CZE,CZE,76,230,2003,BUF,4,5,106,
2008,Janis Sprukts,FLA,C,42,1982-01-31,Riga,LVA,LVA,75,235,2000,FLA,8,5,234,
2008,Janne Niskala,T.B,D,42,1981-09-22,Vasteras,SWE,FIN,72,187,2004,NSH,5,18,147,
2008,Janne Pesonen,PIT,L,41,1982-05-11,Suomussalmi,FIN,FIN,71,180,2004,ANA,9,11,269,
2008,Jannik Hansen,VAN,R,38,1986-03-15,Rødovre,DNK,DNK,73,198,2004,VAN,9,29,287,
2008,Jared Boll,CBJ,R,37,1986-05-13,Charlotte,NC,USA,USA,75,206,2005,CBJ,4,10,101
2008,Jared Ross,PHI,C,41,1982-09-18,Huntsville,AL,USA,USA,70,175,-,-,-,-,-
2008,Jarkko Ruutu,OTT,L,48,1975-08-23,Helsinki,FIN,FIN,73,204,1998,VAN,3,10,68,
2008,Jarome Iginla,CGY,R,46,1977-07-01,Edmonton,AB,CAN,CAN,73,210,1995,DAL,1,11,11
2008,Jaroslav Spacek,BUF,D,50,1974-02-11,Rokycany,CZE,CZE,72,210,1998,FLA,5,3,117,
2008,Jarret Stoll,L.A,C,41,1982-06-24,Melville,SK,CAN,CAN,73,216,2002,EDM,2,6,36
2008,Jason Arnott,NSH,C,49,1974-10-11,Collingwood,ON,CAN,CAN,77,220,1993,EDM,1,7,7
2008,Jason Blake,TOR,L,50,1973-09-02,Moorhead,MN,USA,USA,70,190,-,-,-,-,-
2008,Jason Chimera,CBJ,L,44,1979-05-02,Edmonton,AB,CAN,CAN,75,215,1997,EDM,5,15,121
2008,Jason Garrison,FLA,D,39,1984-11-13,White Rock,BC,CAN,CAN,73,218,-,-,-,-,-
2008,Jason Jaffray,VAN,L,42,1981-06-30,Olds,AB,CAN,CAN,73,195,-,-,-,-,-
2008,Jason Krog,VAN,C,48,1975-10-09,Fernie,BC,CAN,CAN,71,185,-,-,-,-,-
2008,Jason Pominville,BUF,R,41,1982-11-30,Repentigny,QC,CAN,USA,72,180,2001,BUF,2,25,55
2008,Jason Smith,OTT,D,50,1973-11-02,Calgary,AB,CAN,CAN,75,220,1992,N.J,1,18,18
2008,Jason Spezza,OTT,C,40,1983-06-13,Toronto,ON,CAN,CAN,75,219,2001,OTT,1,2,2
2008,Jason Strudwick,EDM,D,48,1975-07-17,Edmonton,AB,CAN,CAN,76,226,1994,NYI,3,11,63
2008,Jason Ward,T.B,R,45,1979-01-16,Chapleau,ON,CAN,CAN,74,208,1997,MTL,1,11,11
2008,Jason Williams,"ATL, CBJ",C,43,1980-08-11,London,ON,CAN,CAN,71,192,-,-,-,-,-
2008,Jassen Cullimore,FLA,D,51,1972-12-04,Simcoe,ON,CAN,CAN,77,235,1991,VAN,2,7,29
2008,Jay Beagle,WSH,C,38,1985-10-16,Calgary,AB,CAN,CAN,75,210,-,-,-,-,-
2008,Jay Bouwmeester,FLA,D,40,1983-09-27,Edmonton,AB,CAN,CAN,76,206,2002,FLA,1,3,3
2008,Jay Harrison,TOR,D,41,1982-11-03,Oshawa,ON,CAN,CAN,76,188,2001,TOR,3,19,82
2008,Jay Leach,N.J,D,44,1979-09-02,Syracuse,NY,USA,USA,77,220,1998,PHX,5,1,115
2008,Jay McClement,STL,C,41,1983-03-02,Kingston,ON,CAN,CAN,73,205,2001,STL,2,27,57
2008,Jay McKee,STL,D,46,1977-09-08,Kingston,ON,CAN,CAN,76,203,1995,BUF,1,14,14
2008,Jay Pandolfo,N.J,L,49,1974-12-27,Winchester,MA,USA,USA,73,190,1993,N.J,2,6,32
2008,Jean-Francois Jacques,EDM,L,38,1985-04-29,Montreal,QC,CAN,CAN,75,231,2003,EDM,2,38,68
2008,Jed Ortmeyer,NSH,R,45,1978-09-03,Omaha,NE,USA,USA,72,200,-,-,-,-,-
2008,Jeff Carter,PHI,C,39,1985-01-01,London,ON,CAN,CAN,75,219,2003,PHI,1,11,11
2008,Jeff Finger,TOR,D,44,1979-12-18,Houghton,MI,USA,USA,73,209,1999,COL,8,25,240
2008,Jeff Halpern,T.B,C,47,1976-05-03,Washington,DC,USA,USA,72,190,-,-,-,-,-
2008,Jeff Hamilton,TOR,C,46,1977-09-04,Dayton,OH,USA,USA,70,185,-,-,-,-,-
2008,Jeff Hoggan,PHX,R,46,1978-02-01,Hope,BC,CAN,CAN,73,193,-,-,-,-,-
2008,Jeff Schultz,WSH,D,38,1986-02-25,Calgary,AB,CAN,CAN,78,225,2004,WSH,1,27,27
2008,Jeff Taffe,PIT,L,43,1981-02-19,Hastings,MN,USA,USA,75,207,2000,STL,1,30,30
2008,Jeff Tambellini,NYI,L,39,1984-04-13,Calgary,AB,CAN,CAN,71,188,2003,L.A,1,27,27
2008,Jeff Woywitka,STL,D,40,1983-09-01,Vermilion,AB,CAN,CAN,75,227,2001,PHI,1,27,27
2008,Jere Lehtinen,DAL,R,50,1973-06-24,Espoo,FIN,FIN,72,194,1992,MNS,4,16,88,
2008,Jeremy Colliton,NYI,C,39,1985-01-13,Blackie,AB,CAN,CAN,74,214,2003,NYI,2,28,58
2008,Jeremy Roenick,S.J,C,54,1970-01-17,Boston,MA,USA,USA,73,205,1988,CHI,1,8,8
2008,Jeremy Williams,TOR,R,40,1984-01-26,Regina,SK,CAN,CAN,72,191,2003,TOR,7,23,220
2008,Jerred Smithson,NSH,C,45,1979-02-04,Vernon,BC,CAN,CAN,75,209,-,-,-,-,-
2008,Jesse Boulerice,EDM,R,45,1978-08-10,Plattsburgh,NY,USA,USA,74,215,1996,PHI,5,25,133
2008,Jesse Joensuu,NYI,L,36,1987-10-05,Pori,FIN,FIN,76,213,2006,NYI,2,30,60,
2008,Jesse Winchester,OTT,C,40,1983-10-04,Long Sault,ON,CAN,CAN,73,188,-,-,-,-,-
2008,Jim Slater,ATL,C,41,1982-12-09,Lapeer,MI,USA,USA,72,195,2002,ATL,1,30,30
2008,Jim Vandermeer,CGY,D,44,1980-02-21,Caroline,AB,CAN,CAN,73,210,-,-,-,-,-
2008,Jiri Hudler,DET,R,40,1984-01-04,Olomouc,CZE,CZE,70,190,2002,DET,2,28,58,
2008,Jiri Novotny,CBJ,C,40,1983-08-12,Pelhrimov,CZE,CZE,75,204,2001,BUF,1,22,22,
2008,Jiri Tlusty,TOR,L,36,1988-03-16,Slany,CZE,CZE,72,205,2006,TOR,1,13,13,
2008,Joakim Lindstrom,PHX,C,40,1983-12-05,Skellefteå,SWE,SWE,72,187,2002,CBJ,2,11,41,
2008,Jochen Hecht,BUF,C,46,1977-06-21,Mannheim,DEU,DEU,73,198,1995,STL,2,23,49,
2008,Jody Shelley,S.J,L,48,1976-02-07,Thompson,MB,CAN,CAN,75,230,-,-,-,-,-
2008,Joe Callahan,NYI,D,41,1982-12-20,Brockton,MA,USA,USA,75,210,2002,PHX,3,7,70
2008,Joe Corvo,CAR,D,46,1977-06-20,Oak Park,IL,USA,USA,72,204,1997,L.A,4,3,83
2008,Joe Motzko,ATL,R,44,1980-03-14,Bemidji,MN,USA,USA,72,184,-,-,-,-,-
2008,Joe Pavelski,S.J,C,39,1984-07-11,Plover,WI,USA,USA,71,200,2003,S.J,7,8,205
2008,Joe Sakic,COL,C,54,1969-07-07,Burnaby,BC,CAN,CAN,71,195,1987,QUE,1,15,15
2008,Joe Thornton,S.J,C,44,1979-07-02,London,ON,CAN,CAN,76,220,1997,BOS,1,1,1
2008,Joel Lundqvist,DAL,C,42,1982-03-02,Are,SWE,SWE,73,194,2000,DAL,3,3,68,
2008,Joel Perrault,PHX,C,41,1983-04-06,Montreal,QC,CAN,CAN,74,212,2001,ANA,5,6,137
2008,Joel Rechlicz,NYI,R,36,1987-06-14,Brookfield,WI,USA,USA,76,220,-,-,-,-,-
2008,Joel Ward,NSH,R,43,1980-12-02,North York,ON,CAN,CAN,73,225,-,-,-,-,-
2008,Joey Crabb,ATL,R,41,1983-04-03,Anchorage,AK,USA,USA,73,188,2002,NYR,7,29,226
2008,Joffrey Lupul,PHI,L,40,1983-09-23,Fort Saskatchewan,AB,CAN,CAN,73,206,2002,ANA,1,7,7
2008,Johan Franzen,DET,R,44,1979-12-23,Vetlanda,SWE,SWE,76,232,2004,DET,3,32,97,
2008,John Erskine,WSH,D,43,1980-06-26,Kingston,ON,CAN,CAN,76,220,1998,DAL,2,12,39
2008,John Madden,N.J,C,50,1973-05-04,Toronto,ON,CAN,CAN,71,190,-,-,-,-,-
2008,John Mitchell,TOR,C,39,1985-01-22,Oakville,ON,CAN,CAN,73,204,2003,TOR,5,22,158
2008,John Negrin,CGY,D,35,1989-03-25,West Vancouver,BC,CAN,CAN,74,195,2007,CGY,3,9,70
2008,John Scott,MIN,L,41,1982-09-26,Edmonton,AB,CAN,CAN,80,260,-,-,-,-,-
2008,John Zeiler,L.A,R,41,1982-11-21,Jefferson Hills,PA,USA,USA,71,204,2002,PHX,5,1,132
2008,John-Michael Liles,COL,D,43,1980-11-25,Indianapolis,IN,USA,USA,70,185,2000,COL,5,29,159
2008,Johnny Boychuk,BOS,D,40,1984-01-19,Edmonton,AB,CAN,CAN,74,227,2002,COL,2,31,61
2008,Johnny Oduya,N.J,D,42,1981-10-01,Stockholm,SWE,SWE,72,191,2001,WSH,7,25,221,
2008,Jon Kalinski,PHI,L,36,1987-05-25,Bonnyville,AB,CAN,CAN,73,175,2007,PHI,6,1,152
2008,Jon Sim,NYI,L,46,1977-09-29,New glasgow,NS,CAN,CAN,70,189,1996,DAL,3,18,70
2008,Jonas Frogren,TOR,D,43,1980-08-28,Falun,SWE,SWE,73,189,1998,CGY,8,6,206,
2008,Jonas Junland,STL,D,36,1987-11-15,Linkoping,SWE,SWE,74,200,2006,STL,3,1,64,
2008,Jonathan Cheechoo,S.J,R,43,1980-07-15,Moose Factory,ON,CAN,CAN,73,206,1998,S.J,2,2,29
2008,Jonathan Ericsson,DET,D,40,1984-03-02,Karlskrona,SWE,SWE,76,218,2002,DET,9,31,291,
2008,Jonathan Toews,CHI,C,35,1988-04-29,Winnipeg,MB,CAN,CAN,74,201,2006,CHI,1,3,3
2008,Joni Pitkanen,CAR,D,40,1983-09-19,Oulu,FIN,FIN,75,220,2002,PHI,1,4,4,
2008,Jordan Hendry,CHI,D,40,1984-02-23,Lanigan,SK,CAN,CAN,72,194,-,-,-,-,-
2008,Jordan Lavallee-Smotherman,ATL,L,37,1986-05-11,Corvallis,OR,USA,USA,75,225,2005,ATL,4,25,116
2008,Jordan Leopold,"CGY, COL",D,43,1980-08-03,Golden Valley,MN,USA,USA,73,206,1999,ANA,2,16,44
2008,Jordan Staal,PIT,C,35,1988-09-10,Thunder Bay,ON,CAN,CAN,76,220,2006,PIT,1,2,2
2008,Jordin Tootoo,NSH,R,41,1983-02-02,Churchill,MB,CAN,CAN,69,195,2001,NSH,4,2,98
2008,Josef Melichar,"CAR, T.B",D,45,1979-01-20,Ceské Budejovice,CZE,CZE,74,220,1997,PIT,3,18,71,
2008,Josh Bailey,NYI,R,34,1989-10-02,Bowmanville,ON,CAN,CAN,73,200,2008,NYI,1,9,9
2008,Josh Gorges,MTL,D,39,1984-08-14,Kelowna,BC,CAN,CAN,73,204,-,-,-,-,-
2008,Josh Gratton,PHI,L,41,1982-09-09,Brantford,ON,CAN,CAN,74,215,-,-,-,-,-
2008,Josh Hennessy,OTT,C,39,1985-02-07,Brockton,MA,USA,USA,72,200,2003,S.J,2,13,43
2008,Jussi Jokinen,"CAR, T.B",L,41,1983-04-01,Kalajoki,FIN,FIN,72,191,2001,DAL,6,27,192,
2008,Justin Abdelkader,DET,L,37,1987-02-25,Muskegon,MI,USA,USA,74,213,2005,DET,2,12,42
2008,Justin Williams,"CAR, L.A",R,42,1981-10-04,Cobourg,ON,CAN,CAN,73,184,2000,PHI,1,28,28
2008,Kamil Kreps,FLA,C,39,1984-11-18,Litomerice,CZE,CZE,74,194,2003,FLA,2,8,38,
2008,Karl Alzner,WSH,D,35,1988-09-24,Burnaby,BC,CAN,CAN,75,213,2007,WSH,1,5,5
2008,Karlis Skrastins,FLA,D,49,1974-07-09,Riga,LVA,LVA,74,208,1998,NSH,9,2,230,
2008,Keith Aucoin,WSH,C,45,1978-11-06,Waltham,MA,USA,USA,68,171,-,-,-,-,-
2008,Keith Ballard,FLA,D,41,1982-11-26,Baudette,MN,USA,USA,71,204,2002,BUF,1,11,11
2008,Keith Tkachuk,STL,L,52,1972-03-28,Melrose,MA,USA,USA,74,235,1990,WIN,1,19,19
2008,Keith Yandle,PHX,D,37,1986-09-09,Boston,MA,USA,USA,73,192,2005,PHX,4,14,105
2008,Ken Klee,"ANA, PHX",D,52,1971-04-24,Indianapolis,IN,USA,USA,73,210,1990,WSH,9,9,177
2008,Kenndal McArdle,FLA,L,37,1987-01-04,Toronto,ON,CAN,CAN,71,190,2005,FLA,1,20,20
2008,Kent Huskins,ANA,D,44,1979-05-04,Almonte,ON,CAN,CAN,76,210,1998,CHI,6,11,156
2008,Kevin Bieksa,VAN,D,42,1981-06-16,Grimsby,ON,CAN,CAN,73,197,2001,VAN,5,20,151
2008,Kevin Klein,NSH,D,39,1984-12-13,Kitchener,ON,CAN,CAN,73,206,2003,NSH,2,7,37
2008,Kevin Porter,PHX,C,38,1986-03-12,Detroit,MI,USA,USA,72,190,2004,PHX,4,21,119
2008,Kevin Quick,T.B,D,36,1988-03-29,Buffalo,NY,USA,USA,72,181,2006,T.B,3,15,78
2008,Kevin Westgarth,L.A,R,40,1984-02-07,Amherstburg,ON,CAN,CAN,76,234,-,-,-,-,-
2008,Kim Johnsson,MIN,D,48,1976-03-16,Malmö,SWE,SWE,73,193,1994,NYR,11,26,286,
2008,Kimmo Timonen,PHI,D,49,1975-03-18,Kuopio,FIN,FIN,70,194,1993,L.A,10,16,250,
2008,Kirk Maltby,DET,L,51,1972-12-22,Guelph,ON,CAN,CAN,72,195,1992,EDM,3,17,65
2008,Kris Chucko,CGY,L,38,1986-03-13,Burnaby,BC,CAN,CAN,74,190,2004,CGY,1,24,24
2008,Kris Draper,DET,C,52,1971-05-24,Toronto,ON,CAN,CAN,70,188,1989,WIN,3,20,62
2008,Kris Letang,PIT,D,36,1987-04-24,Montreal,QC,CAN,CAN,72,201,2005,PIT,3,1,62
2008,Kris Newbury,TOR,C,42,1982-02-19,Brampton,ON,CAN,CAN,71,205,2002,S.J,5,8,139
2008,Kris Russell,CBJ,D,36,1987-05-02,Caroline,AB,CAN,CAN,70,170,2005,CBJ,3,6,67
2008,Kris Versteeg,CHI,R,37,1986-05-13,Lethbridge,AB,CAN,CAN,71,176,2004,BOS,5,5,134
2008,Kristian Huselius,CBJ,L,45,1978-11-10,Osterhaninge,SWE,SWE,74,184,1997,FLA,2,21,47,
2008,Krys Barch,DAL,R,44,1980-03-26,Hamilton,ON,CAN,CAN,74,225,1998,WSH,4,20,106
2008,Krys Kolanos,MIN,C,42,1981-07-27,Calgary,AB,CAN,CAN,74,195,2000,PHX,1,19,19
2008,Kurt Sauer,PHX,D,43,1981-01-16,St. Cloud,MN,USA,USA,76,222,2000,COL,3,23,88
2008,Kurtis Foster,MIN,D,42,1981-11-24,Carp,ON,CAN,CAN,77,225,2000,CGY,2,10,40
2008,Kurtis McLean,NYI,R,43,1980-11-02,Kirkland Lake,ON,CAN,CAN,72,190,-,-,-,-,-
2008,Kyle Brodziak,EDM,C,39,1984-05-25,St. Paul,AB,CAN,CAN,74,205,2003,EDM,7,17,214
2008,Kyle Calder,L.A,L,45,1979-01-05,Mannville,AB,CAN,CAN,71,177,1997,CHI,5,24,130
2008,Kyle Chipchura,MTL,C,38,1986-02-19,Westlock,AB,CAN,CAN,74,203,2004,MTL,1,18,18
2008,Kyle Cumiskey,COL,D,37,1986-12-02,Abbotsford,BC,CAN,CAN,71,180,2005,COL,7,28,222
2008,Kyle Greentree,CGY,L,40,1983-11-15,Victoria,BC,CAN,CAN,75,215,-,-,-,-,-
2008,Kyle Okposo,NYI,R,35,1988-04-16,St. Paul,MN,USA,USA,72,218,2006,NYI,1,7,7
2008,Kyle Quincey,L.A,D,38,1985-08-12,Kitchener,ON,CAN,CAN,74,210,2003,DET,4,31,132
2008,Kyle Turris,PHX,C,34,1989-08-14,New Westminster,BC,CAN,CAN,73,190,2007,PHX,1,3,3
2008,Kyle Wellwood,VAN,C,40,1983-05-16,Windsor,ON,CAN,CAN,70,181,2001,TOR,5,3,134
2008,Ladislav Smid,EDM,D,38,1986-02-01,Frydlant,CZE,CZE,76,210,2004,ANA,1,9,9,
2008,Landon Wilson,DAL,R,49,1975-03-13,St. Louis,MO,USA,USA,75,224,1993,TOR,1,19,19
2008,Lasse Kukkonen,PHI,D,42,1981-09-18,Oulu,FIN,FIN,72,190,2003,CHI,5,15,151,
2008,Lauri Korpikoski,NYR,L,37,1986-07-28,Turku,FIN,FIN,73,193,2004,NYR,1,19,19,
2008,Lawrence Nycholat,"COL, VAN",D,44,1979-05-07,Calgary,AB,CAN,CAN,72,200,-,-,-,-,-
2008,Lee Stempniak,"STL, TOR",R,41,1983-02-04,West Seneca,NY,USA,USA,71,195,2003,STL,5,12,148
2008,Liam Reddox,EDM,L,38,1986-01-27,Whitby,ON,CAN,CAN,71,178,2004,EDM,4,14,112
2008,Loui Eriksson,DAL,L,38,1985-07-17,Gothenburg,SWE,SWE,74,179,2003,DAL,2,3,33,
2008,Lubomir Visnovsky,EDM,D,47,1976-08-11,Topolcany,SVK,SVK,70,192,2000,L.A,4,22,118,
2008,Luca Caputi,PIT,L,35,1988-10-01,Toronto,ON,CAN,CAN,75,200,2007,PIT,4,20,111
2008,Luca Sbisa,PHI,D,34,1990-01-30,Ozieri,ITA,CHE,74,206,2008,PHI,1,19,19,
2008,Lukas Kaspar,S.J,L,38,1985-09-23,Most,CZE,CZE,74,225,2004,S.J,1,22,22,
2008,Lukas Krajicek,T.B,D,41,1983-03-11,Prostejov,CZE,CZE,75,205,2001,FLA,1,24,24,
2008,Luke Richardson,OTT,D,55,1969-03-26,Ottawa,ON,CAN,CAN,75,214,1987,TOR,1,7,7
2008,Luke Schenn,TOR,D,34,1989-11-02,Saskatoon,SK,CAN,CAN,74,225,2008,TOR,1,5,5
2008,Maksim Mayorov,CBJ,L,35,1989-03-26,Leninogorsk,RUS,RUS,74,198,2007,CBJ,4,3,94,
2008,Manny Malhotra,CBJ,C,43,1980-05-18,Mississauga,ON,CAN,CAN,74,207,1998,NYR,1,7,7
2008,Marc Methot,CBJ,D,38,1985-06-21,Ottawa,ON,CAN,CAN,76,230,2003,CBJ,6,1,168
2008,Marc Savard,BOS,C,46,1977-07-17,Ottawa,ON,CAN,CAN,70,188,1995,NYR,4,13,91
2008,Marc Staal,NYR,D,37,1987-01-13,Thunder Bay,ON,CAN,CAN,76,208,2005,NYR,1,12,12
2008,Marc-Andre Bergeron,MIN,D,43,1980-10-13,Trois-Rivieres,QC,CAN,CAN,69,190,-,-,-,-,-
2008,Marc-Andre Gragnani,BUF,D,37,1987-03-11,Montreal,QC,CAN,CAN,75,205,2005,BUF,3,26,87
2008,Marc-Antoine Pouliot,EDM,C,38,1985-05-22,QC,CAN,CAN,74,203,2003,EDM,1,22,22,
2008,Marc-Edouard Vlasic,S.J,D,37,1987-03-30,Montreal,QC,CAN,CAN,73,205,2005,S.J,2,5,35
2008,Marcel Goc,S.J,C,40,1983-08-24,Calw,DEU,DEU,73,197,2001,S.J,1,20,20,
2008,Marco Sturm,BOS,L,45,1978-09-08,Dingolfing,DEU,DEU,72,196,1996,S.J,1,21,21,
2008,Marek Malik,T.B,D,48,1975-06-24,Ostrava,CZE,CZE,78,235,1993,HFD,3,20,72,
2008,Marek Svatos,COL,R,41,1982-06-17,Kosice,SVK,SVK,70,185,2001,COL,7,31,227,
2008,Marek Zidlicky,MIN,D,47,1977-02-03,Most,CZE,CZE,71,190,2001,NYR,6,11,176,
2008,Marian Gaborik,MIN,R,42,1982-02-14,Trencin,SVK,SVK,73,200,2000,MIN,1,3,3,
2008,Marian Hossa,DET,R,45,1979-01-12,Stará Lubovna,SVK,SVK,73,207,1997,OTT,1,12,12,
2008,Mark Eaton,PIT,D,46,1977-05-06,Wilmington,DE,USA,USA,73,215,-,-,-,-,-
2008,Mark Fistric,DAL,D,37,1986-06-01,Edmonton,AB,CAN,CAN,74,225,2004,DAL,1,28,28
2008,Mark Giordano,CGY,D,40,1983-10-03,Toronto,ON,CAN,CAN,72,205,-,-,-,-,-
2008,Mark Mancari,BUF,R,38,1985-07-11,London,ON,CAN,CAN,76,208,2004,BUF,7,14,207
2008,Mark Parrish,DAL,R,47,1977-02-02,Bloomington,MN,USA,USA,71,199,1996,COL,3,27,79
2008,Mark Recchi,"BOS, T.B",R,56,1968-02-01,Kamloops,BC,CAN,CAN,70,195,1988,PIT,4,4,67
2008,Mark Streit,NYI,D,46,1977-12-11,Bern,CHE,CHE,71,186,2004,MTL,9,4,262,
2008,Mark Stuart,BOS,D,39,1984-04-27,Rochester,MN,USA,USA,74,215,2003,BOS,1,21,21
2008,Markus Naslund,NYR,L,50,1973-07-30,Ornskoldsvik,SWE,SWE,72,191,1991,PIT,1,16,16,
2008,Martin Erat,NSH,R,42,1981-08-29,Trebic,CZE,CZE,72,196,1999,NSH,7,5,191,
2008,Martin Hanzal,PHX,C,37,1987-02-20,Pisek,CZE,CZE,78,230,2005,PHX,1,17,17,
2008,Martin Havlat,CHI,R,42,1981-04-19,Mlada Boleslav,CZE,CZE,74,210,1999,OTT,1,26,26,
2008,Martin Skoula,MIN,D,44,1979-10-28,Litomerice,CZE,CZE,75,226,1998,COL,1,17,17,
2008,Martin St Pierre,BOS,C,40,1983-08-11,Ottawa,ON,CAN,CAN,69,188,-,-,-,-,-
2008,Martin St. Louis,T.B,R,48,1975-06-18,Laval,QC,CAN,CAN,68,180,-,-,-,-,-
2008,Martins Karsums,"BOS, T.B",R,38,1986-02-26,Riga,LVA,LVA,70,198,2004,BOS,2,34,64,
2008,Marty Reasoner,ATL,C,47,1977-02-26,Honeoye Falls,NY,USA,USA,73,197,1996,STL,1,14,14
2008,Mason Raymond,VAN,L,38,1985-09-17,Cochrane,AB,CAN,CAN,73,179,2005,VAN,2,21,51
2008,Mathieu Dandenault,MTL,R,48,1976-02-03,Sherbrooke,QC,CAN,CAN,72,208,1994,DET,2,23,49
2008,Mathieu Schneider,"ATL, MTL",D,54,1969-06-12,New York City,NY,USA,USA,71,192,1987,MTL,3,2,44
2008,Mats Sundin,VAN,C,53,1971-02-13,Bromma,SWE,SWE,77,231,1989,QUE,1,1,1,
2008,Matt Beleskey,ANA,L,35,1988-06-07,Windsor,ON,CAN,CAN,72,207,2006,ANA,4,19,112
2008,Matt Bradley,WSH,R,45,1978-06-13,Stittsville,ON,CAN,CAN,75,200,1996,S.J,4,22,102
2008,Matt Carkner,OTT,D,43,1980-11-03,Winchester,ON,CAN,CAN,77,229,1999,MTL,2,30,58
2008,Matt Carle,"PHI, T.B",D,39,1984-09-25,Anchorage,AK,USA,USA,72,197,2003,S.J,2,17,47
2008,Matt Cooke,PIT,L,45,1978-09-07,Belleville,ON,CAN,CAN,71,216,1997,VAN,6,10,144
2008,Matt Cullen,CAR,C,47,1976-11-02,Virginia,MN,USA,USA,73,202,1996,ANA,2,9,35
2008,Matt D'Agostini,MTL,R,37,1986-10-23,Sault Ste. Marie,ON,CAN,CAN,72,198,2005,MTL,6,28,190
2008,Matt Ellis,BUF,L,42,1981-08-31,Welland,ON,CAN,CAN,72,208,-,-,-,-,-
2008,Matt Greene,L.A,D,40,1983-05-13,Grand Ledge,MI,USA,USA,75,236,2002,EDM,2,14,44
2008,Matt Halischuk,N.J,R,35,1988-06-01,Toronto,ON,CAN,CAN,72,180,2007,N.J,4,26,117
2008,Matt Hendricks,COL,L,42,1981-06-17,Blaine,MN,USA,USA,72,211,2000,NSH,5,1,131
2008,Matt Hunwick,BOS,D,38,1985-05-21,Warren,MI,USA,USA,71,194,2004,BOS,7,31,224
2008,Matt Lashoff,"BOS, T.B",D,37,1986-09-29,East Greenbush,NY,USA,USA,74,204,2005,BOS,1,22,22
2008,Matt Moulson,L.A,L,40,1983-11-01,North York,ON,CAN,CAN,73,188,2003,PIT,9,2,263
2008,Matt Niskanen,DAL,D,37,1986-12-06,Virginia,MN,USA,USA,73,203,2005,DAL,1,28,28
2008,Matt Pelech,CGY,R,36,1987-09-04,Toronto,ON,CAN,CAN,76,230,2005,CGY,1,26,26
2008,Matt Pettinger,T.B,L,43,1980-10-22,Edmonton,AB,CAN,CAN,73,205,2000,WSH,2,13,43
2008,Matt Smaby,T.B,D,39,1984-10-14,Minneapolis,MN,USA,USA,78,230,2003,T.B,2,11,41
2008,Matt Stajan,TOR,C,40,1983-12-19,Mississauga,ON,CAN,CAN,73,195,2002,TOR,2,27,57
2008,Matt Walker,CHI,D,44,1980-04-07,Beaverlodge,AB,CAN,CAN,76,215,1998,STL,3,25,83
2008,Matthew Lombardi,"CGY, PHX",C,42,1982-03-18,Montreal,QC,CAN,CAN,71,195,2002,CGY,3,27,90
2008,Mattias Ohlund,VAN,D,47,1976-09-09,Pitea,SWE,SWE,76,188,1994,VAN,1,13,13,
2008,Max Pacioretty,MTL,L,35,1988-11-20,New Canaan,CT,USA,USA,74,217,2007,MTL,1,22,22
2008,Max Talbot,PIT,C,40,1984-02-11,Lemoyne,QC,CAN,CAN,71,186,2002,PIT,8,5,234
2008,Maxim Afinogenov,BUF,R,44,1979-09-04,Moscow,RUS,RUS,72,190,1997,BUF,3,16,69,
2008,Maxim Lapierre,MTL,C,39,1985-03-29,Saint-Léonard,QC,CAN,CAN,74,215,2003,MTL,2,31,61
2008,Michael Frolik,FLA,R,36,1988-02-17,Kladno,CZE,CZE,73,186,2006,FLA,1,10,10,
2008,Michael Nylander,WSH,C,51,1972-10-03,Stockholm,SWE,SWE,73,200,1991,HFD,3,15,59,
2008,Michael Peca,CBJ,C,50,1974-03-26,Toronto,ON,CAN,CAN,71,183,1992,VAN,2,16,40
2008,Michael Ryan,CAR,C,43,1980-05-16,Boston,MA,USA,USA,73,188,1999,DAL,2,4,32
2008,Michael Ryder,BOS,R,44,1980-03-31,Bonavista,NL,CAN,CAN,73,200,1998,MTL,8,16,216
2008,Michael Sauer,NYR,D,36,1987-08-07,St. Cloud,MN,USA,USA,75,213,2005,NYR,2,10,40
2008,Michael Zigomanis,PIT,C,43,1981-01-17,Toronto,ON,CAN,CAN,72,200,2001,CAR,2,16,46
2008,Michal Handzus,L.A,C,47,1977-03-11,Banská Bystrica,SVK,SVK,77,215,1995,STL,4,23,101,
2008,Michal Repik,FLA,R,35,1988-12-31,Vlasim,CZE,CZE,70,188,2007,FLA,2,10,40,
2008,Michal Rozsival,NYR,D,45,1978-09-03,Vlasim,CZE,CZE,73,210,1996,PIT,4,25,105,
2008,Michel Ouellet,VAN,R,42,1982-03-05,Rimouski,QC,CAN,CAN,73,193,2000,PIT,4,28,124
2008,Mikael Backlund,CGY,C,35,1989-03-17,Vasteras,SWE,SWE,72,206,2007,CGY,1,24,24,
2008,Mikael Samuelsson,DET,R,47,1976-12-23,Mariefred,SWE,SWE,74,218,1998,S.J,5,31,145,
2008,Mike Brown,"ANA, VAN",R,38,1985-06-24,Chicago,IL,USA,USA,71,205,2004,VAN,5,30,159
2008,Mike Cammalleri,CGY,C,41,1982-06-08,Toronto,ON,CAN,CAN,69,185,2001,L.A,2,19,49
2008,Mike Commodore,CBJ,D,44,1979-11-07,Fort Saskatchewan,AB,CAN,CAN,76,227,1999,N.J,2,14,42
2008,Mike Comrie,"NYI, OTT",C,43,1980-09-11,Edmonton,AB,CAN,CAN,70,185,1999,EDM,3,25,91
2008,Mike Fisher,OTT,C,43,1980-06-05,Peterborough,ON,CAN,CAN,73,216,1998,OTT,2,17,44
2008,Mike Green,WSH,D,38,1985-10-12,Calgary,AB,CAN,CAN,73,210,2004,WSH,1,29,29
2008,Mike Grier,S.J,R,49,1975-01-05,Detroit,MI,USA,USA,73,224,1993,STL,9,11,219
2008,Mike Iggulden,NYI,C,41,1982-11-09,St. Catharines,ON,CAN,CAN,75,215,-,-,-,-,-
2008,Mike Knuble,PHI,R,51,1972-07-04,Toronto,ON,CAN,USA,75,229,1991,DET,4,10,76
2008,Mike Komisarek,MTL,D,42,1982-01-19,West Islip,NY,USA,USA,76,235,2001,MTL,1,7,7
2008,Mike Lundin,T.B,D,39,1984-09-24,Burnsville,MN,USA,USA,74,190,2004,T.B,4,4,102
2008,Mike Modano,DAL,C,53,1970-06-07,Livonia,MI,USA,USA,75,212,1988,MNS,1,1,1
2008,Mike Mottau,N.J,D,46,1978-03-19,Quincy,MA,USA,USA,72,195,1997,NYR,7,21,182
2008,Mike Ribeiro,DAL,C,44,1980-02-10,Montreal,QC,CAN,CAN,72,179,1998,MTL,2,18,45
2008,Mike Richards,PHI,C,39,1985-02-11,Kenora,ON,CAN,CAN,71,196,2003,PHI,1,24,24
2008,Mike Rupp,N.J,L,44,1980-01-13,Cleveland,OH,USA,USA,77,235,2000,N.J,3,11,76
2008,Mike Santorelli,NSH,C,38,1985-12-14,Vancouver,BC,CAN,CAN,72,189,2004,NSH,6,15,178
2008,Mike Sillinger,NYI,C,52,1971-06-29,Regina,SK,CAN,CAN,71,198,1989,DET,1,11,11
2008,Mike Van Ryn,TOR,D,44,1979-05-14,London,ON,CAN,CAN,73,213,1998,N.J,1,26,26
2008,Mike Vernace,COL,D,37,1986-05-26,Toronto,ON,CAN,CAN,72,216,2004,S.J,7,8,201
2008,Mike Weaver,STL,D,45,1978-05-02,Brampton,ON,CAN,CAN,70,186,-,-,-,-,-
2008,Mike Weber,BUF,D,36,1987-12-16,Pittsburgh,PA,USA,USA,74,188,2006,BUF,2,27,57
2008,Mike York,CBJ,L,46,1978-01-03,Waterford,MI,USA,USA,70,185,1997,NYR,6,2,136
2008,Mikhail Grabovski,TOR,C,40,1984-01-31,Potsdam,DEU,BLR,71,186,2004,MTL,5,21,150,
2008,Mikkel Boedker,PHX,L,34,1989-12-16,Brondby,DNK,DNK,72,207,2008,PHX,1,8,8,
2008,Mikko Koivu,MIN,C,41,1983-03-12,Turku,FIN,FIN,75,213,2001,MIN,1,6,6,
2008,Mikko Lehtonen,BOS,R,37,1987-04-01,Espoo,FIN,FIN,75,196,2005,BOS,3,22,83,
2008,Milan Hejduk,COL,R,48,1976-02-14,Usti,CZE,CZE,72,190,1994,QUE,4,9,87,
2008,Milan Jurcina,WSH,D,40,1983-06-07,Liptovsky Mikulas,SVK,SVK,76,253,2001,BOS,8,14,241,
2008,Milan Lucic,BOS,L,35,1988-06-07,Vancouver,BC,CAN,CAN,75,240,2006,BOS,2,20,50
2008,Milan Michalek,S.J,L,39,1984-12-07,Jindrichuv Hradec,CZE,CZE,74,225,2003,S.J,1,6,6,
2008,Miroslav Satan,PIT,R,49,1974-10-22,Topolcany,SVK,SVK,75,191,1993,EDM,5,7,111,
2008,Mitchell Fritz,NYI,L,43,1980-11-24,Osoyoos,BC,CAN,CAN,80,249,-,-,-,-,-
2008,Nate Guenin,PHI,D,41,1982-12-10,Aliquippa,PA,USA,USA,75,207,2002,NYR,4,31,127
2008,Nate Raduns,PHI,R,39,1984-05-17,Sauk Rapids,MN,USA,USA,75,212,-,-,-,-,-
2008,Nate Thompson,NYI,C,39,1984-10-05,Anchorage,AK,USA,USA,73,205,2003,BOS,6,16,183
2008,Nathan Gerbe,BUF,C,36,1987-07-24,Oxford,MI,USA,USA,64,176,2005,BUF,5,17,142
2008,Nathan Horton,FLA,R,38,1985-05-29,Welland,ON,CAN,CAN,74,188,2003,FLA,1,3,3
2008,Nathan McIver,ANA,D,39,1985-01-06,Summerside,PE,CAN,CAN,74,205,2003,VAN,8,25,254
2008,Nathan Oystrick,ATL,D,41,1982-12-17,Regina,SK,CAN,CAN,71,213,2002,ATL,7,1,198
2008,Nathan Paetsch,BUF,D,41,1983-03-30,Leroy,SK,CAN,CAN,73,198,2003,BUF,7,5,202
2008,Nick Boynton,FLA,D,45,1979-01-14,Nobleton,ON,CAN,CAN,73,218,1999,BOS,1,21,21
2008,Nick Foligno,OTT,L,36,1987-10-31,Buffalo,NY,USA,USA,72,210,2006,OTT,1,28,28
2008,Nick Schultz,MIN,D,41,1982-08-25,Strasbourg,SK,CAN,CAN,73,203,2000,MIN,2,3,33
2008,Nick Tarnasky,"FLA, NSH",L,39,1984-11-25,Rocky Mountain House,AB,CAN,CAN,74,188,2003,T.B,9,26,287
2008,Nicklas Backstrom,WSH,C,36,1987-11-23,Gävle,SWE,SWE,73,202,2006,WSH,1,4,4,
2008,Nicklas Grossmann,DAL,D,39,1985-01-22,Stockholm,SWE,SWE,76,230,2004,DAL,2,26,56,
2008,Nicklas Lidstrom,DET,D,53,1970-04-28,Vasteras,SWE,SWE,73,192,1989,DET,3,11,53,
2008,Niclas Bergfors,N.J,R,37,1987-03-07,Sodertalje,SWE,SWE,70,194,2005,N.J,1,23,23,
2008,Niclas Havelid,"ATL, N.J",D,50,1973-04-12,Stockholm,SWE,SWE,72,200,1999,ANA,3,17,83,
2008,Niclas Wallin,CAR,D,49,1975-02-20,Boden,SWE,SWE,75,220,2000,CAR,4,1,97,
2008,Nigel Dawes,"NYR, PHX",L,39,1985-02-09,Winnipeg,MB,CAN,CAN,69,200,2003,NYR,5,13,149
2008,Nik Antropov,"NYR, TOR",C,44,1980-02-18,Ust-Kamenogorsk,KAZ,KAZ,78,245,1998,TOR,1,10,10,
2008,Nikita Filatov,CBJ,L,33,1990-05-25,Moscow,RUS,RUS,72,190,2008,CBJ,1,6,6,
2008,Niklas Hagman,TOR,L,44,1979-12-05,Espoo,FIN,FIN,70,205,1999,FLA,3,4,70,
2008,Niklas Hjalmarsson,CHI,D,36,1987-06-06,Eksjo,SWE,SWE,75,197,2005,CHI,4,17,108,
2008,Niklas Kronwall,DET,D,43,1981-01-12,Stockholm,SWE,SWE,72,194,2000,DET,1,29,29,
2008,Nikolay Kulemin,TOR,L,37,1986-07-14,Magnitogorsk,RUS,RUS,73,228,2006,TOR,2,14,44,
2008,Nikolay Zherdev,NYR,R,39,1984-11-05,Kiev,UKR,RUS,74,203,2003,CBJ,1,4,4,
2008,Noah Welch,"FLA, T.B",D,41,1982-08-26,Brighton,MA,USA,USA,76,215,2001,PIT,2,24,54
2008,Ole-Kristian Tollefsen,CBJ,D,40,1984-03-29,Oslo,NOR,NOR,74,211,2002,CBJ,3,2,65,
2008,Olli Jokinen,"CGY, PHX",C,45,1978-12-05,Kuopio,FIN,FIN,74,210,1997,L.A,1,3,3,
2008,Oscar Moller,L.A,R,35,1989-01-22,Stockholm,SWE,SWE,70,189,2007,L.A,2,22,52,
2008,Oskar Osala,WSH,L,36,1987-12-26,Vaasa,FIN,FIN,76,219,2006,WSH,4,4,97,
2008,Ossi Vaananen,"PHI, VAN",D,43,1980-08-18,Vantaa,FIN,FIN,76,215,1998,PHX,2,16,43,
2008,Owen Nolan,MIN,R,52,1972-02-12,Belfast,GBR,CAN,73,214,1990,QUE,1,1,1,
2008,P.J. Axelsson,BOS,L,49,1975-02-26,Kungalv,SWE,SWE,73,188,1995,BOS,7,21,177,
2008,Pascal Dupuis,PIT,R,45,1979-04-07,Laval,QC,CAN,CAN,73,205,-,-,-,-,-
2008,Pascal Pelletier,CHI,L,40,1983-06-16,Labrador City,NL,CAN,CAN,71,191,-,-,-,-,-
2008,Patric Hornqvist,NSH,R,37,1987-01-01,Sollentuna,SWE,SWE,71,189,2005,NSH,7,36,230,
2008,Patrice Bergeron,BOS,C,38,1985-07-24,Ancienne-Lorette,QC,CAN,CAN,73,196,2003,BOS,2,15,45
2008,Patrice Brisebois,MTL,D,53,1971-01-27,Montreal,QC,CAN,CAN,74,197,1989,MTL,2,9,30
2008,Patrick Davis,N.J,R,37,1986-12-28,Sterling Heights,MI,USA,USA,74,195,2005,N.J,4,8,99
2008,Patrick Dwyer,CAR,R,40,1983-06-22,Spokane,WA,USA,USA,71,175,2002,ATL,4,20,116
2008,Patrick Eaves,CAR,R,39,1984-05-01,Calgary,AB,CAN,USA,70,203,2003,OTT,1,29,29
2008,Patrick Kaleta,BUF,R,37,1986-06-08,Buffalo,NY,USA,USA,73,198,2004,BUF,6,13,176
2008,Patrick Kane,CHI,R,35,1988-11-19,Buffalo,NY,USA,USA,70,177,2007,CHI,1,1,1
2008,Patrick Marleau,S.J,C,44,1979-09-15,Aneroid,SK,CAN,CAN,74,215,1997,S.J,1,2,2
2008,Patrick O'Sullivan,"EDM, L.A",C,39,1985-02-01,Toronto,ON,CAN,USA,71,189,2003,MIN,2,26,56
2008,Patrick Rissmiller,NYR,L,45,1978-10-26,Belmont,MA,USA,USA,76,225,-,-,-,-,-
2008,Patrick Sharp,CHI,L,42,1981-12-27,Winnipeg,MB,CAN,CAN,73,200,2001,PHI,3,32,95
2008,Patrik Berglund,STL,C,35,1988-06-02,Västerås,SWE,SWE,76,215,2006,STL,1,25,25,
2008,Patrik Elias,N.J,C,47,1976-04-13,Trebic,CZE,CZE,73,190,1994,N.J,2,25,51,
2008,Paul Bissonnette,PIT,L,39,1985-03-11,Welland,ON,CAN,CAN,74,216,2003,PIT,4,20,121
2008,Paul Gaustad,BUF,C,42,1982-02-03,Fargo,ND,USA,USA,77,227,2000,BUF,7,23,220
2008,Paul Kariya,STL,L,49,1974-10-16,Vancouver,BC,CAN,CAN,70,185,1993,ANA,1,4,4
2008,Paul Mara,NYR,D,44,1979-09-07,Ridgewood,NJ,USA,USA,76,211,1997,T.B,1,7,7
2008,Paul Martin,N.J,D,43,1981-03-05,Minneapolis,MN,USA,USA,73,200,2000,N.J,2,32,62
2008,Paul Ranger,T.B,D,39,1984-09-12,Whitby,ON,CAN,CAN,75,210,2002,T.B,6,17,183
2008,Paul Stastny,COL,C,38,1985-12-27,Quebec City,QC,CAN,USA,72,193,2005,COL,2,14,44
2008,Paul Szczechura,T.B,C,38,1985-11-30,Brantford,ON,CAN,CAN,70,186,-,-,-,-,-
2008,Pavel Datsyuk,DET,C,45,1978-07-20,Sverdlovsk,RUS,RUS,71,188,1998,DET,6,26,171,
2008,Pavel Kubina,TOR,D,46,1977-04-15,Celadna,CZE,CZE,76,258,1996,T.B,7,17,179,
2008,Pavol Demitra,VAN,R,49,1974-11-29,Dubnica nad Váhom,SVK,SVK,72,200,1993,OTT,9,19,227,
2008,Per Ledin,COL,L,45,1978-09-14,Lulea,SWE,SWE,72,194,-,-,-,-,-,
2008,Peter Harrold,L.A,D,40,1983-06-08,Kirtland Hills,OH,USA,USA,71,180,-,-,-,-,-
2008,Peter Mueller,PHX,C,35,1988-04-14,Bloomington,MN,USA,USA,74,204,2006,PHX,1,8,8
2008,Peter Olvecky,MIN,L,38,1985-10-11,Nove Zamky,SVK,SVK,74,220,2004,MIN,3,13,78,
2008,Peter Regin,OTT,C,37,1986-04-16,Herning,DNK,DNK,74,190,2004,OTT,3,22,87,
2008,Petr Prucha,"NYR, PHX",R,41,1982-09-14,Chrudim,CZE,CZE,72,175,2002,NYR,8,11,240,
2008,Petr Sykora,PIT,R,47,1976-11-19,Plzen,CZE,CZE,72,190,1995,N.J,1,18,18,
2008,Petr Vrana,N.J,L,39,1985-03-29,Sternberk,CZE,CZE,70,174,2003,N.J,2,12,42,
2008,Petteri Nokelainen,"ANA, BOS",C,38,1986-01-16,Imatra,FIN,FIN,73,201,2004,NYI,1,16,16,
2008,Phil Kessel,BOS,R,36,1987-10-02,Madison,WI,USA,USA,71,208,2006,BOS,1,5,5
2008,Phil Oreskovic,TOR,D,37,1987-01-26,North York,ON,CAN,CAN,76,217,2005,TOR,3,21,82
2008,Philippe Boucher,"DAL, PIT",D,51,1973-03-24,St. Apollinaire,QC,CAN,CAN,75,218,1991,BUF,1,13,13
2008,Philippe Dupuis,COL,C,38,1985-04-24,Laval,QC,CAN,CAN,72,196,2003,CBJ,4,3,104
2008,Pierre-Luc Letourneau-Leblond,N.J,R,38,1985-06-04,Levis,QC,CAN,CAN,73,218,2004,N.J,7,23,216
2008,Pierre-Marc Bouchard,MIN,C,39,1984-04-27,Sherbrooke,QC,CAN,CAN,70,168,2002,MIN,1,8,8
2008,Quintin Laing,WSH,L,44,1979-06-08,Harris,SK,CAN,CAN,75,193,1997,DET,4,22,102
2008,R.J. Umberger,CBJ,C,41,1982-05-03,Pittsburgh,PA,USA,USA,74,214,2001,VAN,1,16,16
2008,Radek Bonk,NSH,C,48,1976-01-09,Krnov,CZE,CZE,74,210,1994,OTT,1,3,3,
2008,Radek Dvorak,FLA,R,47,1977-03-09,Tabor,CZE,CZE,74,195,1995,FLA,1,10,10,
2008,Radek Martinek,NYI,D,47,1976-08-31,Havlickuv Brod,CZE,CZE,72,205,1999,NYI,8,13,228,
2008,Radek Smolenak,T.B,L,37,1986-12-03,Prague,CZE,CZE,74,207,2005,T.B,3,12,73,
2008,Radim Vrbata,T.B,R,42,1981-06-13,Mlada Boleslav,CZE,CZE,73,194,1999,COL,7,26,212,
2008,Raffi Torres,CBJ,L,42,1981-10-08,Toronto,ON,CAN,CAN,72,215,2000,NYI,1,5,5
2008,Raitis Ivanans,L.A,L,45,1979-01-03,Riga,LVA,LVA,76,231,-,-,-,-,-,
2008,Randy Jones,PHI,D,42,1981-07-23,Quispamsis,NB,CAN,CAN,74,210,-,-,-,-,-
2008,Ray Macias,COL,D,37,1986-09-18,Long Beach,CA,USA,USA,74,195,2005,COL,4,33,124
2008,Ray Whitney,CAR,L,51,1972-05-08,Fort Saskatchewan,AB,CAN,CAN,70,180,1991,S.J,2,1,23
2008,Raymond Sawada,DAL,R,39,1985-02-19,Richmond,BC,CAN,CAN,74,207,2004,DAL,2,22,52
2008,Rene Bourque,CGY,R,42,1981-12-10,Lac La Biche,AB,CAN,CAN,74,217,-,-,-,-,-
2008,Rich Peverley,"ATL, NSH",C,41,1982-07-08,Kingston,ON,CAN,CAN,71,195,-,-,-,-,-
2008,Richard Park,NYI,R,47,1976-05-27,Seoul,KOR,USA,71,190,1994,PIT,2,24,50,
2008,Richard Petiot,T.B,D,41,1982-08-20,Daysland,AB,CAN,CAN,75,215,2001,L.A,4,20,116
2008,Richard Zednik,FLA,R,48,1976-01-06,Bystrica,SVK,SVK,72,200,1994,WSH,10,15,249,
2008,Rick Nash,CBJ,R,39,1984-06-16,Brampton,ON,CAN,CAN,76,211,2002,CBJ,1,1,1
2008,Rick Rypien,VAN,C,39,1984-05-16,Coleman,AB,CAN,CAN,71,190,-,-,-,-,-
2008,Riley Armstrong,S.J,C,39,1984-11-08,Lloydminster,SK,CAN,CAN,71,185,-,-,-,-,-
2008,Riley Cote,PHI,L,42,1982-03-16,Winnipeg,MB,CAN,CAN,74,220,-,-,-,-,-
2008,Rob Blake,S.J,D,54,1969-12-10,Simcoe,ON,CAN,CAN,76,220,1988,L.A,4,7,70
2008,Rob Davison,VAN,D,43,1980-05-01,St. Catharines,ON,CAN,CAN,74,215,1998,S.J,4,12,98
2008,Rob Niedermayer,ANA,C,49,1974-12-28,Cassiar,BC,CAN,CAN,74,203,1993,FLA,1,5,5
2008,Rob Schremp,EDM,C,37,1986-07-01,Fulton,NY,USA,USA,71,200,2004,EDM,1,25,25
2008,Rob Scuderi,PIT,D,45,1978-12-30,Syosset,NY,USA,USA,73,216,1998,PIT,5,20,134
2008,Robert Lang,MTL,C,53,1970-12-19,Teplice,CZE,CZE,75,217,1990,L.A,7,7,133,
2008,Robert Nilsson,EDM,C,39,1985-01-10,Calgary,AB,CAN,SWE,71,185,2003,NYI,1,15,15
2008,Robyn Regehr,CGY,D,43,1980-04-19,Recife,BRA,CAN,75,222,1998,COL,1,19,19,
2008,Rod Brind'Amour,CAR,C,53,1970-08-09,Ottawa,ON,CAN,CAN,73,205,1988,STL,1,9,9
2008,Roman Hamrlik,MTL,D,49,1974-04-12,Zlin,CZE,CZE,74,206,1992,T.B,1,1,1,
2008,Roman Polak,STL,D,37,1986-04-28,Ostrava,CZE,CZE,74,240,2004,STL,6,17,180,
2008,Ron Hainsey,ATL,D,43,1981-03-24,Bolton,CT,USA,USA,75,201,2000,MTL,1,13,13
2008,Rostislav Klesla,CBJ,D,42,1982-03-21,Novy Jicin,CZE,CZE,75,215,2000,CBJ,1,4,4,
2008,Rostislav Olesz,FLA,L,38,1985-10-10,Bilovec,CZE,CZE,74,215,2004,FLA,1,7,7,
2008,Ruslan Fedotenko,PIT,L,45,1979-01-18,Kiev,UKR,UKR,73,188,-,-,-,-,-,
2008,Ruslan Salei,COL,D,49,1974-11-02,Minsk,BLR,BLR,73,212,1996,ANA,1,9,9,
2008,Ryan Bayda,CAR,L,43,1980-12-09,Saskatoon,SK,CAN,CAN,71,185,2000,CAR,3,15,80
2008,Ryan Callahan,NYR,R,39,1985-03-21,Rochester,NY,USA,USA,70,187,2004,NYR,4,29,127
2008,Ryan Carter,ANA,L,40,1983-08-03,White Bear Lake,MN,USA,USA,73,205,-,-,-,-,-
2008,Ryan Craig,T.B,C,42,1982-01-06,Abbotsford,BC,CAN,CAN,74,213,2002,T.B,8,26,255
2008,Ryan Getzlaf,ANA,C,38,1985-05-10,Regina,SK,CAN,CAN,76,220,2003,ANA,1,19,19
2008,Ryan Hollweg,TOR,L,40,1983-04-23,Downey,CA,USA,USA,70,212,2001,NYR,8,11,238
2008,Ryan Johnson,VAN,C,47,1976-06-14,Thunder Bay,ON,CAN,CAN,73,199,1994,FLA,2,10,36
2008,Ryan Jones,NSH,L,39,1984-06-14,Chatham,ON,CAN,CAN,73,208,2004,MIN,4,13,111
2008,Ryan Kesler,VAN,C,39,1984-08-31,Livonia,MI,USA,USA,74,206,2003,VAN,1,23,23
2008,Ryan Malone,T.B,L,44,1979-12-01,Pittsburgh,PA,USA,USA,76,224,1999,PIT,4,19,115
2008,Ryan O'Byrne,MTL,D,39,1984-07-19,Victoria,BC,CAN,CAN,77,234,2003,MTL,3,11,79
2008,Ryan Parent,PHI,D,37,1987-03-17,Prince Albert,SK,CAN,CAN,75,198,2005,NSH,1,18,18
2008,Ryan Potulny,EDM,C,39,1984-09-05,Grand Forks,ND,USA,USA,72,182,2003,PHI,3,19,87
2008,Ryan Shannon,OTT,R,41,1983-03-02,Darien,CT,USA,USA,69,175,-,-,-,-,-
2008,Ryan Smyth,COL,L,48,1976-02-21,Banff,AB,CAN,CAN,74,191,1994,EDM,1,6,6
2008,Ryan Stone,PIT,C,39,1985-03-20,Calgary,AB,CAN,CAN,74,207,2003,PIT,2,2,32
2008,Ryan Suter,NSH,D,39,1985-01-21,Madison,WI,USA,USA,73,205,2003,NSH,1,7,7
2008,Ryan Vesce,S.J,R,42,1982-04-07,Lloyd Harbor,NY,USA,USA,68,175,-,-,-,-,-
2008,Ryan Whitney,"ANA, PIT",D,41,1983-02-19,Boston,MA,USA,USA,76,209,2002,PIT,1,5,5
2008,Ryane Clowe,S.J,L,41,1982-09-30,St. John's,NL,CAN,CAN,75,188,2001,S.J,6,10,175
2008,Saku Koivu,MTL,C,49,1974-11-23,Turku,FIN,FIN,70,181,1993,MTL,1,21,21,
2008,Sam Gagner,EDM,C,34,1989-08-10,London,ON,CAN,CAN,71,201,2007,EDM,1,6,6
2008,Sami Lepisto,WSH,D,39,1984-10-17,Espoo,FIN,FIN,73,193,2004,WSH,3,1,66,
2008,Sami Salo,VAN,D,49,1974-09-02,Turku,FIN,FIN,75,215,1996,OTT,9,24,239,
2008,Samuel Pahlsson,"ANA, CHI",C,46,1977-12-17,Ange,SWE,SWE,72,202,1996,COL,7,14,176,
2008,Scott Gomez,NYR,C,44,1979-12-23,Anchorage,AK,USA,USA,71,200,1998,N.J,1,27,27
2008,Scott Hannan,COL,D,45,1979-01-23,Richmond,BC,CAN,CAN,73,215,1997,S.J,1,23,23
2008,Scott Hartnell,PHI,L,41,1982-04-18,Regina,SK,CAN,CAN,74,215,2000,NSH,1,6,6
2008,Scott Lehman,ATL,D,38,1986-01-05,Windsor,CAN,CAN,73,194,2004,ATL,3,11,76,
2008,Scott Nichol,NSH,C,49,1974-12-31,Edmonton,AB,CAN,CAN,68,179,1993,BUF,11,12,272
2008,Scott Niedermayer,ANA,D,50,1973-08-31,Edmonton,AB,CAN,CAN,73,194,1991,N.J,1,3,3
2008,Scott Walker,CAR,R,50,1973-07-19,Cambridge,ON,CAN,CAN,70,196,1993,VAN,5,20,124
2008,Scottie Upshall,"PHI, PHX",R,40,1983-10-07,Fort McMurray,AB,CAN,CAN,72,200,2002,NSH,1,6,6
2008,Sean Avery,"DAL, NYR",L,43,1980-04-10,North York,ON,CAN,CAN,70,195,-,-,-,-,-
2008,Sean Bentivoglio,NYI,L,38,1985-10-16,Thorold,ON,CAN,CAN,70,190,-,-,-,-,-
2008,Sean Bergenheim,NYI,L,40,1984-02-08,Helsinki,FIN,FIN,71,201,2002,NYI,1,22,22,
2008,Sean Collins,WSH,D,40,1983-10-30,Troy,MI,USA,USA,73,205,-,-,-,-,-
2008,Sean O'Donnell,L.A,D,52,1971-10-13,Ottawa,ON,CAN,CAN,74,238,1991,BUF,6,13,123
2008,Sergei Fedorov,WSH,C,54,1969-12-13,Pskov,RUS,RUS,74,207,1989,DET,4,11,74,
2008,Sergei Gonchar,PIT,D,49,1974-04-13,Chelyabinsk,RUS,RUS,74,210,1992,WSH,1,14,14,
2008,Sergei Kostitsyn,MTL,L,37,1987-03-20,Novopolotsk,BLR,BLR,72,196,2005,MTL,7,6,200,
2008,Sergei Samsonov,CAR,L,45,1978-10-27,Moscow,RUS,RUS,68,188,1997,BOS,1,8,8,
2008,Sergei Zubov,DAL,D,53,1970-07-22,Moscow,RUS,RUS,73,198,1990,NYR,5,1,85,
2008,Shane Doan,PHX,R,47,1976-10-10,Halkirk,AB,CAN,CAN,73,223,1995,WIN,1,7,7
2008,Shane Hnidy,BOS,D,48,1975-11-08,Neepawa,MB,CAN,CAN,74,204,1994,BUF,7,17,173
2008,Shane O'Brien,"T.B, VAN",D,40,1983-08-09,Port Hope,ON,CAN,CAN,75,230,2003,ANA,8,21,250
2008,Shaone Morrisonn,WSH,D,41,1982-12-23,Vancouver,BC,CAN,CAN,76,210,2001,BOS,1,19,19
2008,Shawn Horcoff,EDM,C,45,1978-09-17,Trail,BC,CAN,CAN,73,210,1998,EDM,4,13,99
2008,Shawn Matthias,FLA,L,36,1988-02-19,Mississauga,ON,CAN,CAN,76,231,2006,DET,2,17,47
2008,Shawn Thornton,BOS,L,46,1977-07-23,Oshawa,ON,CAN,CAN,74,217,1997,TOR,7,29,190
2008,Shea Weber,NSH,D,38,1985-08-14,Sicamous,BC,CAN,CAN,76,230,2003,NSH,2,19,49
2008,Shean Donovan,OTT,R,49,1975-01-22,Timmins,ON,CAN,CAN,75,218,1993,S.J,2,2,28
2008,Sheldon Brookbank,"ANA, N.J",D,43,1980-10-03,Lanigan,SK,CAN,CAN,73,202,-,-,-,-,-
2008,Sheldon Souray,EDM,D,47,1976-07-13,Elk Point,AB,CAN,CAN,76,231,1994,N.J,3,19,71
2008,Sidney Crosby,PIT,C,36,1987-08-07,Cole Harbour,NS,CAN,CAN,71,200,2005,PIT,1,1,1
2008,Simon Gagne,PHI,L,44,1980-02-29,Ste. Foy,QC,CAN,CAN,73,195,1998,PHI,1,22,22
2008,Spencer Machacek,ATL,R,35,1988-10-14,Lethbridge,AB,CAN,CAN,73,200,2007,ATL,3,6,67
2008,Staffan Kronwall,WSH,D,41,1982-09-10,Järfälla,SWE,SWE,75,209,2002,TOR,9,25,285,
2008,Stephane Robidas,DAL,D,47,1977-03-03,Sherbrooke,QC,CAN,CAN,71,190,1995,MTL,7,8,164
2008,Stephane Veilleux,MIN,L,42,1981-11-16,Beauceville,QC,CAN,CAN,73,200,2001,MIN,3,30,93
2008,Stephane Yelle,BOS,C,49,1974-05-09,Ottawa,ON,CAN,CAN,74,182,1992,N.J,8,18,186
2008,Stephen Weiss,FLA,C,41,1983-04-03,Toronto,ON,CAN,CAN,71,190,2001,FLA,1,4,4
2008,Steve Begin,"DAL, MTL",L,45,1978-06-14,Trois-Rivieres,QC,CAN,CAN,72,192,1996,CGY,2,14,40
2008,Steve Bernier,VAN,R,39,1985-03-31,Quebec City,QC,CAN,CAN,75,222,2003,S.J,1,16,16
2008,Steve Downie,"PHI, T.B",R,37,1987-04-03,Newmarket,ON,CAN,CAN,71,191,2005,PHI,1,29,29
2008,Steve Eminger,"FLA, PHI, T.B",D,40,1983-10-31,Woodbridge,ON,CAN,CAN,74,207,2002,WSH,1,12,12
2008,Steve MacIntyre,EDM,L,43,1980-08-08,Brock,SK,CAN,CAN,77,250,-,-,-,-,-
2008,Steve Montador,"ANA, BOS",D,44,1979-12-21,Vancouver,BC,CAN,CAN,72,210,-,-,-,-,-
2008,Steve Ott,DAL,C,41,1982-08-19,Summerside,PE,CAN,CAN,72,193,2000,DAL,1,25,25
2008,Steve Regier,STL,L,39,1984-08-31,Edmonton,AB,CAN,CAN,76,194,2004,NYI,5,19,148
2008,Steve Reinprecht,PHX,C,47,1976-05-07,Edmonton,AB,CAN,CAN,72,188,-,-,-,-,-
2008,Steve Staios,EDM,D,50,1973-07-28,Hamilton,ON,CAN,CAN,73,200,1991,STL,2,5,27
2008,Steve Sullivan,NSH,L,49,1974-07-06,Timmins,ON,CAN,CAN,69,165,1994,N.J,9,25,233
2008,Steve Wagner,STL,D,40,1984-03-06,Grand Rapids,MN,USA,USA,74,200,-,-,-,-,-
2008,Steven Goertzen,PHX,R,39,1984-05-26,Stony Plain,AB,CAN,CAN,74,216,2002,CBJ,7,28,225
2008,Steven Stamkos,T.B,C,34,1990-02-07,Markham,ON,CAN,CAN,72,182,2008,T.B,1,1,1
2008,T.J. Hensick,COL,C,38,1985-12-10,Lansing,MI,USA,USA,70,190,2005,COL,3,27,88
2008,T.J. Oshie,STL,R,37,1986-12-23,Everett,WA,USA,USA,72,187,2005,STL,1,24,24
2008,TJ Galiardi,COL,L,35,1988-04-22,Calgary,AB,CAN,CAN,74,185,2007,COL,2,25,55
2008,Tanner Glass,FLA,L,40,1983-11-29,Regina,SK,CAN,CAN,73,213,2003,FLA,9,4,265
2008,Taylor Chorney,EDM,D,36,1987-04-27,Thunder Bay,ON,CAN,USA,72,193,2005,EDM,2,6,36
2008,Taylor Pyatt,VAN,L,42,1981-08-19,Thunder Bay,ON,CAN,CAN,76,230,1999,NYI,1,8,8
2008,Teddy Purcell,L.A,L,38,1985-09-08,St. John's,NL,CAN,CAN,74,195,-,-,-,-,-
2008,Teemu Selanne,ANA,R,53,1970-07-03,Helsinki,FIN,FIN,72,209,1988,WIN,1,10,10,
2008,Teppo Numminen,BUF,D,55,1968-07-03,Tampere,FIN,FIN,74,198,1986,WIN,2,8,29,
2008,Theo Peckham,EDM,D,36,1987-11-10,Richmond Hill,ON,CAN,CAN,74,246,2006,EDM,3,12,75
2008,Thomas Pock,NYI,D,42,1981-12-02,Klagenfurt,AUT,AUT,73,210,-,-,-,-,-,
2008,Thomas Vanek,BUF,L,40,1984-01-19,Vienna,AUT,AUT,74,214,2003,BUF,1,5,5,
2008,Tim Brent,CHI,C,40,1984-03-10,Cambridge,CAN,CAN,72,188,2004,ANA,3,10,75,
2008,Tim Conboy,CAR,D,42,1982-03-22,Farmington,MN,USA,USA,74,210,2002,S.J,7,20,217
2008,Tim Connolly,BUF,C,42,1981-05-07,Syracuse,NY,USA,USA,73,190,1999,NYI,1,5,5
2008,Tim Gleason,CAR,D,41,1983-01-29,Clawson,MI,USA,USA,72,217,2001,OTT,1,23,23
2008,Tim Jackman,NYI,R,42,1981-11-14,Minot,ND,USA,USA,74,188,2001,CBJ,2,8,38
2008,Tim Kennedy,BUF,L,37,1986-04-30,Buffalo,NY,USA,USA,70,175,2005,WSH,6,19,181
2008,Tim Sestito,EDM,L,39,1984-08-28,Rome,NY,USA,USA,71,195,-,-,-,-,-
2008,Tim Stapleton,TOR,C,41,1982-07-19,Forest Park,IL,USA,USA,69,180,-,-,-,-,-
2008,Tim Wallace,PIT,R,39,1984-08-06,Anchorage,AK,USA,USA,73,207,-,-,-,-,-
2008,Toby Enstrom,ATL,D,39,1984-11-05,Nordingra,SWE,SWE,70,180,2003,ATL,8,10,239,
2008,Toby Petersen,DAL,C,45,1978-10-27,Minneapolis,MN,USA,USA,70,195,1998,PIT,9,16,244
2008,Todd Bertuzzi,CGY,R,49,1975-02-02,Sudbury,ON,CAN,CAN,75,229,1993,NYI,1,23,23
2008,Todd Fedoruk,PHX,L,45,1979-02-13,Redwater,AB,CAN,CAN,74,232,1997,PHI,7,3,164
2008,Todd Marchant,ANA,C,50,1973-08-12,Buffalo,NY,USA,USA,70,180,1993,NYR,7,8,164
2008,Todd White,ATL,C,48,1975-05-21,Kanata,ON,CAN,CAN,70,198,-,-,-,-,-
2008,Tom Cavanagh,S.J,R,42,1982-03-24,Warwick,RI,USA,USA,72,200,2001,S.J,6,17,182
2008,Tom Gilbert,EDM,D,41,1983-01-10,Bloomington,MN,USA,USA,74,210,2002,COL,4,33,129
2008,Tom Kostopoulos,MTL,R,45,1979-01-24,Mississauga,ON,CAN,CAN,72,197,1999,PIT,7,18,204
2008,Tom Poti,WSH,D,47,1977-03-22,Worcester,MA,USA,USA,75,190,1996,EDM,3,7,59
2008,Tom Preissing,L.A,D,45,1978-12-03,Arlington Heights,IL,USA,USA,72,197,-,-,-,-,-
2008,Tom Wandell,DAL,C,37,1987-01-29,Sodertalje,SWE,SWE,73,200,2005,DAL,5,21,146,
2008,Tomas Fleischmann,WSH,L,39,1984-05-16,Koprivnice,CZE,CZE,73,192,2002,DET,2,33,63,
2008,Tomas Holmstrom,DET,L,51,1973-01-23,Pitea,SWE,SWE,72,200,1994,DET,10,23,257,
2008,Tomas Kaberle,TOR,D,46,1978-03-02,Rakovnik,CZE,CZE,73,212,1996,TOR,8,15,204,
2008,Tomas Kopecky,DET,R,42,1982-02-05,Ilava,SVK,SVK,75,210,2000,DET,2,8,38,
2008,Tomas Mojzis,MIN,D,41,1982-05-02,Kolin,CZE,CZE,73,195,2001,TOR,8,19,246,
2008,Tomas Plekanec,MTL,C,41,1982-10-31,Kladno,CZE,CZE,71,190,2001,MTL,3,8,71,
2008,Tomas Plihal,S.J,C,41,1983-03-28,Frydlant,CZE,CZE,73,210,2001,S.J,5,9,140,
2008,Toni Lydman,BUF,D,46,1977-09-25,Lahti,FIN,FIN,74,213,1996,CGY,4,9,89,
2008,Travis Moen,"ANA, S.J",L,42,1982-04-06,Stewart Valley,SK,CAN,CAN,74,215,2000,CGY,5,25,155
2008,Travis Zajac,N.J,C,38,1985-05-13,Winnipeg,MB,CAN,CAN,74,185,2004,N.J,1,20,20
2008,Trent Hunter,NYI,R,43,1980-07-05,Red Deer,AB,CAN,CAN,75,217,1998,ANA,6,5,150
2008,Trent Whitfield,STL,C,46,1977-06-17,Alameda,SK,CAN,CAN,71,209,1996,BOS,4,20,100
2008,Trevor Daley,DAL,D,40,1983-10-09,Toronto,ON,CAN,CAN,71,199,2002,DAL,2,13,43
2008,Trevor Lewis,L.A,C,37,1987-01-08,Salt Lake City,UT,USA,USA,73,201,2006,L.A,1,17,17
2008,Trevor Smith,NYI,C,39,1985-02-08,Ottawa,ON,CAN,CAN,73,195,-,-,-,-,-
2008,Troy Bodie,ANA,R,39,1985-01-25,Portage La Prairie,MB,CAN,CAN,77,226,2003,EDM,9,17,278
2008,Troy Brouwer,CHI,R,38,1985-08-17,Vancouver,BC,CAN,CAN,75,213,2004,CHI,7,21,214
2008,Tuomo Ruutu,CAR,L,41,1983-02-16,Vantaa,FIN,FIN,72,200,2001,CHI,1,9,9,
2008,Ty Wishart,T.B,D,35,1988-05-19,Belleville,ON,CAN,CAN,76,225,2006,S.J,1,16,16
2008,Tyler Arnason,COL,C,45,1979-03-16,Oklahoma City,OK,USA,USA,71,204,1998,CHI,7,10,183
2008,Tyler Kennedy,PIT,C,37,1986-07-15,Sault Ste. Marie,ON,CAN,CAN,71,185,2004,PIT,4,1,99
2008,Tyler Sloan,WSH,D,43,1981-03-15,Calgary,AB,CAN,CAN,76,214,-,-,-,-,-
2008,Tyson Strachan,STL,D,39,1984-10-30,Melfort,SK,CAN,CAN,75,210,2003,CAR,5,1,137
2008,Valtteri Filppula,DET,C,40,1984-03-20,Vantaa,FIN,FIN,72,189,2002,DET,3,32,95,
2008,Vernon Fiddler,NSH,C,43,1980-05-09,Edmonton,AB,CAN,CAN,71,205,-,-,-,-,-
2008,Viktor Kozlov,WSH,C,49,1975-02-14,Togliatti,RUS,RUS,76,232,1993,S.J,1,6,6,
2008,Viktor Tikhonov,PHX,R,35,1988-05-12,Riga,LVA,RUS,74,189,2008,PHX,1,28,28,
2008,Ville Koistinen,NSH,D,41,1982-06-17,Oulu,FIN,FIN,71,187,-,-,-,-,-,
2008,Ville Leino,DET,L,40,1983-10-06,Savonlinna,FIN,FIN,73,182,-,-,-,-,-,
2008,Ville Peltonen,FLA,L,50,1973-05-24,Vantaa,FIN,FIN,71,182,1993,S.J,3,6,58,
2008,Vincent Lecavalier,T.B,C,43,1980-04-21,Ile Bizard,QC,CAN,CAN,76,215,1998,T.B,1,1,1
2008,Vinny Prospal,T.B,L,49,1975-02-17,Ceské Budejovice,CZE,CZE,74,191,1993,PHI,3,19,71,
2008,Vladimir Mihalik,T.B,D,37,1987-01-29,Presov,SVK,SVK,80,246,2005,T.B,1,30,30,
2008,Vladimir Sobotka,BOS,L,36,1987-07-02,Trebic,CZE,CZE,70,191,2005,BOS,4,15,106,
2008,Vyacheslav Kozlov,ATL,L,51,1972-05-03,Voskresensk,RUS,RUS,70,190,1990,DET,3,3,45,
2008,Wade Belak,"FLA, NSH",R,47,1976-07-03,Saskatoon,SK,CAN,CAN,77,222,1994,QUE,1,12,12
2008,Wade Brookbank,CAR,D,46,1977-09-29,Lanigan,SK,CAN,CAN,76,225,-,-,-,-,-
2008,Wade Redden,NYR,D,46,1977-06-12,Lloydminster,SK,CAN,CAN,74,205,1995,NYI,1,2,2
2008,Warren Peters,CGY,C,41,1982-07-10,Saskatoon,SK,CAN,CAN,72,195,-,-,-,-,-
2008,Wayne Primeau,CGY,C,47,1976-06-04,Scarborough,ON,CAN,CAN,76,225,1994,BUF,1,17,17
2008,Wayne Simmonds,L.A,R,35,1988-08-26,Scarborough,ON,CAN,CAN,74,184,2007,L.A,2,31,61
2008,Wes O'Neill,COL,D,38,1986-03-03,Windsor,ON,CAN,CAN,76,215,2004,NYI,4,17,115
2008,Willie Mitchell,VAN,D,46,1977-04-23,Port McNeill,BC,CAN,CAN,75,210,1996,N.J,8,10,199
2008,Wojtek Wolski,COL,L,38,1986-02-24,Zabrze,POL,CAN,75,215,2004,COL,1,21,21,
2008,Yan Stastny,STL,C,41,1982-09-30,Quebec City,QC,CAN,USA,70,191,2002,BOS,8,30,259
2008,Yannick Weber,MTL,D,35,1988-09-23,Morges,CHE,CHE,71,200,2007,MTL,3,12,73,
2008,Zach Bogosian,ATL,D,33,1990-07-15,Massena,NY,USA,USA,74,222,2008,ATL,1,3,3
2008,Zach Boychuk,CAR,L,34,1989-10-04,Airdrie,AB,CAN,CAN,70,185,2008,CAR,1,14,14
2008,Zach Parise,N.J,L,39,1984-07-28,Minneapolis,MN,USA,USA,71,195,2003,N.J,1,17,17
2008,Zack Smith,OTT,C,36,1988-04-05,Maple Creek,SK,CAN,CAN,74,208,2008,OTT,3,18,79
2008,Zack Stortini,EDM,R,38,1985-09-11,Elliot Lake,ON,CAN,CAN,74,219,2003,EDM,3,26,94
2008,Zbynek Michalek,PHX,D,41,1982-12-23,Jindrichuv Hradec,CZE,CZE,74,210,-,-,-,-,-,
2008,Zdeno Chara,BOS,D,47,1977-03-18,Trencin,SVK,SVK,81,250,1996,NYI,3,4,56,
2008,Zenon Konopka,T.B,C,43,1981-01-02,Niagara on the Lake,ON,CAN,CAN,72,213,-,-,-,-,-
