Year,Player,Team,Position,Age,Date of Birth,Birth City,Birth State/Province,Birth Country,Nationality,Height (in),Weight (lbs),Draft Year,Draft Team,Draft Round,Round Pick,Overall Draft Position
2009,Aaron Gagnon,DAL,C,37,1986-04-24,Quesnel,BC,CAN,CAN,71,186,2004,PHX,8,13,240
2009,Aaron Johnson,"CGY, EDM",D,40,1983-04-30,Port Hawkesbury,NS,CAN,CAN,73,204,2001,CBJ,3,22,85
2009,Aaron Rome,VAN,D,40,1983-09-27,Nesbitt,MB,CAN,CAN,73,220,2002,L.A,4,8,104
2009,Aaron Voros,NYR,L,42,1981-07-02,Vancouver,BC,CAN,CAN,74,210,2001,N.J,8,2,229
2009,Aaron Ward,"ANA, CAR",D,51,1973-01-17,Windsor,ON,CAN,CAN,74,209,1991,WIN,1,5,5
2009,Adam Burish,CHI,R,41,1983-01-06,Madison,WI,USA,USA,73,195,2002,CHI,9,22,282
2009,Adam Foote,COL,D,52,1971-07-10,Toronto,ON,CAN,CAN,74,220,1989,QUE,2,1,22
2009,Adam Mair,BUF,C,45,1979-02-15,Hamilton,ON,CAN,CAN,73,208,1997,TOR,4,4,84
2009,Adam McQuaid,BOS,D,37,1986-10-12,Charlottetown,PE,CAN,CAN,76,210,2005,CBJ,2,25,55
2009,Adam Pardy,CGY,D,39,1984-03-29,Bonavista,NL,CAN,CAN,76,227,2004,CGY,6,10,173
2009,Adrian Aucoin,PHX,D,50,1973-07-03,Ottawa,ON,CAN,CAN,74,215,1992,VAN,5,21,117
2009,Alec Martinez,L.A,D,36,1987-07-26,Rochester Hills,MI,USA,USA,73,210,2007,L.A,4,4,95
2009,Ales Hemsky,EDM,R,40,1983-08-13,Pardubice,CZE,CZE,72,177,2001,EDM,1,13,13,
2009,Ales Kotalik,"CGY, NYR",R,45,1978-12-23,Jindrichuv Hradec,CZE,CZE,73,225,1998,BUF,6,19,164,
2009,Alex Frolov,L.A,L,41,1982-06-19,Moscow,RUS,RUS,74,210,2000,L.A,1,20,20,
2009,Alex Goligoski,PIT,D,38,1985-07-30,Grand Rapids,MN,USA,USA,71,173,2004,PIT,2,31,61
2009,Alex Kovalev,OTT,R,51,1973-02-24,Togliatti,RUS,RUS,74,222,1991,NYR,1,15,15,
2009,Alex Ovechkin,WSH,L,38,1985-09-17,Moscow,RUS,RUS,75,238,2004,WSH,1,1,1,
2009,Alex Pietrangelo,STL,D,34,1990-01-18,King City,ON,CAN,CAN,75,215,2008,STL,1,4,4
2009,Alex Plante,EDM,D,34,1989-05-09,Brandon,MB,CAN,CAN,76,230,2007,EDM,1,15,15
2009,Alex Tanguay,T.B,L,44,1979-11-21,Ste-Justine,QC,CAN,CAN,73,194,1998,COL,1,12,12
2009,Alexander Edler,VAN,D,37,1986-04-21,Ostersund,SWE,SWE,76,210,2004,VAN,3,26,91,
2009,Alexander Semin,WSH,R,40,1984-03-03,Krasnojarsk,RUS,RUS,74,211,2002,WSH,1,13,13,
2009,Alexander Steen,STL,L,40,1984-03-01,Winnipeg,MB,CAN,SWE,72,211,2002,TOR,1,24,24
2009,Alexander Sulzer,NSH,D,39,1984-05-30,Kaufbeuren,DEU,DEU,73,198,2003,NSH,3,24,92,
2009,Alexandre Bolduc,VAN,C,38,1985-06-26,Montreal,QC,CAN,CAN,75,200,2003,STL,4,26,127
2009,Alexandre Burrows,VAN,L,42,1981-04-11,Pincourt,QC,CAN,CAN,73,197,-,-,-,-,-
2009,Alexandre Giroux,WSH,L,42,1981-06-16,Quebec City,QC,CAN,CAN,75,208,1999,OTT,7,27,213
2009,Alexandre Picard,CBJ,L,38,1985-10-09,Les Saules,QC,CAN,CAN,74,206,2004,CBJ,1,8,8
2009,Alexandre Picard,"CAR, OTT",D,38,1985-07-05,Gatineau,QC,CAN,CAN,75,215,2003,PHI,3,17,85
2009,Alexei Ponikarovsky,"PIT, TOR",L,43,1980-04-09,Kiev,UKR,UKR,76,225,1998,TOR,4,1,87,
2009,Anders Eriksson,"NYR, PHX",D,49,1975-01-09,Bollnas,SWE,SWE,75,224,1993,DET,1,22,22,
2009,Andre Deveaux,TOR,C,40,1984-02-23,Freeport,BHS,BHS,75,239,2002,MTL,6,16,182,
2009,Andreas Lilja,DET,D,48,1975-07-13,Helsingborg,SWE,SWE,75,220,2000,L.A,2,24,54,
2009,Andreas Nodl,PHI,R,37,1987-02-28,Vienna,AUT,AUT,73,196,2006,PHI,2,9,39,
2009,Andreas Thuresson,NSH,R,36,1987-11-18,Kristianstad,SWE,SWE,73,206,2007,NSH,5,23,144,
2009,Andrei Kostitsyn,MTL,L,39,1985-02-03,Novopolotsk,BLR,BLR,72,214,2003,MTL,1,10,10,
2009,Andrei Loktionov,L.A,C,33,1990-05-30,Voskresensk,RUS,RUS,71,190,2008,L.A,5,2,123,
2009,Andrei Markov,MTL,D,45,1978-12-20,Voskresensk,RUS,RUS,72,200,1998,MTL,6,17,162,
2009,Andrej Meszaros,T.B,D,38,1985-10-13,Povaská Bystrica,SVK,SVK,74,223,2004,OTT,1,23,23,
2009,Andrej Sekera,BUF,D,37,1986-06-08,Bojnice,SVK,SVK,72,200,2004,BUF,3,6,71,
2009,Andrew Alberts,"CAR, VAN",D,42,1981-06-30,Minneapolis,MN,USA,USA,77,218,2001,BOS,6,14,179
2009,Andrew Bodnarchuk,BOS,D,35,1988-07-11,Drumheller,AB,CAN,CAN,71,195,2006,BOS,5,5,128
2009,Andrew Brunette,MIN,L,50,1973-08-24,Sudbury,ON,CAN,CAN,73,215,1993,WSH,7,18,174
2009,Andrew Cogliano,EDM,L,36,1987-06-14,Toronto,ON,CAN,CAN,70,179,2005,EDM,1,25,25
2009,Andrew Ebbett,"ANA, CHI, MIN",C,41,1983-01-02,Vernon,BC,CAN,CAN,69,174,-,-,-,-,-
2009,Andrew Ference,BOS,D,45,1979-03-17,Edmonton,AB,CAN,CAN,71,182,1997,PIT,8,18,208
2009,Andrew Gordon,WSH,R,38,1985-12-13,Porters Lake,NS,CAN,CAN,72,194,2004,WSH,7,4,197
2009,Andrew Ladd,CHI,L,38,1985-12-12,Maple Ridge,BC,CAN,CAN,75,205,2004,CAR,1,4,4
2009,Andrew MacDonald,NYI,D,37,1986-09-07,Judique,NS,CAN,CAN,73,204,2006,NYI,6,7,160
2009,Andrew Murray,CBJ,C,42,1981-11-06,Selkirk,MB,CAN,CAN,74,210,2001,CBJ,8,15,242
2009,Andrew Peters,N.J,L,43,1980-05-05,St. Catharines,ON,CAN,CAN,76,240,1998,BUF,2,7,34
2009,Andy Greene,N.J,D,41,1982-10-30,Trenton,MI,USA,USA,71,190,-,-,-,-,-
2009,Andy Hilbert,MIN,L,43,1981-02-06,Howell,MI,USA,USA,70,188,2000,BOS,2,7,37
2009,Andy McDonald,STL,L,46,1977-08-25,Strathroy,ON,CAN,CAN,70,175,-,-,-,-,-
2009,Andy Sutton,"NYI, OTT",D,49,1975-03-10,Kingston,ON,CAN,CAN,78,245,-,-,-,-,-
2009,Andy Wozniewski,BOS,D,43,1980-05-25,Buffalo Grove,IL,USA,USA,77,225,-,-,-,-,-
2009,Anssi Salmela,"ATL, N.J",D,39,1984-08-13,Nokia,FIN,FIN,73,200,-,-,-,-,-,
2009,Antoine Vermette,CBJ,C,41,1982-07-20,St. Agapit,QC,CAN,CAN,73,197,2000,OTT,2,25,55
2009,Anton Klementyev,NYI,D,33,1990-03-25,Togliatti,RUS,RUS,73,198,2009,NYI,5,1,122,
2009,Anton Stralman,CBJ,D,37,1986-08-01,Tibro,SWE,SWE,71,193,2005,TOR,7,22,216,
2009,Anton Volchenkov,OTT,D,42,1982-02-25,Moscow,RUS,RUS,73,220,2000,OTT,1,21,21,
2009,Antti Miettinen,MIN,R,43,1980-07-03,Hämeenlinna,FIN,FIN,72,190,2000,DAL,7,27,224,
2009,Anze Kopitar,L.A,C,36,1987-08-24,Jesenice,SVN,SVN,75,225,2005,L.A,1,11,11,
2009,Arron Asham,PHI,R,45,1978-04-13,Portage La Prairie,MB,CAN,CAN,71,210,1996,MTL,3,19,71
2009,Artem Anisimov,NYR,C,35,1988-05-24,Yaroslavl,RUS,RUS,76,199,2006,NYR,2,24,54,
2009,Arturs Kulda,ATL,D,35,1988-07-25,Riga,LVA,LVA,74,215,2006,ATL,7,17,200,
2009,B.J. Crombeen,STL,R,38,1985-07-10,Denver,CO,USA,USA,74,209,2003,DAL,2,24,54
2009,Barret Jackman,STL,D,43,1981-03-05,Trail,BC,CAN,CAN,72,203,1999,STL,1,17,17
2009,Ben Eager,CHI,L,40,1984-01-22,Ottawa,ON,CAN,CAN,74,226,2002,PHX,1,23,23
2009,Ben Guite,NSH,R,45,1978-07-17,Montreal,QC,CAN,CAN,73,210,1997,MTL,7,11,172
2009,Ben Lovejoy,PIT,D,40,1984-02-20,Concord,NH,USA,USA,73,205,-,-,-,-,-
2009,Ben Maxwell,MTL,C,35,1988-03-30,North Vancouver,BC,CAN,CAN,73,195,2006,MTL,2,19,49
2009,Ben Walter,N.J,C,39,1984-05-11,Beaconsfield,QC,CAN,CAN,73,190,2004,BOS,5,31,160
2009,Benn Ferriero,S.J,R,36,1987-04-29,Boston,MA,USA,USA,71,195,2006,PHX,7,13,196
2009,Benoit Pouliot,"MIN, MTL",L,37,1986-09-29,Alfred,ON,CAN,CAN,75,200,2005,MIN,1,4,4
2009,Bill Guerin,PIT,R,53,1970-11-09,Worcester,MA,USA,USA,74,220,1989,N.J,1,5,5
2009,Blair Betts,PHI,C,44,1980-02-16,Edmonton,AB,CAN,CAN,75,210,1998,CGY,2,6,33
2009,Blair Jones,T.B,C,37,1986-09-27,Central Butte,SK,CAN,CAN,74,216,2005,T.B,4,11,102
2009,Blake Comeau,NYI,L,38,1986-02-18,Meadow Lake,SK,CAN,CAN,73,200,2004,NYI,2,17,47
2009,Blake Wheeler,BOS,R,37,1986-08-31,Plymouth,MN,USA,USA,77,220,2004,PHX,1,5,5
2009,Bobby Butler,OTT,R,36,1987-04-26,Marlborough,MA,USA,USA,72,189,-,-,-,-,-
2009,Bobby Ryan,ANA,R,37,1987-03-17,Cherry Hill,NJ,USA,USA,74,208,2005,ANA,1,2,2
2009,Bobby Sanguinetti,NYR,D,36,1988-02-29,Trenton,NJ,USA,USA,75,188,2006,NYR,1,21,21
2009,Boris Valabik,ATL,D,38,1986-02-14,Nitra,SVK,SVK,79,255,2004,ATL,1,10,10,
2009,Boyd Gordon,WSH,C,40,1983-10-19,Unity,SK,CAN,CAN,72,200,2002,WSH,1,17,17
2009,Boyd Kane,WSH,L,45,1978-04-18,Swift Current,SK,CAN,CAN,74,229,1998,NYR,4,28,114
2009,Brad Boyes,STL,R,41,1982-04-17,Mississauga,ON,CAN,CAN,72,199,2000,TOR,1,24,24
2009,Brad Lukowich,VAN,D,47,1976-08-12,Cranbrook,BC,CAN,CAN,73,191,1994,NYI,4,12,90
2009,Brad Marchand,BOS,L,35,1988-05-11,Halifax,NS,CAN,CAN,69,176,2006,BOS,3,8,71
2009,Brad May,DET,L,52,1971-11-29,Toronto,ON,CAN,CAN,73,213,1990,BUF,1,14,14
2009,Brad Richards,DAL,C,43,1980-05-02,Murray Hbr.,PE,CAN,CAN,72,199,1998,T.B,3,6,64
2009,Brad Richardson,L.A,R,39,1985-02-04,Belleville,ON,CAN,CAN,72,190,2003,COL,5,27,163
2009,Brad Staubitz,S.J,R,39,1984-07-28,Edmonton,AB,CAN,CAN,73,207,-,-,-,-,-
2009,Brad Stuart,DET,D,44,1979-11-06,Rocky Mountain House,AB,CAN,CAN,74,215,1998,S.J,1,3,3
2009,Brad Winchester,STL,L,43,1981-03-01,Madison,WI,USA,USA,77,230,2000,EDM,2,5,35
2009,Brandon Bochenski,T.B,R,41,1982-04-04,Blaine,MN,USA,USA,73,195,2001,OTT,7,27,223
2009,Brandon Dubinsky,NYR,C,37,1986-04-29,Anchorage,AK,USA,USA,74,208,2004,NYR,2,30,60
2009,Brandon Prust,"CGY, NYR",L,40,1984-03-16,London,ON,CAN,CAN,72,195,2004,CGY,3,5,70
2009,Brandon Segal,"DAL, L.A",R,40,1983-07-12,Richmond,BC,CAN,CAN,74,215,2002,NSH,4,6,102
2009,Brandon Sutter,CAR,C,35,1989-02-14,Huntington,NY,USA,CAN,75,190,2007,CAR,1,11,11
2009,Brandon Yip,COL,R,38,1985-04-25,Vancouver,BC,CAN,CAN,73,198,2004,COL,8,12,239
2009,Brayden Irwin,TOR,C,36,1987-03-24,Toronto,ON,CAN,CAN,77,215,-,-,-,-,-
2009,Brayden Schenn,L.A,C,32,1991-08-22,Saskatoon,SK,CAN,CAN,73,199,2009,L.A,1,5,5
2009,Braydon Coburn,PHI,D,39,1985-02-27,Shaunavon,SK,CAN,CAN,77,224,2003,ATL,1,8,8
2009,Brendan Mikkelson,ANA,D,36,1987-06-22,Regina,SK,CAN,CAN,75,210,2005,ANA,2,1,31
2009,Brendan Morrison,WSH,C,48,1975-08-15,Pitt Meadows,BC,CAN,CAN,71,176,1993,N.J,2,13,39
2009,Brendan Witt,NYI,D,49,1975-02-20,Humboldt,SK,CAN,CAN,74,223,1993,WSH,1,11,11
2009,Brenden Morrow,DAL,L,45,1979-01-16,Carlyle,SK,CAN,CAN,71,212,1997,DAL,1,25,25
2009,Brent Burns,MIN,D,39,1985-03-09,Barrie,ON,CAN,CAN,77,230,2003,MIN,1,20,20
2009,Brent Seabrook,CHI,D,38,1985-04-20,Richmond,BC,CAN,CAN,75,220,2003,CHI,1,14,14
2009,Brent Sopel,CHI,D,47,1977-01-07,Calgary,AB,CAN,CAN,74,205,1995,VAN,6,14,144
2009,Brett Carson,CAR,D,38,1985-11-29,Regina,SK,CAN,CAN,76,210,2004,CAR,4,11,109
2009,Brett Clark,COL,D,47,1976-12-23,Wapella,SK,CAN,CAN,72,194,1996,MTL,6,19,154
2009,Brett Festerling,ANA,D,38,1986-03-03,Prince George,BC,CAN,CAN,73,210,-,-,-,-,-
2009,Brett Lebda,DET,D,42,1982-01-15,Buffalo Grove,IL,USA,USA,69,195,-,-,-,-,-
2009,Brett Sutter,CGY,L,36,1987-06-02,Viking,AB,CAN,CAN,72,200,2005,CGY,6,17,179
2009,Brian Boyle,NYR,C,39,1984-12-18,Hingham,MA,USA,USA,78,245,2003,L.A,1,26,26
2009,Brian Campbell,CHI,D,44,1979-05-23,Strathroy,ON,CAN,CAN,70,192,1997,BUF,6,22,156
2009,Brian Gionta,MTL,R,45,1979-01-18,Rochester,NY,USA,USA,67,178,1998,N.J,3,24,82
2009,Brian Lee,OTT,D,36,1987-03-26,Moorhead,MN,USA,USA,75,200,2005,OTT,1,9,9
2009,Brian McGrattan,CGY,R,42,1981-09-02,Hamilton,ON,CAN,CAN,76,235,1999,L.A,4,8,104
2009,Brian Pothier,"CAR, WSH",D,46,1977-04-15,New Bedford,MA,USA,USA,72,204,-,-,-,-,-
2009,Brian Rafalski,DET,D,50,1973-09-28,Dearborn,MI,USA,USA,70,194,-,-,-,-,-
2009,Brian Rolston,N.J,R,51,1973-02-21,Flint,MI,USA,USA,74,215,1991,N.J,1,11,11
2009,Brian Sutherby,DAL,C,42,1982-03-01,Edmonton,AB,CAN,CAN,74,208,2000,WSH,1,26,26
2009,Brian Willsie,COL,R,46,1978-03-16,Belmont,ON,CAN,CAN,73,202,1996,COL,6,11,146
2009,Brock Trotter,MTL,L,37,1987-01-16,Brandon,MB,CAN,CAN,70,180,-,-,-,-,-
2009,Brooks Laich,WSH,C,40,1983-06-23,Wawota,SK,CAN,CAN,74,200,2001,OTT,6,28,193
2009,Brooks Orpik,PIT,D,43,1980-09-26,San Francisco,CA,USA,USA,75,217,2000,PIT,1,18,18
2009,Bruno Gervais,NYI,D,39,1984-10-03,Longueuil,QC,CAN,CAN,73,200,2003,NYI,6,15,182
2009,Bryan Allen,FLA,D,43,1980-08-21,Kingston,ON,CAN,CAN,77,223,1998,VAN,1,4,4
2009,Bryan Bickell,CHI,L,38,1986-03-09,Bowmanville,ON,CAN,CAN,76,223,2004,CHI,2,11,41
2009,Bryan Little,ATL,C,36,1987-11-12,Edmonton,AB,CAN,CAN,72,191,2006,ATL,1,12,12
2009,Bryan McCabe,FLA,D,48,1975-06-08,St. Catharines,ON,CAN,CAN,74,223,1993,NYI,2,14,40
2009,Bryan Rodney,CAR,D,39,1984-04-22,London,ON,CAN,CAN,72,195,-,-,-,-,-
2009,Bryce Salvador,N.J,D,48,1976-02-11,Brandon,MB,CAN,CAN,75,215,1994,T.B,6,8,138
2009,Byron Bitz,"BOS, FLA",R,39,1984-07-21,Saskatoon,SK,CAN,CAN,77,215,2003,BOS,4,6,107
2009,Cal Clutterbuck,MIN,R,36,1987-11-18,Welland,ON,CAN,CAN,72,212,2006,MIN,3,9,72
2009,Cal O'Reilly,NSH,C,37,1986-09-30,Toronto,ON,CAN,CAN,72,188,2005,NSH,5,25,150
2009,Cam Barker,"CHI, MIN",D,37,1986-04-04,Winnipeg,MB,CAN,CAN,75,223,2004,CHI,1,3,3
2009,Cam Janssen,STL,R,39,1984-04-15,St. Louis,MO,USA,USA,72,215,2002,N.J,4,21,117
2009,Carl Gunnarsson,TOR,D,37,1986-11-09,Orebro,SWE,SWE,74,198,2007,TOR,7,13,194,
2009,Carlo Colaiacovo,STL,D,41,1983-01-27,Toronto,ON,CAN,CAN,73,202,2001,TOR,1,17,17
2009,Casey Borer,CAR,D,38,1985-07-28,Minneapolis,MN,USA,USA,74,205,2004,CAR,3,4,69
2009,Casey Wellman,MIN,C,36,1987-10-18,Brentwood,CA,USA,USA,72,173,-,-,-,-,-
2009,Chad Kolarik,CBJ,C,38,1986-01-26,Abington,PA,USA,USA,71,178,2004,PHX,7,6,199
2009,Chad LaRose,CAR,R,41,1982-03-27,Fraser,MI,USA,USA,70,181,-,-,-,-,-
2009,Charles Linglet,EDM,L,41,1982-06-22,Montreal,QC,CAN,CAN,74,205,-,-,-,-,-
2009,Chris Bourque,"PIT, WSH",L,38,1986-01-29,Boston,MA,USA,USA,68,174,2004,WSH,2,3,33
2009,Chris Butler,BUF,D,37,1986-10-27,St. Louis,MO,USA,USA,73,196,2005,BUF,4,5,96
2009,Chris Campoli,OTT,D,39,1984-07-09,Mississauga,ON,CAN,CAN,72,200,2004,NYI,7,34,227
2009,Chris Chelios,ATL,D,62,1962-01-25,Chicago,IL,USA,USA,72,191,1981,MTL,2,19,40
2009,Chris Clark,"CBJ, WSH",R,48,1976-03-08,South Windsor,CT,USA,USA,72,191,1994,CGY,3,25,77
2009,Chris Conner,PIT,R,40,1983-12-23,Westland,MI,USA,USA,67,181,-,-,-,-,-
2009,Chris Drury,NYR,C,47,1976-08-20,Trumbull,CT,USA,USA,70,191,1994,QUE,3,20,72
2009,Chris Durno,COL,L,43,1980-10-31,Scarborough,ON,CAN,CAN,76,223,-,-,-,-,-
2009,Chris Higgins,"CGY, NYR",L,40,1983-06-02,Smithtown,NY,USA,USA,72,205,2002,MTL,1,14,14
2009,Chris Kelly,OTT,C,43,1980-11-11,Toronto,ON,CAN,CAN,72,190,1999,OTT,3,28,94
2009,Chris Kunitz,PIT,L,44,1979-09-26,Regina,SK,CAN,CAN,72,188,-,-,-,-,-
2009,Chris Minard,EDM,L,42,1981-11-18,Owen sound,ON,CAN,CAN,73,190,-,-,-,-,-
2009,Chris Neil,OTT,R,44,1979-06-18,Flesherton,ON,CAN,CAN,73,209,1998,OTT,6,16,161
2009,Chris Phillips,OTT,D,46,1978-03-09,Calgary,AB,CAN,CAN,75,219,1996,OTT,1,1,1
2009,Chris Pronger,PHI,D,49,1974-10-10,Dryden,ON,CAN,CAN,78,188,1993,HFD,1,2,2
2009,Chris Stewart,COL,R,36,1987-10-30,Toronto,ON,CAN,CAN,74,242,2006,COL,1,18,18
2009,Chris Thorburn,ATL,R,40,1983-06-03,Sault Ste. Marie,ON,CAN,CAN,75,235,2001,BUF,2,20,50
2009,Christian Ehrhoff,VAN,D,41,1982-07-06,Moers,DEU,DEU,74,201,2001,S.J,4,10,106,
2009,Christian Hanson,TOR,C,38,1986-03-10,"Glens Falls,",NY,USA,USA,76,228,-,-,-,-,-
2009,Christoph Schubert,ATL,D,42,1982-02-05,Munich,DEU,DEU,75,230,2001,OTT,4,31,127,
2009,Chuck Kobasew,"BOS, MIN",R,41,1982-04-17,Vancouver,BC,CAN,CAN,72,192,2001,CGY,1,14,14
2009,Clarke MacArthur,"ATL, BUF",L,38,1985-04-06,Lloydminster,AB,CAN,CAN,72,192,2003,BUF,3,6,74
2009,Claude Giroux,PHI,C,36,1988-01-12,Hearst,ON,CAN,CAN,71,190,2006,PHI,1,22,22
2009,Clay Wilson,FLA,D,40,1983-04-05,Sturgeon Lake,MN,USA,USA,72,195,-,-,-,-,-
2009,Clayton Stoner,MIN,D,39,1985-02-19,Port McNeill,BC,CAN,CAN,76,216,2004,MIN,3,14,79
2009,Cody Almond,MIN,C,34,1989-07-24,Calgary,AB,CAN,CAN,74,199,2007,MIN,5,19,140
2009,Cody Franson,NSH,D,36,1987-08-08,Sicamous,BC,CAN,CAN,77,224,2005,NSH,3,18,79
2009,Cody McLeod,COL,L,39,1984-06-26,Binscarth,MB,CAN,CAN,74,204,-,-,-,-,-
2009,Colby Armstrong,ATL,R,41,1982-11-23,Lloydminster,SK,CAN,CAN,74,185,2001,PIT,1,21,21
2009,Colin Fraser,CHI,C,39,1985-01-28,Sicamous,BC,CAN,CAN,73,190,2003,PHI,3,1,69
2009,Colin McDonald,EDM,R,39,1984-09-30,Wethersfield,CT,USA,USA,74,219,2003,EDM,2,21,51
2009,Colin White,N.J,D,46,1977-12-12,New glasgow,NS,CAN,CAN,76,215,1996,N.J,2,23,49
2009,Colin Wilson,NSH,"C, L",34,1989-10-20,Greenwich,CT,USA,USA,73,215,2008,NSH,1,7,7
2009,Colton Orr,TOR,R,42,1982-03-03,Winnipeg,MB,CAN,CAN,75,222,-,-,-,-,-
2009,Corey Elkins,L.A,C,39,1985-02-23,West Bloomfield,MI,USA,USA,74,214,-,-,-,-,-
2009,Corey Locke,NYR,C,39,1984-05-08,Toronto,ON,CAN,CAN,69,175,2003,MTL,4,12,113
2009,Corey Perry,ANA,R,38,1985-05-16,Peterborough,ON,CAN,CAN,75,208,2003,ANA,1,28,28
2009,Corey Potter,NYR,D,40,1984-01-05,Lansing,MI,USA,USA,75,204,2003,NYR,4,21,122
2009,Cory Murphy,N.J,D,46,1978-02-13,Kanata,ON,CAN,CAN,69,175,-,-,-,-,-
2009,Cory Sarich,CGY,D,45,1978-08-16,Saskatoon,SK,CAN,CAN,76,207,1996,BUF,2,1,27
2009,Cory Stillman,FLA,L,50,1973-12-20,Peterborough,ON,CAN,CAN,72,193,1992,CGY,1,6,6
2009,Craig Adams,PIT,R,46,1977-04-26,Seria,BRN,CAN,72,200,1996,HFD,9,8,223,
2009,Craig Conroy,CGY,C,52,1971-09-04,Potsdam,NY,USA,USA,74,193,1990,MTL,6,18,123
2009,Craig Rivet,BUF,D,49,1974-09-13,North Bay,ON,CAN,CAN,74,207,1992,MTL,3,20,68
2009,Curtis Glencross,CGY,L,41,1982-12-28,Kindersley,SK,CAN,CAN,73,197,-,-,-,-,-
2009,DJ King,STL,L,39,1984-06-27,Meadow Lake,SK,CAN,CAN,75,231,2002,STL,6,24,190
2009,Dainius Zubrus,N.J,C,45,1978-06-16,Elektrenai,LTU,LTU,77,225,1996,PHI,1,15,15,
2009,Dan Boyle,S.J,D,47,1976-07-12,Ottawa,ON,CAN,CAN,71,194,-,-,-,-,-
2009,Dan Girardi,NYR,D,39,1984-04-29,Welland,ON,CAN,CAN,73,212,-,-,-,-,-
2009,Dan Hamhuis,NSH,D,41,1982-12-13,Smithers,BC,CAN,CAN,73,204,2001,NSH,1,12,12
2009,Dan Sexton,ANA,R,36,1987-04-29,Apple Valley,MN,USA,USA,69,180,-,-,-,-,-
2009,Dane Byers,NYR,L,38,1986-02-21,Nipawin,SK,CAN,CAN,75,204,2004,NYR,2,18,48
2009,Daniel Alfredsson,OTT,R,51,1972-12-11,Gothenburg,SWE,SWE,71,203,1994,OTT,6,3,133,
2009,Daniel Briere,PHI,C,46,1977-10-06,Gatineau,QC,CAN,CAN,69,174,1996,PHX,1,24,24
2009,Daniel Carcillo,PHI,L,39,1985-01-28,King City,ON,CAN,CAN,72,200,2003,PIT,3,5,73
2009,Daniel Cleary,DET,R,45,1978-12-18,Carbonear,NL,CAN,CAN,73,205,1997,CHI,1,13,13
2009,Daniel Paille,"BOS, BUF",L,39,1984-04-15,Welland,ON,CAN,CAN,73,188,2002,BUF,1,20,20
2009,Daniel Sedin,VAN,L,43,1980-09-26,Ornskoldsvik,SWE,SWE,73,190,1999,VAN,1,2,2,
2009,Daniel Winnik,PHX,L,39,1985-03-06,Toronto,ON,CAN,CAN,74,210,2004,PHX,9,7,265
2009,Danny Irmen,MIN,C,39,1984-09-06,Fargo,ND,USA,USA,72,182,2003,MIN,3,10,78
2009,Danny Syvret,PHI,D,38,1985-06-13,Millgrove,ON,CAN,CAN,72,205,2005,EDM,3,20,81
2009,Dany Heatley,S.J,L,43,1981-01-21,Freiburg,DEU,CAN,75,212,2000,ATL,1,2,2,
2009,Darcy Hordichuk,VAN,L,43,1980-08-10,Kamsack,SK,CAN,CAN,73,215,2000,ATL,6,13,180
2009,Darcy Tucker,COL,R,49,1975-03-15,Castor,AB,CAN,CAN,70,178,1993,MTL,6,21,151
2009,Darren Haydar,COL,R,44,1979-10-22,Toronto,ON,CAN,CAN,69,170,1999,NSH,9,5,248
2009,Darren Helm,DET,C,37,1987-01-21,St. Andrews,MB,CAN,CAN,72,192,2005,DET,5,7,132
2009,Darroll Powe,PHI,C,38,1985-06-22,Saskatoon,SK,CAN,CAN,71,212,-,-,-,-,-
2009,Darryl Sydor,STL,D,51,1972-05-13,Edmonton,AB,CAN,CAN,73,211,1990,L.A,1,7,7
2009,Dave Bolland,CHI,C,37,1986-06-05,Mimico,ON,CAN,CAN,72,188,2004,CHI,2,2,32
2009,Dave Scatchard,NSH,C,48,1976-02-20,Hinton,AB,CAN,CAN,75,220,1994,VAN,2,16,42
2009,David Backes,STL,R,39,1984-05-01,Minneapolis,MN,USA,USA,75,215,2003,STL,2,32,62
2009,David Booth,FLA,L,39,1984-11-24,Detroit,MI,USA,USA,72,212,2004,FLA,2,23,53
2009,David Clarkson,N.J,R,39,1984-03-31,Toronto,ON,CAN,CAN,72,207,-,-,-,-,-
2009,David Desharnais,MTL,C,37,1986-09-14,Laurier-Station,QC,CAN,CAN,67,180,-,-,-,-,-
2009,David Hale,T.B,D,42,1981-06-18,Colorado Springs,CO,USA,USA,73,222,2000,N.J,1,22,22
2009,David Jones,COL,R,39,1984-08-10,Guelph,ON,CAN,CAN,75,208,2003,COL,9,27,288
2009,David Koci,COL,L,42,1981-05-12,Prague,CZE,CZE,78,238,2000,PIT,5,16,146,
2009,David Krejci,BOS,C,37,1986-04-28,Sternberk,CZE,CZE,72,192,2004,BOS,2,33,63,
2009,David Laliberte,PHI,R,38,1986-03-17,St-Jean-Sur-Richelie,QC,CAN,CAN,73,194,2004,PHI,4,26,124
2009,David Legwand,NSH,C,43,1980-08-17,Detroit,MI,USA,USA,74,207,1998,NSH,1,2,2
2009,David Moss,CGY,R,42,1981-12-28,Livonia,MI,USA,USA,76,210,2001,CGY,7,24,220
2009,David Perron,STL,L,35,1988-05-28,Sherbrooke,QC,CAN,CAN,73,196,2007,STL,1,26,26
2009,David Schlemko,PHX,D,36,1987-05-07,Edmonton,AB,CAN,CAN,73,191,-,-,-,-,-
2009,David Steckel,WSH,C,42,1982-03-15,Milwaukee,WI,USA,USA,78,215,2001,L.A,1,30,30
2009,Davis Drewiske,L.A,D,39,1984-11-22,Hudson,WI,USA,USA,74,222,-,-,-,-,-
2009,Daymond Langkow,CGY,C,47,1976-09-27,Edmonton,AB,CAN,CAN,70,181,1995,T.B,1,5,5
2009,Dean Arsene,EDM,D,43,1980-07-20,Murrayville,BC,CAN,CAN,74,205,-,-,-,-,-
2009,Dean McAmmond,N.J,C,50,1973-06-15,Grand Cache,AB,CAN,CAN,71,195,1991,CHI,1,22,22
2009,Denis Grebeshkov,"EDM, NSH",D,40,1983-10-11,Yaroslavl,RUS,RUS,72,206,2002,L.A,1,18,18,
2009,Dennis Seidenberg,"BOS, FLA",D,42,1981-07-18,Schwenningen,DEU,DEU,72,199,2001,PHI,6,7,172,
2009,Dennis Wideman,BOS,D,41,1983-03-20,Kitchener,ON,CAN,CAN,72,202,2002,BUF,8,12,241
2009,Derek Armstrong,STL,C,50,1973-04-23,Ottawa,ON,CAN,CAN,72,197,1992,NYI,6,8,128
2009,Derek Boogaard,MIN,L,41,1982-06-23,Saskatoon,SK,CAN,CAN,79,265,2001,MIN,7,6,202
2009,Derek Dorsett,CBJ,R,37,1986-12-20,Kindersley,SK,CAN,CAN,72,192,2006,CBJ,7,6,189
2009,Derek Joslin,S.J,D,37,1987-03-17,Richmond Hill,ON,CAN,CAN,73,210,2005,S.J,5,24,149
2009,Derek MacKenzie,CBJ,C,42,1981-06-11,Sudbury,ON,CAN,CAN,71,177,1999,ATL,5,2,128
2009,Derek Meech,DET,D,39,1984-04-21,Winnipeg,MB,CAN,CAN,71,200,2002,DET,7,32,229
2009,Derek Morris,"BOS, PHX",D,45,1978-08-24,Edmonton,AB,CAN,CAN,72,210,1996,CGY,1,13,13
2009,Derek Peltier,COL,D,39,1985-03-14,Plymouth,MN,USA,USA,71,190,2004,COL,6,21,184
2009,Derek Roy,BUF,C,40,1983-05-04,Ottawa,ON,CAN,CAN,69,184,2001,BUF,2,2,32
2009,Derek Smith,OTT,D,39,1984-10-13,Belleville,ON,CAN,CAN,73,197,-,-,-,-,-
2009,Derick Brassard,CBJ,C,36,1987-09-22,Hull,QC,CAN,CAN,73,200,2006,CBJ,1,6,6
2009,Deryk Engelland,PIT,D,41,1982-04-03,Edmonton,AB,CAN,CAN,74,212,2000,N.J,6,27,194
2009,Devin Setoguchi,S.J,R,37,1987-01-01,Taber,AB,CAN,CAN,72,205,2005,S.J,1,8,8
2009,Dion Phaneuf,"CGY, TOR",D,38,1985-04-10,Edmonton,AB,CAN,CAN,75,222,2003,CGY,1,9,9
2009,Dmitry Kulikov,FLA,D,33,1990-10-29,Lipetsk,RUS,RUS,73,201,2009,FLA,1,14,14,
2009,Dominic Moore,"FLA, MTL",C,43,1980-08-03,Thornhill,ON,CAN,CAN,72,192,2000,NYR,3,30,95
2009,Donald Brashear,NYR,L,52,1972-01-07,Bedford,IN,USA,USA,75,237,-,-,-,-,-
2009,Doug Janik,DET,D,43,1980-03-26,Agawam,MA,USA,USA,74,211,1999,BUF,2,27,55
2009,Doug Weight,NYI,C,53,1971-01-21,Detroit,MI,USA,USA,71,202,1990,NYR,2,13,34
2009,Douglas Murray,S.J,D,44,1980-03-12,Bromma,SWE,SWE,75,240,1999,S.J,8,26,241,
2009,Drayson Bowman,CAR,L,35,1989-03-08,Grand Rapids,MI,USA,USA,73,195,2007,CAR,3,11,72
2009,Drew Doughty,L.A,D,34,1989-12-08,London,ON,CAN,CAN,73,210,2008,L.A,1,2,2
2009,Drew Larman,BOS,C,38,1985-05-15,Buffalo,NY,USA,USA,75,195,-,-,-,-,-
2009,Drew Miller,"DET, T.B",L,40,1984-02-17,Dover,NJ,USA,USA,74,183,2003,ANA,6,19,186
2009,Drew Stafford,BUF,R,38,1985-10-30,Milwaukee,WI,USA,USA,74,215,2004,BUF,1,13,13
2009,Duncan Keith,CHI,D,40,1983-07-16,Winnipeg,MB,CAN,CAN,73,192,2002,CHI,2,24,54
2009,Dustin Boyd,"CGY, NSH",C,37,1986-07-16,Winnipeg,MB,CAN,CAN,72,187,2004,CGY,3,33,98
2009,Dustin Brown,L.A,R,39,1984-11-04,Ithaca,NY,USA,USA,72,205,2003,L.A,1,13,13
2009,Dustin Byfuglien,CHI,D,38,1985-03-27,Roseau,MN,USA,USA,77,260,2003,CHI,8,16,245
2009,Dustin Jeffrey,PIT,L,36,1988-02-27,Sarnia,ON,CAN,CAN,73,205,2007,PIT,6,20,171
2009,Dustin Kohn,NYI,D,37,1987-02-02,Edmonton,AB,CAN,CAN,73,200,2005,NYI,2,16,46
2009,Dustin Penner,EDM,R,41,1982-09-28,Winkler,MB,CAN,CAN,76,247,-,-,-,-,-
2009,Dwight Helminen,S.J,C,40,1983-06-22,Hancock,MI,USA,USA,70,191,2002,EDM,8,15,244
2009,Dylan Reese,NYI,D,39,1984-08-29,Pittsburgh,PA,USA,USA,73,205,2003,NYR,7,12,209
2009,Ed Jovanovski,PHX,D,47,1976-06-26,Windsor,ON,CAN,CAN,75,220,1994,FLA,1,1,1
2009,Enver Lisin,NYR,R,37,1986-04-22,Moscow,RUS,RUS,74,200,2004,PHX,2,20,50,
2009,Eric Belanger,"MIN, WSH",C,46,1977-12-16,Sherbrooke,QC,CAN,CAN,71,185,1996,L.A,4,16,96
2009,Eric Boulton,ATL,L,47,1976-08-17,Halifax,NS,CAN,CAN,72,227,1994,NYR,9,26,234
2009,Eric Brewer,STL,D,44,1979-04-17,Vernon,BC,CAN,CAN,76,216,1997,NYI,1,5,5
2009,Eric Fehr,WSH,C,38,1985-09-07,Winkler,MB,CAN,CAN,76,209,2003,WSH,1,18,18
2009,Eric Godard,PIT,R,44,1980-03-07,Vernon,BC,CAN,CAN,76,222,-,-,-,-,-
2009,Eric Nystrom,CGY,L,41,1983-02-14,Syosset,NY,USA,USA,73,200,2002,CGY,1,10,10
2009,Eric Staal,CAR,C,39,1984-10-29,Thunder Bay,ON,CAN,CAN,76,195,2003,CAR,1,2,2
2009,Eric Tangradi,PIT,L,35,1989-02-10,Philadelphia,PA,USA,USA,76,226,2007,ANA,2,12,42
2009,Erik Christensen,"ANA, NYR",C,40,1983-12-17,Edmonton,AB,CAN,CAN,73,200,2002,PIT,3,6,69
2009,Erik Cole,CAR,L,45,1978-11-06,Oswego,NY,USA,USA,74,205,1998,CAR,3,13,71
2009,Erik Johnson,STL,D,36,1988-03-21,Bloomington,MN,USA,USA,76,225,2006,STL,1,1,1
2009,Erik Karlsson,OTT,D,33,1990-05-31,Landsbro,SWE,SWE,72,190,2008,OTT,1,15,15,
2009,Ethan Moreau,EDM,L,48,1975-09-22,Huntsville,ON,CAN,CAN,75,223,1994,CHI,1,14,14
2009,Evan Oberg,VAN,D,36,1988-02-16,Forestburg,AB,CAN,CAN,72,191,-,-,-,-,-
2009,Evander Kane,ATL,L,32,1991-08-02,Vancouver,BC,CAN,CAN,74,210,2009,ATL,1,4,4
2009,Evgeni Malkin,PIT,C,37,1986-07-31,Magnitogorsk,RUS,RUS,75,195,2004,PIT,1,2,2,
2009,Evgeny Artyukhin,"ANA, ATL",R,40,1983-04-04,Moscow,RUS,RUS,76,255,2001,T.B,3,31,94,
2009,Evgeny Dadonov,FLA,L,35,1989-03-12,Chelyabinsk,RUS,RUS,71,189,2007,FLA,3,10,71,
2009,Fabian Brunnstrom,DAL,L,39,1985-02-06,Jonstorp,SWE,SWE,73,206,-,-,-,-,-,
2009,Fedor Tyutin,CBJ,D,40,1983-07-19,Izhevsk,RUS,RUS,74,221,2001,NYR,2,10,40,
2009,Fernando Pisani,EDM,R,47,1976-12-27,Edmonton,AB,CAN,CAN,73,205,1996,EDM,8,6,195
2009,Filip Kuba,OTT,D,47,1976-12-29,Ostrava,CZE,CZE,76,225,1995,FLA,8,10,192,
2009,Francis Bouillon,NSH,D,48,1975-10-17,New York City,NY,USA,USA,68,194,-,-,-,-,-
2009,Francis Wathier,DAL,L,39,1984-12-07,St. Isidore,ON,CAN,CAN,76,210,2003,DAL,6,18,185
2009,Francois Beauchemin,TOR,D,43,1980-06-04,Sorel,QC,CAN,CAN,71,208,1998,MTL,3,17,75
2009,Frans Nielsen,NYI,C,39,1984-04-24,Herning,DNK,DNK,73,186,2002,NYI,3,24,87,
2009,Frazer McLaren,S.J,L,36,1987-10-29,Winnipeg,MB,CAN,CAN,77,230,2007,S.J,7,22,203
2009,Freddy Meyer,NYI,D,43,1981-01-04,Sanbornville,NH,USA,USA,70,185,-,-,-,-,-
2009,Freddy Modin,"CBJ, L.A",L,49,1974-10-08,Sundsvall,SWE,SWE,76,220,1994,TOR,3,12,64,
2009,Fredrik Sjostrom,"CGY, TOR",L,40,1983-05-06,Färgelanda,SWE,SWE,73,218,2001,PHX,1,11,11,
2009,Garnet Exelby,TOR,D,42,1981-08-16,Craik,SK,CAN,CAN,73,215,1999,ATL,8,2,217
2009,George Parros,ANA,R,44,1979-12-29,Washington,PA,USA,USA,77,224,1999,L.A,8,7,222
2009,Georges Laraque,MTL,R,47,1976-12-07,Montreal,QC,CAN,CAN,76,245,1995,EDM,2,5,31
2009,Gilbert Brule,EDM,C,37,1987-01-01,Edmonton,AB,CAN,CAN,71,187,2005,CBJ,1,6,6
2009,Glen Metropolit,MTL,C,49,1974-06-25,Toronto,ON,CAN,CAN,70,196,-,-,-,-,-
2009,Grant Clitsome,CBJ,D,38,1985-04-14,Gloucester,ON,CAN,CAN,71,211,2004,CBJ,9,13,271
2009,Greg Mauldin,NYI,L,41,1982-06-10,Boston,MA,USA,USA,71,195,2002,7,0,199,
2009,Greg Moore,CBJ,R,39,1984-03-26,Lisbon,ME,USA,USA,73,225,2003,CGY,5,7,143
2009,Greg Zanon,MIN,D,43,1980-06-05,Burnaby,BC,CAN,CAN,71,201,2000,OTT,5,26,156
2009,Gregory Campbell,FLA,C,40,1983-12-17,London,ON,CAN,CAN,72,188,2002,FLA,3,4,67
2009,Gregory Stewart,MTL,L,37,1986-05-21,Kitchener,ON,CAN,CAN,74,202,2004,MTL,8,19,246
2009,Guillaume Desbiens,VAN,R,38,1985-04-20,Alma,QC,CAN,CAN,74,210,2003,ATL,4,15,116
2009,Guillaume Latendresse,"MIN, MTL",L,36,1987-05-24,Ste-Catherine,QC,CAN,CAN,74,230,2005,MTL,2,15,45
2009,Guillaume Lefebvre,BOS,L,42,1981-05-07,Amos,QC,CAN,CAN,73,200,2000,PHI,7,30,227
2009,Hal Gill,MTL,D,48,1975-04-06,Concord,MA,USA,USA,79,243,1993,BOS,8,25,207
2009,Henrik Sedin,VAN,C,43,1980-09-26,Ornskoldsvik,SWE,SWE,74,183,1999,VAN,1,3,3,
2009,Henrik Tallinder,BUF,D,45,1979-01-10,Stockholm,SWE,SWE,76,209,1997,BUF,2,22,48,
2009,Henrik Zetterberg,DET,L,43,1980-10-09,Njurunda,SWE,SWE,72,197,1999,DET,7,24,210,
2009,Ian Laperriere,PHI,R,50,1974-01-19,Montreal,QC,CAN,CAN,73,200,1992,STL,7,14,158
2009,Ian White,"CGY, TOR",D,39,1984-06-04,Steinbach,MB,CAN,CAN,70,191,2002,TOR,6,25,191
2009,Ilkka Heikkinen,NYR,D,39,1984-11-13,Rauma,FIN,FIN,74,205,-,-,-,-,-,
2009,Ilkka Pikkarainen,N.J,R,42,1981-04-19,Sonkajärvi,FIN,FIN,74,215,2002,N.J,7,21,218,
2009,Ilya Kovalchuk,"ATL, N.J",R,40,1983-04-15,Tver,RUS,RUS,75,222,2001,ATL,1,1,1,
2009,Ivan Vishnevskiy,DAL,D,36,1988-02-18,Barnaul,RUS,RUS,72,193,2006,DAL,1,27,27,
2009,J-P Dumont,NSH,R,45,1978-04-01,Montreal,QC,CAN,CAN,73,205,1996,NYI,1,3,3
2009,JT Wyman,MTL,R,38,1986-02-27,Edina,MN,USA,USA,74,209,2004,MTL,4,2,100
2009,Jack Hillen,NYI,D,38,1986-01-24,Minnetonka,MN,USA,USA,70,190,-,-,-,-,-
2009,Jack Johnson,L.A,D,37,1987-01-13,Indianapolis,IN,USA,USA,73,227,2005,CAR,1,3,3
2009,Jack Skille,CHI,R,36,1987-05-19,Madison,WI,USA,USA,73,216,2005,CHI,1,7,7
2009,Jaime Sifers,MIN,D,41,1983-01-18,Stratford,CT,USA,USA,71,198,-,-,-,-,-
2009,Jake Dowell,CHI,C,39,1985-03-04,Eau Claire,WI,USA,USA,72,200,2004,CHI,5,11,140
2009,Jakub Kindl,DET,D,37,1987-02-10,Sumperk,CZE,CZE,75,199,2005,DET,1,19,19,
2009,Jakub Voracek,CBJ,R,34,1989-08-15,Kladno,CZE,CZE,74,216,2007,CBJ,1,7,7,
2009,Jamal Mayers,"CGY, TOR",R,49,1974-10-24,Toronto,ON,CAN,CAN,73,222,1993,STL,4,11,89
2009,James Neal,DAL,"L, R",36,1987-09-03,Whitby,ON,CAN,CAN,75,212,2005,DAL,2,3,33
2009,James Sheppard,MIN,C,35,1988-04-25,Halifax,NS,CAN,CAN,73,215,2006,MIN,1,9,9
2009,James Wisniewski,ANA,D,40,1984-02-21,Canton,MI,USA,USA,71,203,2002,CHI,5,25,156
2009,James Wright,T.B,C,33,1990-03-24,Saskatoon,SK,CAN,CAN,76,210,2008,T.B,4,26,117
2009,James van Riemsdyk,PHI,L,34,1989-05-04,Middletown,NJ,USA,USA,75,208,2007,PHI,1,2,2
2009,Jamie Benn,DAL,L,34,1989-07-18,Victoria,BC,CAN,CAN,74,205,2007,DAL,5,8,129
2009,Jamie Langenbrunner,N.J,R,48,1975-07-24,Cloquet,MN,USA,USA,73,205,1993,DAL,2,9,35
2009,Jamie Lundmark,"CGY, TOR",C,43,1981-01-16,Edmonton,AB,CAN,CAN,72,197,1999,NYR,1,9,9
2009,Jamie McBain,CAR,D,36,1988-02-25,Edina,MN,USA,USA,73,195,2006,CAR,2,33,63
2009,Jamie McGinn,S.J,L,35,1988-08-05,Fergus,ON,CAN,CAN,73,205,2006,S.J,2,6,36
2009,Jan Hejda,CBJ,D,45,1978-06-18,Prague,CZE,CZE,76,230,2003,BUF,4,5,106,
2009,Jannik Hansen,VAN,R,38,1986-03-15,Rødovre,DNK,DNK,73,198,2004,VAN,9,29,287,
2009,Jared Boll,CBJ,R,37,1986-05-13,Charlotte,NC,USA,USA,75,206,2005,CBJ,4,10,101
2009,Jared Cowen,OTT,D,33,1991-01-25,Saskatoon,SK,CAN,CAN,77,238,2009,OTT,1,9,9
2009,Jared Ross,PHI,C,41,1982-09-18,Huntsville,AL,USA,USA,70,175,-,-,-,-,-
2009,Jarkko Ruutu,OTT,L,48,1975-08-23,Helsinki,FIN,FIN,73,204,1998,VAN,3,10,68,
2009,Jarome Iginla,CGY,R,46,1977-07-01,Edmonton,AB,CAN,CAN,73,210,1995,DAL,1,11,11
2009,Jaroslav Spacek,MTL,D,50,1974-02-11,Rokycany,CZE,CZE,72,210,1998,FLA,5,3,117,
2009,Jarret Stoll,L.A,C,41,1982-06-24,Melville,SK,CAN,CAN,73,216,2002,EDM,2,6,36
2009,Jason Arnott,NSH,C,49,1974-10-11,Collingwood,ON,CAN,CAN,77,220,1993,EDM,1,7,7
2009,Jason Blake,"ANA, TOR",L,50,1973-09-02,Moorhead,MN,USA,USA,70,190,-,-,-,-,-
2009,Jason Chimera,"CBJ, WSH",L,44,1979-05-02,Edmonton,AB,CAN,CAN,75,215,1997,EDM,5,15,121
2009,Jason Demers,S.J,D,35,1988-06-09,Dorval,QC,CAN,CAN,73,195,2008,S.J,7,5,186
2009,Jason Garrison,FLA,D,39,1984-11-13,White Rock,BC,CAN,CAN,73,218,-,-,-,-,-
2009,Jason Jaffray,CGY,L,42,1981-06-30,Olds,AB,CAN,CAN,73,195,-,-,-,-,-
2009,Jason Pominville,BUF,R,41,1982-11-30,Repentigny,QC,CAN,USA,72,180,2001,BUF,2,25,55
2009,Jason Spezza,OTT,C,40,1983-06-13,Toronto,ON,CAN,CAN,75,219,2001,OTT,1,2,2
2009,Jason Strudwick,EDM,D,48,1975-07-17,Edmonton,AB,CAN,CAN,76,226,1994,NYI,3,11,63
2009,Jason Williams,DET,C,43,1980-08-11,London,ON,CAN,CAN,71,192,-,-,-,-,-
2009,Jay Beagle,WSH,C,38,1985-10-16,Calgary,AB,CAN,CAN,75,210,-,-,-,-,-
2009,Jay Bouwmeester,CGY,D,40,1983-09-27,Edmonton,AB,CAN,CAN,76,206,2002,FLA,1,3,3
2009,Jay Harrison,CAR,D,41,1982-11-03,Oshawa,ON,CAN,CAN,76,188,2001,TOR,3,19,82
2009,Jay Leach,"MTL, S.J",D,44,1979-09-02,Syracuse,NY,USA,USA,77,220,1998,PHX,5,1,115
2009,Jay McClement,STL,C,41,1983-03-02,Kingston,ON,CAN,CAN,73,205,2001,STL,2,27,57
2009,Jay McKee,PIT,D,46,1977-09-08,Kingston,ON,CAN,CAN,76,203,1995,BUF,1,14,14
2009,Jay Pandolfo,N.J,L,49,1974-12-27,Winchester,MA,USA,USA,73,190,1993,N.J,2,6,32
2009,Jay Rosehill,TOR,L,38,1985-07-16,Olds,AB,CAN,CAN,75,215,2003,T.B,7,30,227
2009,Jean-Francois Jacques,EDM,L,38,1985-04-29,Montreal,QC,CAN,CAN,75,231,2003,EDM,2,38,68
2009,Jed Ortmeyer,S.J,R,45,1978-09-03,Omaha,NE,USA,USA,72,200,-,-,-,-,-
2009,Jeff Carter,PHI,C,39,1985-01-01,London,ON,CAN,CAN,75,219,2003,PHI,1,11,11
2009,Jeff Finger,TOR,D,44,1979-12-18,Houghton,MI,USA,USA,73,209,1999,COL,8,25,240
2009,Jeff Halpern,"L.A, T.B",C,47,1976-05-03,Washington,DC,USA,USA,72,190,-,-,-,-,-
2009,Jeff Hoggan,PHX,R,46,1978-02-01,Hope,BC,CAN,CAN,73,193,-,-,-,-,-
2009,Jeff Penner,BOS,D,36,1987-04-13,Steinbach,MB,CAN,CAN,70,183,-,-,-,-,-
2009,Jeff Schultz,WSH,D,38,1986-02-25,Calgary,AB,CAN,CAN,78,225,2004,WSH,1,27,27
2009,Jeff Taffe,FLA,L,43,1981-02-19,Hastings,MN,USA,USA,75,207,2000,STL,1,30,30
2009,Jeff Tambellini,NYI,L,39,1984-04-13,Calgary,AB,CAN,CAN,71,188,2003,L.A,1,27,27
2009,Jeff Woywitka,DAL,D,40,1983-09-01,Vermilion,AB,CAN,CAN,75,227,2001,PHI,1,27,27
2009,Jere Lehtinen,DAL,R,50,1973-06-24,Espoo,FIN,FIN,72,194,1992,MNS,4,16,88,
2009,Jerome Samson,CAR,R,36,1987-09-04,Greenfield Park,QC,CAN,CAN,72,195,-,-,-,-,-
2009,Jerred Smithson,NSH,C,45,1979-02-04,Vernon,BC,CAN,CAN,75,209,-,-,-,-,-
2009,Jesse Joensuu,NYI,L,36,1987-10-05,Pori,FIN,FIN,76,213,2006,NYI,2,30,60,
2009,Jesse Winchester,OTT,C,40,1983-10-04,Long Sault,ON,CAN,CAN,73,188,-,-,-,-,-
2009,Jim Slater,ATL,C,41,1982-12-09,Lapeer,MI,USA,USA,72,195,2002,ATL,1,30,30
2009,Jim Vandermeer,PHX,D,44,1980-02-21,Caroline,AB,CAN,CAN,73,210,-,-,-,-,-
2009,Jiri Tlusty,"CAR, TOR",L,36,1988-03-16,Slany,CZE,CZE,72,205,2006,TOR,1,13,13,
2009,Jochen Hecht,BUF,C,46,1977-06-21,Mannheim,DEU,DEU,73,198,1995,STL,2,23,49,
2009,Jody Shelley,"NYR, S.J",L,48,1976-02-07,Thompson,MB,CAN,CAN,75,230,-,-,-,-,-
2009,Joe Callahan,S.J,D,41,1982-12-20,Brockton,MA,USA,USA,75,210,2002,PHX,3,7,70
2009,Joe Corvo,"CAR, WSH",D,46,1977-06-20,Oak Park,IL,USA,USA,72,204,1997,L.A,4,3,83
2009,Joe Pavelski,S.J,C,39,1984-07-11,Plover,WI,USA,USA,71,200,2003,S.J,7,8,205
2009,Joe Thornton,S.J,C,44,1979-07-02,London,ON,CAN,CAN,76,220,1997,BOS,1,1,1
2009,Joel Perrault,PHX,C,40,1983-04-06,Montreal,QC,CAN,CAN,74,212,2001,ANA,5,6,137
2009,Joel Rechlicz,NYI,R,36,1987-06-14,Brookfield,WI,USA,USA,76,220,-,-,-,-,-
2009,Joel Ward,NSH,R,43,1980-12-02,North York,ON,CAN,CAN,73,225,-,-,-,-,-
2009,Joffrey Lupul,ANA,L,40,1983-09-23,Fort Saskatchewan,AB,CAN,CAN,73,206,2002,ANA,1,7,7
2009,Johan Franzen,DET,R,44,1979-12-23,Vetlanda,SWE,SWE,76,232,2004,DET,3,32,97,
2009,Johan Motin,EDM,D,34,1989-10-10,Karlskoga,SWE,SWE,74,220,2008,EDM,4,12,103,
2009,John Carlson,WSH,D,34,1990-01-10,Natick,MA,USA,USA,75,215,2008,WSH,1,27,27
2009,John Erskine,WSH,D,43,1980-06-26,Kingston,ON,CAN,CAN,76,220,1998,DAL,2,12,39
2009,John Madden,CHI,C,50,1973-05-04,Toronto,ON,CAN,CAN,71,190,-,-,-,-,-
2009,John McCarthy,S.J,C,37,1986-08-09,Boston,MA,USA,USA,73,195,2006,S.J,7,19,202
2009,John Mitchell,TOR,C,39,1985-01-22,Oakville,ON,CAN,CAN,73,204,2003,TOR,5,22,158
2009,John Scott,MIN,L,41,1982-09-26,Edmonton,AB,CAN,CAN,80,260,-,-,-,-,-
2009,John Tavares,NYI,C,33,1990-09-20,Mississauga,ON,CAN,CAN,73,216,2009,NYI,1,1,1
2009,John-Michael Liles,COL,D,43,1980-11-25,Indianapolis,IN,USA,USA,70,185,2000,COL,5,29,159
2009,Johnny Boychuk,BOS,D,40,1984-01-19,Edmonton,AB,CAN,CAN,74,227,2002,COL,2,31,61
2009,Johnny Oduya,"ATL, N.J",D,42,1981-10-01,Stockholm,SWE,SWE,72,191,2001,WSH,7,25,221,
2009,Jon Kalinski,PHI,L,36,1987-05-25,Bonnyville,AB,CAN,CAN,73,175,2007,PHI,6,1,152
2009,Jon Sim,NYI,L,46,1977-09-29,New glasgow,NS,CAN,CAN,70,189,1996,DAL,3,18,70
2009,Jonas Junland,STL,D,36,1987-11-15,Linkoping,SWE,SWE,74,200,2006,STL,3,1,64,
2009,Jonathan Cheechoo,OTT,R,43,1980-07-15,Moose Factory,ON,CAN,CAN,73,206,1998,S.J,2,2,29
2009,Jonathan Ericsson,DET,D,40,1984-03-02,Karlskrona,SWE,SWE,76,218,2002,DET,9,31,291,
2009,Jonathan Toews,CHI,C,35,1988-04-29,Winnipeg,MB,CAN,CAN,74,201,2006,CHI,1,3,3
2009,Joni Pitkanen,CAR,D,40,1983-09-19,Oulu,FIN,FIN,75,220,2002,PHI,1,4,4,
2009,Jordan Hendry,CHI,D,40,1984-02-23,Lanigan,SK,CAN,CAN,72,194,-,-,-,-,-
2009,Jordan Leopold,"FLA, PIT",D,43,1980-08-03,Golden Valley,MN,USA,USA,73,206,1999,ANA,2,16,44
2009,Jordan Staal,PIT,C,35,1988-09-10,Thunder Bay,ON,CAN,CAN,76,220,2006,PIT,1,2,2
2009,Jordin Tootoo,NSH,R,41,1983-02-02,Churchill,MB,CAN,CAN,69,195,2001,NSH,4,2,98
2009,Josh Bailey,NYI,R,34,1989-10-02,Bowmanville,ON,CAN,CAN,73,200,2008,NYI,1,9,9
2009,Josh Gorges,MTL,D,39,1984-08-14,Kelowna,BC,CAN,CAN,73,204,-,-,-,-,-
2009,Josh Hennessy,OTT,C,39,1985-02-07,Brockton,MA,USA,USA,72,200,2003,S.J,2,13,43
2009,Jussi Jokinen,CAR,L,40,1983-04-01,Kalajoki,FIN,FIN,72,191,2001,DAL,6,27,192,
2009,Justin Abdelkader,DET,L,37,1987-02-25,Muskegon,MI,USA,USA,74,213,2005,DET,2,12,42
2009,Justin Falk,MIN,D,35,1988-10-11,Snowflake,MB,CAN,CAN,77,223,2007,MIN,4,19,110
2009,Justin Mercier,COL,C,36,1987-06-25,Erie,PA,USA,USA,71,190,2005,COL,6,6,168
2009,Justin Williams,L.A,R,42,1981-10-04,Cobourg,ON,CAN,CAN,73,184,2000,PHI,1,28,28
2009,Kamil Kreps,FLA,C,39,1984-11-18,Litomerice,CZE,CZE,74,194,2003,FLA,2,8,38,
2009,Karl Alzner,WSH,D,35,1988-09-24,Burnaby,BC,CAN,CAN,75,213,2007,WSH,1,5,5
2009,Karlis Skrastins,DAL,D,49,1974-07-09,Riga,LVA,LVA,74,208,1998,NSH,9,2,230,
2009,Kaspars Daugavins,OTT,L,35,1988-05-18,Riga,LVA,LVA,72,213,2006,OTT,3,28,91,
2009,Keaton Ellerby,FLA,D,35,1988-11-05,Strathmore,AB,CAN,CAN,77,220,2007,FLA,1,10,10
2009,Keith Aucoin,WSH,C,45,1978-11-06,Waltham,MA,USA,USA,68,171,-,-,-,-,-
2009,Keith Ballard,FLA,D,41,1982-11-26,Baudette,MN,USA,USA,71,204,2002,BUF,1,11,11
2009,Keith Tkachuk,STL,L,51,1972-03-28,Melrose,MA,USA,USA,74,235,1990,WIN,1,19,19
2009,Keith Yandle,PHX,D,37,1986-09-09,Boston,MA,USA,USA,73,192,2005,PHX,4,14,105
2009,Kenndal McArdle,FLA,L,37,1987-01-04,Toronto,ON,CAN,CAN,71,190,2005,FLA,1,20,20
2009,Kent Huskins,S.J,D,44,1979-05-04,Almonte,ON,CAN,CAN,76,210,1998,CHI,6,11,156
2009,Kevin Bieksa,VAN,D,42,1981-06-16,Grimsby,ON,CAN,CAN,73,197,2001,VAN,5,20,151
2009,Kevin Klein,NSH,D,39,1984-12-13,Kitchener,ON,CAN,CAN,73,206,2003,NSH,2,7,37
2009,Kevin Porter,"COL, PHX",C,38,1986-03-12,Detroit,MI,USA,USA,72,190,2004,PHX,4,21,119
2009,Kim Johnsson,"CHI, MIN",D,48,1976-03-16,Malmö,SWE,SWE,73,193,1994,NYR,11,26,286,
2009,Kimmo Timonen,PHI,D,49,1975-03-18,Kuopio,FIN,FIN,70,194,1993,L.A,10,16,250,
2009,Kirk Maltby,DET,L,51,1972-12-22,Guelph,ON,CAN,CAN,72,195,1992,EDM,3,17,65
2009,Kris Draper,DET,C,52,1971-05-24,Toronto,ON,CAN,CAN,70,188,1989,WIN,3,20,62
2009,Kris Letang,PIT,D,36,1987-04-24,Montreal,QC,CAN,CAN,72,201,2005,PIT,3,1,62
2009,Kris Newbury,DET,C,42,1982-02-19,Brampton,ON,CAN,CAN,71,205,2002,S.J,5,8,139
2009,Kris Russell,CBJ,D,36,1987-05-02,Caroline,AB,CAN,CAN,70,170,2005,CBJ,3,6,67
2009,Kris Versteeg,CHI,R,37,1986-05-13,Lethbridge,AB,CAN,CAN,71,176,2004,BOS,5,5,134
2009,Kristian Huselius,CBJ,L,45,1978-11-10,Osterhaninge,SWE,SWE,74,184,1997,FLA,2,21,47,
2009,Krys Barch,DAL,R,43,1980-03-26,Hamilton,ON,CAN,CAN,74,225,1998,WSH,4,20,106
2009,Kurt Sauer,PHX,D,43,1981-01-16,St. Cloud,MN,USA,USA,76,222,2000,COL,3,23,88
2009,Kurtis Foster,T.B,D,42,1981-11-24,Carp,ON,CAN,CAN,77,225,2000,CGY,2,10,40
2009,Kyle Brodziak,MIN,C,39,1984-05-25,St. Paul,AB,CAN,CAN,74,205,2003,EDM,7,17,214
2009,Kyle Calder,ANA,L,45,1979-01-05,Mannville,AB,CAN,CAN,71,177,1997,CHI,5,24,130
2009,Kyle Chipchura,"ANA, MTL",C,38,1986-02-19,Westlock,AB,CAN,CAN,74,203,2004,MTL,1,18,18
2009,Kyle Cumiskey,COL,D,37,1986-12-02,Abbotsford,BC,CAN,CAN,71,180,2005,COL,7,28,222
2009,Kyle Okposo,NYI,R,35,1988-04-16,St. Paul,MN,USA,USA,72,218,2006,NYI,1,7,7
2009,Kyle Quincey,COL,D,38,1985-08-12,Kitchener,ON,CAN,CAN,74,210,2003,DET,4,31,132
2009,Kyle Wellwood,VAN,C,40,1983-05-16,Windsor,ON,CAN,CAN,70,181,2001,TOR,5,3,134
2009,Kyle Wilson,WSH,C,39,1984-12-15,Oakville,ON,CAN,CAN,73,200,2004,MIN,9,14,272
2009,Ladislav Smid,EDM,D,38,1986-02-01,Frydlant,CZE,CZE,76,210,2004,ANA,1,9,9,
2009,Lars Eller,STL,C,34,1989-05-08,Rodovre,DNK,DNK,74,205,2007,STL,1,13,13,
2009,Lauri Korpikoski,PHX,L,37,1986-07-28,Turku,FIN,FIN,73,193,2004,NYR,1,19,19,
2009,Lee Stempniak,"PHX, TOR",R,41,1983-02-04,West Seneca,NY,USA,USA,71,195,2003,STL,5,12,148
2009,Liam Reddox,EDM,L,38,1986-01-27,Whitby,ON,CAN,CAN,71,178,2004,EDM,4,14,112
2009,Logan Couture,S.J,C,34,1989-03-28,Guelph,ON,CAN,CAN,73,206,2007,S.J,1,9,9
2009,Loui Eriksson,DAL,L,38,1985-07-17,Gothenburg,SWE,SWE,74,179,2003,DAL,2,3,33,
2009,Lubomir Visnovsky,"ANA, EDM",D,47,1976-08-11,Topolcany,SVK,SVK,70,192,2000,L.A,4,22,118,
2009,Luca Caputi,"PIT, TOR",L,35,1988-10-01,Toronto,ON,CAN,CAN,75,200,2007,PIT,4,20,111
2009,Luca Sbisa,ANA,D,34,1990-01-30,Ozieri,ITA,CHE,74,206,2008,PHI,1,19,19,
2009,Lukas Krajicek,"PHI, T.B",D,41,1983-03-11,Prostejov,CZE,CZE,75,205,2001,FLA,1,24,24,
2009,Luke Schenn,TOR,D,34,1989-11-02,Saskatoon,SK,CAN,CAN,74,225,2008,TOR,1,5,5
2009,MacGregor Sharp,ANA,C,38,1985-10-01,Red Deer,AB,CAN,CAN,73,185,-,-,-,-,-
2009,Maksim Mayorov,CBJ,L,34,1989-03-26,Leninogorsk,RUS,RUS,74,198,2007,CBJ,4,3,94,
2009,Manny Malhotra,S.J,C,43,1980-05-18,Mississauga,ON,CAN,CAN,74,207,1998,NYR,1,7,7
2009,Marc Methot,CBJ,D,38,1985-06-21,Ottawa,ON,CAN,CAN,76,230,2003,CBJ,6,1,168
2009,Marc Savard,BOS,C,46,1977-07-17,Ottawa,ON,CAN,CAN,70,188,1995,NYR,4,13,91
2009,Marc Staal,NYR,D,37,1987-01-13,Thunder Bay,ON,CAN,CAN,76,208,2005,NYR,1,12,12
2009,Marc-Andre Bergeron,MTL,D,43,1980-10-13,Trois-Rivieres,QC,CAN,CAN,69,190,-,-,-,-,-
2009,Marc-Andre Cliche,L.A,C,36,1987-03-23,Rouyn-Noranda,QC,CAN,CAN,72,202,2005,NYR,2,26,56
2009,Marc-Antoine Pouliot,EDM,C,38,1985-05-22,QC,CAN,CAN,74,203,2003,EDM,1,22,22,
2009,Marc-Edouard Vlasic,S.J,D,36,1987-03-30,Montreal,QC,CAN,CAN,73,205,2005,S.J,2,5,35
2009,Marcel Goc,NSH,C,40,1983-08-24,Calw,DEU,DEU,73,197,2001,S.J,1,20,20,
2009,Marco Sturm,BOS,L,45,1978-09-08,Dingolfing,DEU,DEU,72,196,1996,S.J,1,21,21,
2009,Marek Svatos,COL,R,41,1982-06-17,Kosice,SVK,SVK,70,185,2001,COL,7,31,227,
2009,Marek Zidlicky,MIN,D,47,1977-02-03,Most,CZE,CZE,71,190,2001,NYR,6,11,176,
2009,Marian Gaborik,NYR,R,42,1982-02-14,Trencin,SVK,SVK,73,200,2000,MIN,1,3,3,
2009,Marian Hossa,CHI,R,45,1979-01-12,Stará Lubovna,SVK,SVK,73,207,1997,OTT,1,12,12,
2009,Mario Bliznak,VAN,C,37,1987-03-06,Trencin,SVK,SVK,72,185,2005,VAN,7,11,205,
2009,Mark Eaton,PIT,D,46,1977-05-06,Wilmington,DE,USA,USA,73,215,-,-,-,-,-
2009,Mark Fistric,DAL,D,37,1986-06-01,Edmonton,AB,CAN,CAN,74,225,2004,DAL,1,28,28
2009,Mark Flood,NYI,D,39,1984-09-29,Charlottetown,PE,CAN,CAN,73,195,2003,MTL,6,21,188
2009,Mark Fraser,N.J,D,37,1986-09-29,Ottawa,ON,CAN,CAN,76,220,2005,N.J,3,23,84
2009,Mark Giordano,CGY,D,40,1983-10-03,Toronto,ON,CAN,CAN,72,205,-,-,-,-,-
2009,Mark Letestu,PIT,C,39,1985-02-04,Elk Point,AB,CAN,CAN,70,195,-,-,-,-,-
2009,Mark Mancari,BUF,R,38,1985-07-11,London,ON,CAN,CAN,76,208,2004,BUF,7,14,207
2009,Mark Parrish,T.B,R,47,1977-02-02,Bloomington,MN,USA,USA,71,199,1996,COL,3,27,79
2009,Mark Popovic,ATL,D,41,1982-10-11,Stoney Creek,ON,CAN,CAN,73,205,2001,ANA,2,5,35
2009,Mark Recchi,BOS,R,56,1968-02-01,Kamloops,BC,CAN,CAN,70,195,1988,PIT,4,4,67
2009,Mark Streit,NYI,D,46,1977-12-11,Bern,CHE,CHE,71,186,2004,MTL,9,4,262,
2009,Mark Stuart,BOS,D,39,1984-04-27,Rochester,MN,USA,USA,74,215,2003,BOS,1,21,21
2009,Martin Erat,NSH,R,42,1981-08-29,Trebic,CZE,CZE,72,196,1999,NSH,7,5,191,
2009,Martin Hanzal,PHX,C,37,1987-02-20,Pisek,CZE,CZE,78,230,2005,PHX,1,17,17,
2009,Martin Havlat,MIN,R,42,1981-04-19,Mlada Boleslav,CZE,CZE,74,210,1999,OTT,1,26,26,
2009,Martin Skoula,"N.J, PIT",D,44,1979-10-28,Litomerice,CZE,CZE,75,226,1998,COL,1,17,17,
2009,Martin St Pierre,OTT,C,40,1983-08-11,Ottawa,ON,CAN,CAN,69,188,-,-,-,-,-
2009,Martin St. Louis,T.B,R,48,1975-06-18,Laval,QC,CAN,CAN,68,180,-,-,-,-,-
2009,Marty Reasoner,ATL,C,47,1977-02-26,Honeoye Falls,NY,USA,USA,73,197,1996,STL,1,14,14
2009,Mason Raymond,VAN,L,38,1985-09-17,Cochrane,AB,CAN,CAN,73,179,2005,VAN,2,21,51
2009,Mathieu Carle,MTL,D,36,1987-09-30,Gatineau,QC,CAN,CAN,72,203,2006,MTL,2,23,53
2009,Mathieu Darche,MTL,L,47,1976-11-26,Montreal,QC,CAN,CAN,73,215,-,-,-,-,-
2009,Mathieu Perreault,WSH,C,36,1988-01-05,Drummondville,QC,CAN,CAN,70,189,2006,WSH,6,24,177
2009,Mathieu Roy,CBJ,D,40,1983-08-10,St. Georges,QC,CAN,CAN,74,210,2003,EDM,7,18,215
2009,Mathieu Schneider,"PHX, VAN",D,54,1969-06-12,New York City,NY,USA,USA,71,192,1987,MTL,3,2,44
2009,Matt Beleskey,ANA,L,35,1988-06-07,Windsor,ON,CAN,CAN,72,207,2006,ANA,4,19,112
2009,Matt Bradley,WSH,R,45,1978-06-13,Stittsville,ON,CAN,CAN,75,200,1996,S.J,4,22,102
2009,Matt Carkner,OTT,D,43,1980-11-03,Winchester,ON,CAN,CAN,77,229,1999,MTL,2,30,58
2009,Matt Carle,PHI,D,39,1984-09-25,Anchorage,AK,USA,USA,72,197,2003,S.J,2,17,47
2009,Matt Cooke,PIT,L,45,1978-09-07,Belleville,ON,CAN,CAN,71,216,1997,VAN,6,10,144
2009,Matt Cullen,"CAR, OTT",C,47,1976-11-02,Virginia,MN,USA,USA,73,202,1996,ANA,2,9,35
2009,Matt D'Agostini,"MTL, STL",R,37,1986-10-23,Sault Ste. Marie,ON,CAN,CAN,72,198,2005,MTL,6,28,190
2009,Matt Duchene,COL,C,33,1991-01-16,Haliburton,ON,CAN,CAN,71,195,2009,COL,1,3,3
2009,Matt Ellis,BUF,L,42,1981-08-31,Welland,ON,CAN,CAN,72,208,-,-,-,-,-
2009,Matt Gilroy,NYR,D,39,1984-07-20,North Bellmore,NY,USA,USA,73,199,-,-,-,-,-
2009,Matt Greene,L.A,D,40,1983-05-13,Grand Ledge,MI,USA,USA,75,236,2002,EDM,2,14,44
2009,Matt Halischuk,N.J,R,35,1988-06-01,Toronto,ON,CAN,CAN,72,180,2007,N.J,4,26,117
2009,Matt Hendricks,COL,L,42,1981-06-17,Blaine,MN,USA,USA,72,211,2000,NSH,5,1,131
2009,Matt Hunwick,BOS,D,38,1985-05-21,Warren,MI,USA,USA,71,194,2004,BOS,7,31,224
2009,Matt Lashoff,T.B,D,37,1986-09-29,East Greenbush,NY,USA,USA,74,204,2005,BOS,1,22,22
2009,Matt Martin,NYI,L,34,1989-05-08,Windsor,ON,CAN,CAN,75,220,2008,NYI,5,27,148
2009,Matt Moulson,NYI,L,40,1983-11-01,North York,ON,CAN,CAN,73,188,2003,PIT,9,2,263
2009,Matt Niskanen,DAL,D,37,1986-12-06,Virginia,MN,USA,USA,73,203,2005,DAL,1,28,28
2009,Matt Pettinger,VAN,L,43,1980-10-22,Edmonton,AB,CAN,CAN,73,205,2000,WSH,2,13,43
2009,Matt Smaby,T.B,D,39,1984-10-14,Minneapolis,MN,USA,USA,78,230,2003,T.B,2,11,41
2009,Matt Stajan,"CGY, TOR",C,40,1983-12-19,Mississauga,ON,CAN,CAN,73,195,2002,TOR,2,27,57
2009,Matt Walker,T.B,D,43,1980-04-07,Beaverlodge,AB,CAN,CAN,76,215,1998,STL,3,25,83
2009,Matthew Corrente,N.J,D,36,1988-03-17,Mississauga,ON,CAN,CAN,72,205,2006,N.J,1,30,30
2009,Matthew Lombardi,PHX,C,42,1982-03-18,Montreal,QC,CAN,CAN,71,195,2002,CGY,3,27,90
2009,Mattias Ohlund,T.B,D,47,1976-09-09,Pitea,SWE,SWE,76,188,1994,VAN,1,13,13,
2009,Mattias Ritola,DET,C,37,1987-03-14,Borlange,SWE,SWE,72,192,2005,DET,4,12,103,
2009,Max Pacioretty,MTL,L,35,1988-11-20,New Canaan,CT,USA,USA,74,217,2007,MTL,1,22,22
2009,Max Talbot,PIT,C,40,1984-02-11,Lemoyne,QC,CAN,CAN,71,186,2002,PIT,8,5,234
2009,Maxim Afinogenov,ATL,R,44,1979-09-04,Moscow,RUS,RUS,72,190,1997,BUF,3,16,69,
2009,Maxim Lapierre,MTL,C,38,1985-03-29,Saint-Léonard,QC,CAN,CAN,74,215,2003,MTL,2,31,61
2009,Maxim Noreau,MIN,D,36,1987-05-24,Montreal,QC,CAN,CAN,72,194,-,-,-,-,-
2009,Maxime Fortunus,DAL,D,40,1983-07-28,Longueuil,QC,CAN,CAN,71,202,-,-,-,-,-
2009,Michael Del Zotto,NYR,D,33,1990-06-24,Stouffville,ON,CAN,CAN,72,195,2008,NYR,1,20,20
2009,Michael Frolik,FLA,R,36,1988-02-17,Kladno,CZE,CZE,73,186,2006,FLA,1,10,10,
2009,Michael Grabner,VAN,R,36,1987-10-05,Villach,AUT,AUT,73,188,2006,VAN,1,14,14,
2009,Michael Ryder,BOS,R,43,1980-03-31,Bonavista,NL,CAN,CAN,73,200,1998,MTL,8,16,216
2009,Michal Handzus,L.A,C,47,1977-03-11,Banská Bystrica,SVK,SVK,77,215,1995,STL,4,23,101,
2009,Michal Repik,FLA,R,35,1988-12-31,Vlasim,CZE,CZE,70,188,2007,FLA,2,10,40,
2009,Michal Rozsival,NYR,D,45,1978-09-03,Vlasim,CZE,CZE,73,210,1996,PIT,4,25,105,
2009,Micheal Haley,NYI,C,37,1986-03-30,Guelph,ON,CAN,CAN,71,213,-,-,-,-,-
2009,Mika Pyorala,PHI,C,42,1981-07-13,Oulu,FIN,FIN,72,190,-,-,-,-,-,
2009,Mikael Backlund,CGY,C,35,1989-03-17,Vasteras,SWE,SWE,72,206,2007,CGY,1,24,24,
2009,Mikael Samuelsson,VAN,R,47,1976-12-23,Mariefred,SWE,SWE,74,218,1998,S.J,5,31,145,
2009,Mike Blunden,CBJ,R,37,1986-12-15,Toronto,ON,CAN,CAN,76,217,2005,CHI,2,13,43
2009,Mike Brown,ANA,R,38,1985-06-24,Chicago,IL,USA,USA,71,205,2004,VAN,5,30,159
2009,Mike Cammalleri,MTL,L,41,1982-06-08,Toronto,ON,CAN,CAN,69,185,2001,L.A,2,19,49
2009,Mike Commodore,CBJ,D,44,1979-11-07,Fort Saskatchewan,AB,CAN,CAN,76,227,1999,N.J,2,14,42
2009,Mike Comrie,EDM,C,43,1980-09-11,Edmonton,AB,CAN,CAN,70,185,1999,EDM,3,25,91
2009,Mike Duco,FLA,R,36,1987-07-08,Toronto,ON,CAN,CAN,70,200,-,-,-,-,-
2009,Mike Fisher,OTT,C,43,1980-06-05,Peterborough,ON,CAN,CAN,73,216,1998,OTT,2,17,44
2009,Mike Green,WSH,D,38,1985-10-12,Calgary,AB,CAN,CAN,73,210,2004,WSH,1,29,29
2009,Mike Grier,BUF,R,49,1975-01-05,Detroit,MI,USA,USA,73,224,1993,STL,9,11,219
2009,Mike Knuble,WSH,R,51,1972-07-04,Toronto,ON,CAN,USA,75,229,1991,DET,4,10,76
2009,Mike Komisarek,TOR,D,42,1982-01-19,West Islip,NY,USA,USA,76,235,2001,MTL,1,7,7
2009,Mike Lundin,T.B,D,39,1984-09-24,Burnsville,MN,USA,USA,74,190,2004,T.B,4,4,102
2009,Mike Modano,DAL,C,53,1970-06-07,Livonia,MI,USA,USA,75,212,1988,MNS,1,1,1
2009,Mike Mottau,N.J,D,46,1978-03-19,Quincy,MA,USA,USA,72,195,1997,NYR,7,21,182
2009,Mike Ribeiro,DAL,C,44,1980-02-10,Montreal,QC,CAN,CAN,72,179,1998,MTL,2,18,45
2009,Mike Richards,PHI,C,39,1985-02-11,Kenora,ON,CAN,CAN,71,196,2003,PHI,1,24,24
2009,Mike Rupp,PIT,L,44,1980-01-13,Cleveland,OH,USA,USA,77,235,2000,N.J,3,11,76
2009,Mike Santorelli,NSH,C,38,1985-12-14,Vancouver,BC,CAN,CAN,72,189,2004,NSH,6,15,178
2009,Mike Weaver,STL,D,45,1978-05-02,Brampton,ON,CAN,CAN,70,186,-,-,-,-,-
2009,Mikhail Grabovski,TOR,C,40,1984-01-31,Potsdam,DEU,BLR,71,186,2004,MTL,5,21,150,
2009,Mikkel Boedker,PHX,L,34,1989-12-16,Brondby,DNK,DNK,72,207,2008,PHX,1,8,8,
2009,Mikko Koivu,MIN,C,41,1983-03-12,Turku,FIN,FIN,75,213,2001,MIN,1,6,6,
2009,Mikko Lehtonen,BOS,R,36,1987-04-01,Espoo,FIN,FIN,75,196,2005,BOS,3,22,83,
2009,Milan Hejduk,COL,R,48,1976-02-14,Usti,CZE,CZE,72,190,1994,QUE,4,9,87,
2009,Milan Jurcina,"CBJ, WSH",D,40,1983-06-07,Liptovsky Mikulas,SVK,SVK,76,253,2001,BOS,8,14,241,
2009,Milan Lucic,BOS,L,35,1988-06-07,Vancouver,BC,CAN,CAN,75,240,2006,BOS,2,20,50
2009,Milan Michalek,OTT,L,39,1984-12-07,Jindrichuv Hradec,CZE,CZE,74,225,2003,S.J,1,6,6,
2009,Miroslav Satan,BOS,R,49,1974-10-22,Topolcany,SVK,SVK,75,191,1993,EDM,5,7,111,
2009,Nate Guenin,PIT,D,41,1982-12-10,Aliquippa,PA,USA,USA,75,207,2002,NYR,4,31,127
2009,Nate Prosser,MIN,D,37,1986-05-07,Elk River,MN,USA,USA,74,201,-,-,-,-,-
2009,Nate Thompson,"NYI, T.B",C,39,1984-10-05,Anchorage,AK,USA,USA,73,205,2003,BOS,6,16,183
2009,Nathan Gerbe,BUF,C,36,1987-07-24,Oxford,MI,USA,USA,64,176,2005,BUF,5,17,142
2009,Nathan Horton,FLA,R,38,1985-05-29,Welland,ON,CAN,CAN,74,188,2003,FLA,1,3,3
2009,Nathan Oystrick,ANA,D,41,1982-12-17,Regina,SK,CAN,CAN,71,213,2002,ATL,7,1,198
2009,Nathan Paetsch,"BUF, CBJ",D,40,1983-03-30,Leroy,SK,CAN,CAN,73,198,2003,BUF,7,5,202
2009,Nathan Smith,MIN,C,42,1982-02-09,Edmonton,AB,CAN,CAN,74,206,2000,VAN,1,23,23
2009,Nazem Kadri,TOR,C,33,1990-10-06,London,ON,CAN,CAN,72,185,2009,TOR,1,7,7
2009,Nick Bonino,ANA,C,35,1988-04-20,Hartford,CT,USA,USA,73,195,2007,S.J,6,22,173
2009,Nick Boynton,"ANA, CHI",D,45,1979-01-14,Nobleton,ON,CAN,CAN,73,218,1999,BOS,1,21,21
2009,Nick Foligno,OTT,L,36,1987-10-31,Buffalo,NY,USA,USA,72,210,2006,OTT,1,28,28
2009,Nick Johnson,PIT,R,38,1985-12-24,Calgary,AB,CAN,CAN,74,200,2004,PIT,3,2,67
2009,Nick Palmieri,N.J,R,34,1989-07-12,Utica,NY,USA,USA,75,220,2007,N.J,3,18,79
2009,Nick Schultz,MIN,D,41,1982-08-25,Strasbourg,SK,CAN,CAN,73,203,2000,MIN,2,3,33
2009,Nick Spaling,NSH,C,35,1988-09-19,Palmerston,ON,CAN,CAN,73,198,2007,NSH,2,28,58
2009,Nick Tarnasky,FLA,L,39,1984-11-25,Rocky Mountain House,AB,CAN,CAN,74,188,2003,T.B,9,26,287
2009,Nicklas Backstrom,WSH,C,36,1987-11-23,Gävle,SWE,SWE,73,202,2006,WSH,1,4,4,
2009,Nicklas Grossmann,DAL,D,39,1985-01-22,Stockholm,SWE,SWE,76,230,2004,DAL,2,26,56,
2009,Nicklas Lidstrom,DET,D,53,1970-04-28,Vasteras,SWE,SWE,73,192,1989,DET,3,11,53,
2009,Niclas Bergfors,"ATL, N.J",R,37,1987-03-07,Sodertalje,SWE,SWE,70,194,2005,N.J,1,23,23,
2009,Niclas Wallin,"CAR, S.J",D,49,1975-02-20,Boden,SWE,SWE,75,220,2000,CAR,4,1,97,
2009,Nigel Dawes,CGY,L,39,1985-02-09,Winnipeg,MB,CAN,CAN,69,200,2003,NYR,5,13,149
2009,Nik Antropov,ATL,C,44,1980-02-18,Ust-Kamenogorsk,KAZ,KAZ,78,245,1998,TOR,1,10,10,
2009,Nikita Filatov,CBJ,L,33,1990-05-25,Moscow,RUS,RUS,72,190,2008,CBJ,1,6,6,
2009,Niklas Hagman,"CGY, TOR",L,44,1979-12-05,Espoo,FIN,FIN,70,205,1999,FLA,3,4,70,
2009,Niklas Hjalmarsson,CHI,D,36,1987-06-06,Eksjo,SWE,SWE,75,197,2005,CHI,4,17,108,
2009,Niklas Kronwall,DET,D,43,1981-01-12,Stockholm,SWE,SWE,72,194,2000,DET,1,29,29,
2009,Nikolay Kulemin,TOR,L,37,1986-07-14,Magnitogorsk,RUS,RUS,73,228,2006,TOR,2,14,44,
2009,Nolan Baumgartner,VAN,D,47,1976-03-23,Calgary,AB,CAN,CAN,74,195,1994,WSH,1,10,10
2009,Ole-Kristian Tollefsen,PHI,D,39,1984-03-29,Oslo,NOR,NOR,74,211,2002,CBJ,3,2,65,
2009,Olli Jokinen,"CGY, NYR",C,45,1978-12-05,Kuopio,FIN,FIN,74,210,1997,L.A,1,3,3,
2009,Oscar Moller,L.A,R,35,1989-01-22,Stockholm,SWE,SWE,70,189,2007,L.A,2,22,52,
2009,Oskar Osala,CAR,L,36,1987-12-26,Vaasa,FIN,FIN,76,219,2006,WSH,4,4,97,
2009,Oskars Bartulis,PHI,D,37,1987-01-21,Ogre,LVA,LVA,74,184,2005,PHI,3,30,91,
2009,Owen Nolan,MIN,R,52,1972-02-12,Belfast,GBR,CAN,73,214,1990,QUE,1,1,1,
2009,P.K. Subban,MTL,D,34,1989-05-13,Toronto,ON,CAN,CAN,72,210,2007,MTL,2,13,43
2009,PA Parenteau,NYR,R,40,1983-03-24,Hull,QC,CAN,CAN,72,200,2001,ANA,9,5,264
2009,Pascal Dupuis,PIT,R,44,1979-04-07,Laval,QC,CAN,CAN,73,205,-,-,-,-,-
2009,Patric Hornqvist,NSH,R,37,1987-01-01,Sollentuna,SWE,SWE,71,189,2005,NSH,7,36,230,
2009,Patrice Bergeron,BOS,C,38,1985-07-24,Ancienne-Lorette,QC,CAN,CAN,73,196,2003,BOS,2,15,45
2009,Patrick Davis,N.J,R,37,1986-12-28,Sterling Heights,MI,USA,USA,74,195,2005,N.J,4,8,99
2009,Patrick Dwyer,CAR,R,40,1983-06-22,Spokane,WA,USA,USA,71,175,2002,ATL,4,20,116
2009,Patrick Eaves,DET,R,39,1984-05-01,Calgary,AB,CAN,USA,70,203,2003,OTT,1,29,29
2009,Patrick Kaleta,BUF,R,37,1986-06-08,Buffalo,NY,USA,USA,73,198,2004,BUF,6,13,176
2009,Patrick Kane,CHI,R,35,1988-11-19,Buffalo,NY,USA,USA,70,177,2007,CHI,1,1,1
2009,Patrick Marleau,S.J,"C, L",44,1979-09-15,Aneroid,SK,CAN,CAN,74,215,1997,S.J,1,2,2
2009,Patrick O'Sullivan,EDM,C,39,1985-02-01,Toronto,ON,CAN,USA,71,189,2003,MIN,2,26,56
2009,Patrick Sharp,CHI,L,42,1981-12-27,Winnipeg,MB,CAN,CAN,73,200,2001,PHI,3,32,95
2009,Patrik Berglund,STL,C,35,1988-06-02,Västerås,SWE,SWE,76,215,2006,STL,1,25,25,
2009,Patrik Elias,N.J,C,47,1976-04-13,Trebic,CZE,CZE,73,190,1994,N.J,2,25,51,
2009,Paul Bissonnette,PHX,L,39,1985-03-11,Welland,ON,CAN,CAN,74,216,2003,PIT,4,20,121
2009,Paul Gaustad,BUF,C,42,1982-02-03,Fargo,ND,USA,USA,77,227,2000,BUF,7,23,220
2009,Paul Kariya,STL,L,49,1974-10-16,Vancouver,BC,CAN,CAN,70,185,1993,ANA,1,4,4
2009,Paul Mara,MTL,D,44,1979-09-07,Ridgewood,NJ,USA,USA,76,211,1997,T.B,1,7,7
2009,Paul Martin,N.J,D,43,1981-03-05,Minneapolis,MN,USA,USA,73,200,2000,N.J,2,32,62
2009,Paul Ranger,T.B,D,39,1984-09-12,Whitby,ON,CAN,CAN,75,210,2002,T.B,6,17,183
2009,Paul Stastny,COL,C,38,1985-12-27,Quebec City,QC,CAN,USA,72,193,2005,COL,2,14,44
2009,Paul Szczechura,T.B,C,38,1985-11-30,Brantford,ON,CAN,CAN,70,186,-,-,-,-,-
2009,Pavel Datsyuk,DET,C,45,1978-07-20,Sverdlovsk,RUS,RUS,71,188,1998,DET,6,26,171,
2009,Pavel Kubina,ATL,D,46,1977-04-15,Celadna,CZE,CZE,76,258,1996,T.B,7,17,179,
2009,Pavol Demitra,VAN,R,49,1974-11-29,Dubnica nad Váhom,SVK,SVK,72,200,1993,OTT,9,19,227,
2009,Perttu Lindgren,DAL,C,36,1987-08-26,Tampere,FIN,FIN,72,188,2005,DAL,3,14,75,
2009,Peter Harrold,L.A,D,40,1983-06-08,Kirtland Hills,OH,USA,USA,71,180,-,-,-,-,-
2009,Peter Mueller,"COL, PHX",C,35,1988-04-14,Bloomington,MN,USA,USA,74,204,2006,PHX,1,8,8
2009,Peter Olvecky,NSH,L,38,1985-10-11,Nove Zamky,SVK,SVK,74,220,2004,MIN,3,13,78,
2009,Peter Regin,OTT,C,37,1986-04-16,Herning,DNK,DNK,74,190,2004,OTT,3,22,87,
2009,Petr Kalus,MIN,R,36,1987-06-29,Ostrava,CZE,CZE,73,201,2005,BOS,2,9,39,
2009,Petr Prucha,PHX,R,41,1982-09-14,Chrudim,CZE,CZE,72,175,2002,NYR,8,11,240,
2009,Petr Sykora,MIN,R,47,1976-11-19,Plzen,CZE,CZE,72,190,1995,N.J,1,18,18,
2009,Petteri Nokelainen,"ANA, PHX",C,38,1986-01-16,Imatra,FIN,FIN,73,201,2004,NYI,1,16,16,
2009,Phil Kessel,TOR,R,36,1987-10-02,Madison,WI,USA,USA,71,208,2006,BOS,1,5,5
2009,Philip Larsen,DAL,D,34,1989-12-07,Esbjerg,DNK,DNK,73,185,2008,DAL,5,28,149,
2009,Philippe Dupuis,COL,C,38,1985-04-24,Laval,QC,CAN,CAN,72,196,2003,CBJ,4,3,104
2009,Pierre-Luc Letourneau-Leblond,N.J,R,38,1985-06-04,Levis,QC,CAN,CAN,73,218,2004,N.J,7,23,216
2009,Pierre-Marc Bouchard,MIN,C,39,1984-04-27,Sherbrooke,QC,CAN,CAN,70,168,2002,MIN,1,8,8
2009,Quintin Laing,WSH,L,44,1979-06-08,Harris,SK,CAN,CAN,75,193,1997,DET,4,22,102
2009,R.J. Umberger,CBJ,C,41,1982-05-03,Pittsburgh,PA,USA,USA,74,214,2001,VAN,1,16,16
2009,Radek Dvorak,FLA,R,47,1977-03-09,Tabor,CZE,CZE,74,195,1995,FLA,1,10,10,
2009,Radek Martinek,NYI,D,47,1976-08-31,Havlickuv Brod,CZE,CZE,72,205,1999,NYI,8,13,228,
2009,Radek Smolenak,CHI,L,37,1986-12-03,Prague,CZE,CZE,74,207,2005,T.B,3,12,73,
2009,Radim Vrbata,PHX,R,42,1981-06-13,Mlada Boleslav,CZE,CZE,73,194,1999,COL,7,26,212,
2009,Raffi Torres,"BUF, CBJ",L,42,1981-10-08,Toronto,ON,CAN,CAN,72,215,2000,NYI,1,5,5
2009,Raitis Ivanans,L.A,L,45,1979-01-03,Riga,LVA,LVA,76,231,-,-,-,-,-,
2009,Randy Jones,L.A,D,42,1981-07-23,Quispamsis,NB,CAN,CAN,74,210,-,-,-,-,-
2009,Ray Whitney,CAR,L,51,1972-05-08,Fort Saskatchewan,AB,CAN,CAN,70,180,1991,S.J,2,1,23
2009,Raymond Sawada,DAL,R,39,1985-02-19,Richmond,BC,CAN,CAN,74,207,2004,DAL,2,22,52
2009,Rene Bourque,CGY,R,42,1981-12-10,Lac La Biche,AB,CAN,CAN,74,217,-,-,-,-,-
2009,Rich Clune,L.A,L,36,1987-04-25,Toronto,ON,CAN,CAN,70,207,2005,DAL,3,10,71
2009,Rich Peverley,ATL,C,41,1982-07-08,Kingston,ON,CAN,CAN,71,195,-,-,-,-,-
2009,Richard Park,NYI,R,47,1976-05-27,Seoul,KOR,USA,71,190,1994,PIT,2,24,50,
2009,Rick Nash,CBJ,R,39,1984-06-16,Brampton,ON,CAN,CAN,76,211,2002,CBJ,1,1,1
2009,Rick Rypien,VAN,C,39,1984-05-16,Coleman,AB,CAN,CAN,71,190,-,-,-,-,-
2009,Rickard Wallin,TOR,C,43,1980-04-09,Stockholm,SWE,SWE,74,195,1998,PHX,6,15,160,
2009,Riley Cote,PHI,L,42,1982-03-16,Winnipeg,MB,CAN,CAN,74,220,-,-,-,-,-
2009,Rob Blake,S.J,D,54,1969-12-10,Simcoe,ON,CAN,CAN,76,220,1988,L.A,4,7,70
2009,Rob Davison,N.J,D,43,1980-05-01,St. Catharines,ON,CAN,CAN,74,215,1998,S.J,4,12,98
2009,Rob Niedermayer,N.J,C,49,1974-12-28,Cassiar,BC,CAN,CAN,74,203,1993,FLA,1,5,5
2009,Rob Schremp,NYI,C,37,1986-07-01,Fulton,NY,USA,USA,71,200,2004,EDM,1,25,25
2009,Rob Scuderi,L.A,D,45,1978-12-30,Syosset,NY,USA,USA,73,216,1998,PIT,5,20,134
2009,Robbie Earl,MIN,L,38,1985-06-02,Chicago,IL,USA,USA,73,195,2004,TOR,6,24,187
2009,Robert Lang,PHX,C,53,1970-12-19,Teplice,CZE,CZE,75,217,1990,L.A,7,7,133,
2009,Robert Nilsson,EDM,C,39,1985-01-10,Calgary,AB,CAN,SWE,71,185,2003,NYI,1,15,15
2009,Robyn Regehr,CGY,D,43,1980-04-19,Recife,BRA,CAN,75,222,1998,COL,1,19,19,
2009,Rod Brind'Amour,CAR,C,53,1970-08-09,Ottawa,ON,CAN,CAN,73,205,1988,STL,1,9,9
2009,Rod Pelley,N.J,C,39,1984-09-01,Kitimat,BC,CAN,CAN,72,205,-,-,-,-,-
2009,Roman Hamrlik,MTL,D,49,1974-04-12,Zlin,CZE,CZE,74,206,1992,T.B,1,1,1,
2009,Roman Polak,STL,D,37,1986-04-28,Ostrava,CZE,CZE,74,240,2004,STL,6,17,180,
2009,Ron Hainsey,ATL,D,42,1981-03-24,Bolton,CT,USA,USA,75,201,2000,MTL,1,13,13
2009,Rostislav Klesla,CBJ,D,42,1982-03-21,Novy Jicin,CZE,CZE,75,215,2000,CBJ,1,4,4,
2009,Rostislav Olesz,FLA,L,38,1985-10-10,Bilovec,CZE,CZE,74,215,2004,FLA,1,7,7,
2009,Ruslan Fedotenko,PIT,L,45,1979-01-18,Kiev,UKR,UKR,73,188,-,-,-,-,-,
2009,Ruslan Salei,COL,D,49,1974-11-02,Minsk,BLR,BLR,73,212,1996,ANA,1,9,9,
2009,Ryan Callahan,NYR,R,39,1985-03-21,Rochester,NY,USA,USA,70,187,2004,NYR,4,29,127
2009,Ryan Carter,ANA,L,40,1983-08-03,White Bear Lake,MN,USA,USA,73,205,-,-,-,-,-
2009,Ryan Craig,T.B,C,42,1982-01-06,Abbotsford,BC,CAN,CAN,74,213,2002,T.B,8,26,255
2009,Ryan Getzlaf,ANA,C,38,1985-05-10,Regina,SK,CAN,CAN,76,220,2003,ANA,1,19,19
2009,Ryan Johnson,VAN,C,47,1976-06-14,Thunder Bay,ON,CAN,CAN,73,199,1994,FLA,2,10,36
2009,Ryan Jones,"EDM, NSH",L,39,1984-06-14,Chatham,ON,CAN,CAN,73,208,2004,MIN,4,13,111
2009,Ryan Keller,OTT,R,40,1984-01-06,Saskatoon,SK,CAN,CAN,70,196,-,-,-,-,-
2009,Ryan Kesler,VAN,C,39,1984-08-31,Livonia,MI,USA,USA,74,206,2003,VAN,1,23,23
2009,Ryan Malone,T.B,L,44,1979-12-01,Pittsburgh,PA,USA,USA,76,224,1999,PIT,4,19,115
2009,Ryan O'Byrne,MTL,D,39,1984-07-19,Victoria,BC,CAN,CAN,77,234,2003,MTL,3,11,79
2009,Ryan O'Marra,EDM,C,36,1987-06-09,Tokyo,JPN,CAN,74,220,2005,NYI,1,15,15,
2009,Ryan O'Reilly,COL,C,33,1991-02-07,Clinton,ON,CAN,CAN,73,207,2009,COL,2,3,33
2009,Ryan Parent,PHI,D,37,1987-03-17,Prince Albert,SK,CAN,CAN,75,198,2005,NSH,1,18,18
2009,Ryan Potulny,EDM,C,39,1984-09-05,Grand Forks,ND,USA,USA,72,182,2003,PHI,3,19,87
2009,Ryan Shannon,OTT,R,41,1983-03-02,Darien,CT,USA,USA,69,175,-,-,-,-,-
2009,Ryan Smyth,L.A,L,48,1976-02-21,Banff,AB,CAN,CAN,74,191,1994,EDM,1,6,6
2009,Ryan Stoa,COL,C,36,1987-04-13,Bloomington,MN,USA,USA,75,200,2005,COL,2,4,34
2009,Ryan Stone,EDM,C,39,1985-03-20,Calgary,AB,CAN,CAN,74,207,2003,PIT,2,2,32
2009,Ryan Suter,NSH,D,39,1985-01-21,Madison,WI,USA,USA,73,205,2003,NSH,1,7,7
2009,Ryan Vesce,S.J,R,41,1982-04-07,Lloyd Harbor,NY,USA,USA,68,175,-,-,-,-,-
2009,Ryan White,MTL,C,36,1988-03-17,Brandon,MB,CAN,CAN,72,200,2006,MTL,3,3,66
2009,Ryan Whitney,"ANA, EDM",D,41,1983-02-19,Boston,MA,USA,USA,76,209,2002,PIT,1,5,5
2009,Ryan Wilson,COL,D,37,1987-02-03,Windsor,ON,CAN,CAN,73,210,-,-,-,-,-
2009,Ryane Clowe,S.J,L,41,1982-09-30,St. John's,NL,CAN,CAN,75,188,2001,S.J,6,10,175
2009,Saku Koivu,ANA,C,49,1974-11-23,Turku,FIN,FIN,70,181,1993,MTL,1,21,21,
2009,Sam Gagner,EDM,C,34,1989-08-10,London,ON,CAN,CAN,71,201,2007,EDM,1,6,6
2009,Sami Lepisto,PHX,D,39,1984-10-17,Espoo,FIN,FIN,73,193,2004,WSH,3,1,66,
2009,Sami Salo,VAN,D,49,1974-09-02,Turku,FIN,FIN,75,215,1996,OTT,9,24,239,
2009,Samuel Pahlsson,CBJ,C,46,1977-12-17,Ange,SWE,SWE,72,202,1996,COL,7,14,176,
2009,Scott Gomez,MTL,C,44,1979-12-23,Anchorage,AK,USA,USA,71,200,1998,N.J,1,27,27
2009,Scott Hannan,COL,D,45,1979-01-23,Richmond,BC,CAN,CAN,73,215,1997,S.J,1,23,23
2009,Scott Hartnell,PHI,L,41,1982-04-18,Regina,SK,CAN,CAN,74,215,2000,NSH,1,6,6
2009,Scott Jackson,T.B,D,37,1987-02-05,Salmon Arm,BC,CAN,CAN,75,219,2005,STL,2,7,37
2009,Scott Nichol,S.J,C,49,1974-12-31,Edmonton,AB,CAN,CAN,68,179,1993,BUF,11,12,272
2009,Scott Niedermayer,ANA,D,50,1973-08-31,Edmonton,AB,CAN,CAN,73,194,1991,N.J,1,3,3
2009,Scott Parse,L.A,L,39,1984-09-05,Portage,MI,USA,USA,71,189,2004,L.A,6,11,174
2009,Scott Walker,"CAR, WSH",R,50,1973-07-19,Cambridge,ON,CAN,CAN,70,196,1993,VAN,5,20,124
2009,Scottie Upshall,PHX,R,40,1983-10-07,Fort McMurray,AB,CAN,CAN,72,200,2002,NSH,1,6,6
2009,Sean Avery,NYR,L,43,1980-04-10,North York,ON,CAN,CAN,70,195,-,-,-,-,-
2009,Sean Bergenheim,NYI,L,40,1984-02-08,Helsinki,FIN,FIN,71,201,2002,NYI,1,22,22,
2009,Sean O'Donnell,L.A,D,52,1971-10-13,Ottawa,ON,CAN,CAN,74,238,1991,BUF,6,13,123
2009,Sergei Gonchar,PIT,D,49,1974-04-13,Chelyabinsk,RUS,RUS,74,210,1992,WSH,1,14,14,
2009,Sergei Kostitsyn,MTL,L,37,1987-03-20,Novopolotsk,BLR,BLR,72,196,2005,MTL,7,6,200,
2009,Sergei Samsonov,CAR,L,45,1978-10-27,Moscow,RUS,RUS,68,188,1997,BOS,1,8,8,
2009,Sergei Shirokov,VAN,L,38,1986-03-10,Moscow,RUS,RUS,70,195,2006,VAN,6,10,163,
2009,Shane Doan,PHX,R,47,1976-10-10,Halkirk,AB,CAN,CAN,73,223,1995,WIN,1,7,7
2009,Shane Hnidy,MIN,D,48,1975-11-08,Neepawa,MB,CAN,CAN,74,204,1994,BUF,7,17,173
2009,Shane O'Brien,VAN,D,40,1983-08-09,Port Hope,ON,CAN,CAN,75,230,2003,ANA,8,21,250
2009,Shaone Morrisonn,WSH,D,41,1982-12-23,Vancouver,BC,CAN,CAN,76,210,2001,BOS,1,19,19
2009,Shaun Heshka,PHX,D,38,1985-07-30,Melville,SK,CAN,CAN,73,208,-,-,-,-,-
2009,Shawn Belle,MTL,D,39,1985-01-03,Edmonton,AB,CAN,CAN,73,235,2003,STL,1,30,30
2009,Shawn Horcoff,EDM,C,45,1978-09-17,Trail,BC,CAN,CAN,73,210,1998,EDM,4,13,99
2009,Shawn Matthias,FLA,L,36,1988-02-19,Mississauga,ON,CAN,CAN,76,231,2006,DET,2,17,47
2009,Shawn Thornton,BOS,L,46,1977-07-23,Oshawa,ON,CAN,CAN,74,217,1997,TOR,7,29,190
2009,Shea Weber,NSH,D,38,1985-08-14,Sicamous,BC,CAN,CAN,76,230,2003,NSH,2,19,49
2009,Shean Donovan,OTT,R,49,1975-01-22,Timmins,ON,CAN,CAN,75,218,1993,S.J,2,2,28
2009,Sheldon Brookbank,ANA,D,43,1980-10-03,Lanigan,SK,CAN,CAN,73,202,-,-,-,-,-
2009,Sheldon Souray,EDM,D,47,1976-07-13,Elk Point,AB,CAN,CAN,76,231,1994,N.J,3,19,71
2009,Sidney Crosby,PIT,C,36,1987-08-07,Cole Harbour,NS,CAN,CAN,71,200,2005,PIT,1,1,1
2009,Simon Gagne,PHI,L,44,1980-02-29,Ste. Foy,QC,CAN,CAN,73,195,1998,PHI,1,22,22
2009,Staffan Kronwall,CGY,D,41,1982-09-10,Järfälla,SWE,SWE,75,209,2002,TOR,9,25,285,
2009,Stephane Robidas,DAL,D,47,1977-03-03,Sherbrooke,QC,CAN,CAN,71,190,1995,MTL,7,8,164
2009,Stephane Veilleux,T.B,L,42,1981-11-16,Beauceville,QC,CAN,CAN,73,200,2001,MIN,3,30,93
2009,Stephane Yelle,"CAR, COL",C,49,1974-05-09,Ottawa,ON,CAN,CAN,74,182,1992,N.J,8,18,186
2009,Stephen Weiss,FLA,C,40,1983-04-03,Toronto,ON,CAN,CAN,71,190,2001,FLA,1,4,4
2009,Steve Begin,BOS,L,45,1978-06-14,Trois-Rivieres,QC,CAN,CAN,72,192,1996,CGY,2,14,40
2009,Steve Bernier,VAN,R,38,1985-03-31,Quebec City,QC,CAN,CAN,75,222,2003,S.J,1,16,16
2009,Steve Downie,T.B,R,36,1987-04-03,Newmarket,ON,CAN,CAN,71,191,2005,PHI,1,29,29
2009,Steve Eminger,ANA,D,40,1983-10-31,Woodbridge,ON,CAN,CAN,74,207,2002,WSH,1,12,12
2009,Steve MacIntyre,"EDM, FLA",L,43,1980-08-08,Brock,SK,CAN,CAN,77,250,-,-,-,-,-
2009,Steve Montador,BUF,D,44,1979-12-21,Vancouver,BC,CAN,CAN,72,210,-,-,-,-,-
2009,Steve Ott,DAL,C,41,1982-08-19,Summerside,PE,CAN,CAN,72,193,2000,DAL,1,25,25
2009,Steve Reinprecht,FLA,C,47,1976-05-07,Edmonton,AB,CAN,CAN,72,188,-,-,-,-,-
2009,Steve Staios,"CGY, EDM",D,50,1973-07-28,Hamilton,ON,CAN,CAN,73,200,1991,STL,2,5,27
2009,Steve Sullivan,NSH,L,49,1974-07-06,Timmins,ON,CAN,CAN,69,165,1994,N.J,9,25,233
2009,Steven Goertzen,CAR,R,39,1984-05-26,Stony Plain,AB,CAN,CAN,74,216,2002,CBJ,7,28,225
2009,Steven Stamkos,T.B,C,34,1990-02-07,Markham,ON,CAN,CAN,72,182,2008,T.B,1,1,1
2009,Steven Zalewski,S.J,C,37,1986-08-20,Utica,NY,USA,USA,72,195,2004,S.J,5,24,153
2009,T.J. Hensick,COL,C,38,1985-12-10,Lansing,MI,USA,USA,70,190,2005,COL,3,27,88
2009,T.J. Oshie,STL,R,37,1986-12-23,Everett,WA,USA,USA,72,187,2005,STL,1,24,24
2009,TJ Galiardi,COL,L,35,1988-04-22,Calgary,AB,CAN,CAN,74,185,2007,COL,2,25,55
2009,Tanner Glass,VAN,L,40,1983-11-29,Regina,SK,CAN,CAN,73,213,2003,FLA,9,4,265
2009,Taylor Chorney,EDM,D,36,1987-04-27,Thunder Bay,ON,CAN,USA,72,193,2005,EDM,2,6,36
2009,Taylor Pyatt,PHX,L,42,1981-08-19,Thunder Bay,ON,CAN,CAN,76,230,1999,NYI,1,8,8
2009,Teddy Purcell,"L.A, T.B",L,38,1985-09-08,St. John's,NL,CAN,CAN,74,195,-,-,-,-,-
2009,Teemu Laakso,NSH,D,36,1987-08-27,Tuusula,FIN,FIN,73,215,2005,NSH,3,17,78,
2009,Teemu Selanne,ANA,R,53,1970-07-03,Helsinki,FIN,FIN,72,209,1988,WIN,1,10,10,
2009,Theo Peckham,EDM,D,36,1987-11-10,Richmond Hill,ON,CAN,CAN,74,246,2006,EDM,3,12,75
2009,Thomas Vanek,BUF,L,40,1984-01-19,Vienna,AUT,AUT,74,214,2003,BUF,1,5,5,
2009,Tim Brent,TOR,C,40,1984-03-10,Cambridge,CAN,CAN,72,188,2004,ANA,3,10,75,
2009,Tim Conboy,CAR,D,42,1982-03-22,Farmington,MN,USA,USA,74,210,2002,S.J,7,20,217
2009,Tim Connolly,BUF,C,42,1981-05-07,Syracuse,NY,USA,USA,73,190,1999,NYI,1,5,5
2009,Tim Gleason,CAR,D,41,1983-01-29,Clawson,MI,USA,USA,72,217,2001,OTT,1,23,23
2009,Tim Jackman,NYI,R,42,1981-11-14,Minot,ND,USA,USA,74,188,2001,CBJ,2,8,38
2009,Tim Kennedy,BUF,L,37,1986-04-30,Buffalo,NY,USA,USA,70,175,2005,WSH,6,19,181
2009,Tim Sestito,N.J,L,39,1984-08-28,Rome,NY,USA,USA,71,195,-,-,-,-,-
2009,Tim Stapleton,ATL,C,41,1982-07-19,Forest Park,IL,USA,USA,69,180,-,-,-,-,-
2009,Tim Wallace,PIT,R,39,1984-08-06,Anchorage,AK,USA,USA,73,207,-,-,-,-,-
2009,Toby Enstrom,ATL,D,39,1984-11-05,Nordingra,SWE,SWE,70,180,2003,ATL,8,10,239,
2009,Toby Petersen,DAL,C,45,1978-10-27,Minneapolis,MN,USA,USA,70,195,1998,PIT,9,16,244
2009,Todd Bertuzzi,DET,R,49,1975-02-02,Sudbury,ON,CAN,CAN,75,229,1993,NYI,1,23,23
2009,Todd Fedoruk,T.B,L,45,1979-02-13,Redwater,AB,CAN,CAN,74,232,1997,PHI,7,3,164
2009,Todd Marchant,ANA,C,50,1973-08-12,Buffalo,NY,USA,USA,70,180,1993,NYR,7,8,164
2009,Todd White,ATL,C,48,1975-05-21,Kanata,ON,CAN,CAN,70,198,-,-,-,-,-
2009,Tom Gilbert,EDM,D,41,1983-01-10,Bloomington,MN,USA,USA,74,210,2002,COL,4,33,129
2009,Tom Kostopoulos,CAR,R,45,1979-01-24,Mississauga,ON,CAN,CAN,72,197,1999,PIT,7,18,204
2009,Tom Poti,WSH,D,47,1977-03-22,Worcester,MA,USA,USA,75,190,1996,EDM,3,7,59
2009,Tom Preissing,COL,D,45,1978-12-03,Arlington Heights,IL,USA,USA,72,197,-,-,-,-,-
2009,Tom Pyatt,MTL,L,37,1987-02-14,Thunder Bay,ON,CAN,CAN,71,185,2005,NYR,4,16,107
2009,Tom Sestito,CBJ,L,36,1987-09-28,Rome,NY,USA,USA,77,228,2006,CBJ,3,22,85
2009,Tom Wandell,DAL,C,37,1987-01-29,Sodertalje,SWE,SWE,73,200,2005,DAL,5,21,146,
2009,Tomas Fleischmann,WSH,L,39,1984-05-16,Koprivnice,CZE,CZE,73,192,2002,DET,2,33,63,
2009,Tomas Holmstrom,DET,L,51,1973-01-23,Pitea,SWE,SWE,72,200,1994,DET,10,23,257,
2009,Tomas Kaberle,TOR,D,46,1978-03-02,Rakovnik,CZE,CZE,73,212,1996,TOR,8,15,204,
2009,Tomas Kana,CBJ,C,36,1987-11-29,Opava,CZE,CZE,72,204,2006,STL,2,1,31,
2009,Tomas Kopecky,CHI,R,42,1982-02-05,Ilava,SVK,SVK,75,210,2000,DET,2,8,38,
2009,Tomas Plekanec,MTL,C,41,1982-10-31,Kladno,CZE,CZE,71,190,2001,MTL,3,8,71,
2009,Toni Lydman,BUF,D,46,1977-09-25,Lahti,FIN,FIN,74,213,1996,CGY,4,9,89,
2009,Torrey Mitchell,S.J,C,39,1985-01-30,Greenfield Park,QC,CAN,CAN,71,186,2004,S.J,4,28,126
2009,Travis Moen,MTL,L,41,1982-04-06,Stewart Valley,SK,CAN,CAN,74,215,2000,CGY,5,25,155
2009,Travis Zajac,N.J,C,38,1985-05-13,Winnipeg,MB,CAN,CAN,74,185,2004,N.J,1,20,20
2009,Trent Hunter,NYI,R,43,1980-07-05,Red Deer,AB,CAN,CAN,75,217,1998,ANA,6,5,150
2009,Trent Whitfield,BOS,C,46,1977-06-17,Alameda,SK,CAN,CAN,71,209,1996,BOS,4,20,100
2009,Trevor Daley,DAL,D,40,1983-10-09,Toronto,ON,CAN,CAN,71,199,2002,DAL,2,13,43
2009,Trevor Frischmon,CBJ,C,42,1981-08-05,Ham Lake,MN,USA,USA,72,202,-,-,-,-,-
2009,Trevor Gillies,NYI,L,45,1979-01-30,Cambridge,ON,CAN,CAN,75,231,-,-,-,-,-
2009,Trevor Lewis,L.A,C,37,1987-01-08,Salt Lake City,UT,USA,USA,73,201,2006,L.A,1,17,17
2009,Triston Grant,NSH,L,40,1984-02-02,Neepawa,MB,CAN,CAN,73,211,2004,PHI,9,28,286
2009,Troy Bodie,ANA,R,39,1985-01-25,Portage La Prairie,MB,CAN,CAN,77,226,2003,EDM,9,17,278
2009,Troy Brouwer,CHI,R,38,1985-08-17,Vancouver,BC,CAN,CAN,75,213,2004,CHI,7,21,214
2009,Tuomo Ruutu,CAR,L,41,1983-02-16,Vantaa,FIN,FIN,72,200,2001,CHI,1,9,9,
2009,Tyler Bozak,TOR,C,38,1986-03-19,Regina,SK,CAN,CAN,73,187,-,-,-,-,-
2009,Tyler Eckford,N.J,D,38,1985-09-08,Vancouver,BC,CAN,CAN,73,225,2004,N.J,7,24,217
2009,Tyler Ennis,BUF,"C, L",34,1989-10-06,Edmonton,AB,CAN,CAN,69,160,2008,BUF,1,26,26
2009,Tyler Kennedy,PIT,C,37,1986-07-15,Sault Ste. Marie,ON,CAN,CAN,71,185,2004,PIT,4,1,99
2009,Tyler Myers,BUF,D,34,1990-02-01,Houston,TX,USA,CAN,80,229,2008,BUF,1,12,12
2009,Tyler Sloan,WSH,D,43,1981-03-15,Calgary,AB,CAN,CAN,76,214,-,-,-,-,-
2009,Tyson Strachan,STL,D,39,1984-10-30,Melfort,SK,CAN,CAN,75,210,2003,CAR,5,1,137
2009,Valtteri Filppula,DET,C,40,1984-03-20,Vantaa,FIN,FIN,72,189,2002,DET,3,32,95,
2009,Vernon Fiddler,PHX,C,43,1980-05-09,Edmonton,AB,CAN,CAN,71,205,-,-,-,-,-
2009,Victor Hedman,T.B,D,33,1990-12-18,Ornskoldsvik,SWE,SWE,79,244,2009,T.B,1,2,2,
2009,Victor Oreskovich,FLA,R,37,1986-08-15,Whitby,ON,CAN,CAN,75,215,2004,COL,2,25,55
2009,Viktor Stalberg,TOR,L,38,1986-01-17,Gothenburg,SWE,SWE,75,209,2006,TOR,6,8,161,
2009,Ville Koistinen,FLA,D,41,1982-06-17,Oulu,FIN,FIN,71,187,-,-,-,-,-,
2009,Ville Leino,"DET, PHI",L,40,1983-10-06,Savonlinna,FIN,FIN,73,182,-,-,-,-,-,
2009,Vincent Lecavalier,T.B,C,43,1980-04-21,Ile Bizard,QC,CAN,CAN,76,215,1998,T.B,1,1,1
2009,Vinny Prospal,NYR,L,49,1975-02-17,Ceské Budejovice,CZE,CZE,74,191,1993,PHI,3,19,71,
2009,Vladimir Mihalik,T.B,D,37,1987-01-29,Presov,SVK,SVK,80,246,2005,T.B,1,30,30,
2009,Vladimir Sobotka,BOS,L,36,1987-07-02,Trebic,CZE,CZE,70,191,2005,BOS,4,15,106,
2009,Vladimir Zharkov,N.J,R,36,1988-01-10,Elektrostal,RUS,RUS,73,205,2006,N.J,3,14,77,
2009,Vyacheslav Kozlov,ATL,L,51,1972-05-03,Voskresensk,RUS,RUS,70,190,1990,DET,3,3,45,
2009,Wade Belak,NSH,R,47,1976-07-03,Saskatoon,SK,CAN,CAN,77,222,1994,QUE,1,12,12
2009,Wade Redden,NYR,D,46,1977-06-12,Lloydminster,SK,CAN,CAN,74,205,1995,NYI,1,2,2
2009,Warren Peters,DAL,C,41,1982-07-10,Saskatoon,SK,CAN,CAN,72,195,-,-,-,-,-
2009,Wayne Primeau,TOR,C,47,1976-06-04,Scarborough,ON,CAN,CAN,76,225,1994,BUF,1,17,17
2009,Wayne Simmonds,L.A,R,35,1988-08-26,Scarborough,ON,CAN,CAN,74,184,2007,L.A,2,31,61
2009,Wes O'Neill,COL,D,38,1986-03-03,Windsor,ON,CAN,CAN,76,215,2004,NYI,4,17,115
2009,Willie Mitchell,VAN,D,46,1977-04-23,Port McNeill,BC,CAN,CAN,75,210,1996,N.J,8,10,199
2009,Wojtek Wolski,"COL, PHX",L,38,1986-02-24,Zabrze,POL,CAN,75,215,2004,COL,1,21,21,
2009,Yan Stastny,STL,C,41,1982-09-30,Quebec City,QC,CAN,USA,70,191,2002,BOS,8,30,259
2009,Yannick Weber,MTL,D,35,1988-09-23,Morges,CHE,CHE,71,200,2007,MTL,3,12,73,
2009,Zach Bogosian,ATL,D,33,1990-07-15,Massena,NY,USA,USA,74,222,2008,ATL,1,3,3
2009,Zach Boychuk,CAR,L,34,1989-10-04,Airdrie,AB,CAN,CAN,70,185,2008,CAR,1,14,14
2009,Zach Hamill,BOS,C,35,1988-09-23,Vancouver,BC,CAN,CAN,71,180,2007,BOS,1,8,8
2009,Zach Parise,N.J,L,39,1984-07-28,Minneapolis,MN,USA,USA,71,195,2003,N.J,1,17,17
2009,Zack Smith,OTT,C,35,1988-04-05,Maple Creek,SK,CAN,CAN,74,208,2008,OTT,3,18,79
2009,Zack Stortini,EDM,R,38,1985-09-11,Elliot Lake,ON,CAN,CAN,74,219,2003,EDM,3,26,94
2009,Zbynek Michalek,PHX,D,41,1982-12-23,Jindrichuv Hradec,CZE,CZE,74,210,-,-,-,-,-,
2009,Zdeno Chara,BOS,D,47,1977-03-18,Trencin,SVK,SVK,81,250,1996,NYI,3,4,56,
2009,Zenon Konopka,T.B,C,43,1981-01-02,Niagara on the Lake,ON,CAN,CAN,72,213,-,-,-,-,-
