Year,Player,Team,Position,Age,Date of Birth,Birth City,Birth State/Province,Birth Country,Nationality,Height (in),Weight (lbs),Draft Year,Draft Team,Draft Round,Round Pick,Overall Draft Position
2016,A.J. Greer,COL,L,27,1996-12-14,Joliette,QC,CAN,CAN,75,208,2015,COL,2,9,39
2016,Aaron Ekblad,FLA,D,28,1996-02-07,Windsor,ON,CAN,CAN,76,215,2014,FLA,1,1,1
2016,Aaron Ness,WSH,D,33,1990-05-18,Roseau,MN,USA,USA,70,184,2008,NYI,2,10,40
2016,Adam Clendening,NYR,D,31,1992-10-26,Niagara Falls,NY,USA,USA,72,194,2011,CHI,2,6,36
2016,Adam Cracknell,DAL,R,38,1985-07-15,Prince Albert,SK,CAN,CAN,74,209,2004,CGY,9,21,279
2016,Adam Erne,T.B,L,28,1995-04-20,New Haven,CT,USA,USA,73,212,2013,T.B,2,3,33
2016,Adam Henrique,N.J,C,34,1990-02-06,Brantford,ON,CAN,CAN,72,195,2008,N.J,3,21,82
2016,Adam Larsson,EDM,D,31,1992-11-12,Skellefteå,SWE,SWE,75,209,2011,N.J,1,4,4,
2016,Adam Lowry,WPG,"C, L",30,1993-03-29,St. Louis,MO,USA,USA,78,208,2011,WPG,3,6,67
2016,Adam McQuaid,BOS,D,37,1986-10-12,Charlottetown,PE,CAN,CAN,76,210,2005,CBJ,2,25,55
2016,Adam Pardy,NSH,D,39,1984-03-29,Bonavista,NL,CAN,CAN,76,227,2004,CGY,6,10,173
2016,Adam Pelech,NYI,D,29,1994-08-16,Toronto,ON,CAN,CAN,75,210,2012,NYI,3,4,65
2016,Adrian Kempe,L.A,L,27,1996-09-13,Kramfors,SWE,SWE,74,200,2014,L.A,1,29,29,
2016,Alan Quine,NYI,C,31,1993-02-25,Belleville,ON,CAN,CAN,72,203,2013,NYI,6,15,166
2016,Alec Martinez,L.A,D,36,1987-07-26,Rochester Hills,MI,USA,USA,73,210,2007,L.A,4,4,95
2016,Aleksander Barkov,FLA,C,28,1995-09-02,Tampere,FIN,FIN,75,215,2013,FLA,1,2,2,
2016,Ales Hemsky,DAL,R,40,1983-08-13,Pardubice,CZE,CZE,72,177,2001,EDM,1,13,13,
2016,Alex Biega,VAN,D,35,1988-04-04,Montreal,QC,CAN,CAN,70,195,2006,BUF,5,24,147
2016,Alex Chiasson,CGY,R,33,1990-10-01,Montreal,QC,CAN,CAN,76,208,2009,DAL,2,8,38
2016,Alex Galchenyuk,MTL,C,30,1994-02-12,Milwaukee,WI,USA,USA,73,194,2012,MTL,1,3,3
2016,Alex Goligoski,ARI,D,38,1985-07-30,Grand Rapids,MN,USA,USA,71,173,2004,PIT,2,31,61
2016,Alex Killorn,T.B,"C, L",34,1989-09-14,Halifax,NS,CAN,CAN,73,194,2007,T.B,3,16,77
2016,Alex Ovechkin,WSH,L,38,1985-09-17,Moscow,RUS,RUS,75,238,2004,WSH,1,1,1,
2016,Alex Petrovic,FLA,D,32,1992-03-03,Edmonton,AB,CAN,CAN,76,220,2010,FLA,2,6,36
2016,Alex Pietrangelo,STL,D,34,1990-01-18,King City,ON,CAN,CAN,75,215,2008,STL,1,4,4
2016,Alex Tuch,MIN,R,27,1996-05-10,Syracuse,NY,USA,USA,76,219,2014,MIN,1,18,18
2016,Alexander Burmistrov,"ARI, WPG",C,32,1991-10-21,Kazan,RUS,RUS,73,180,2010,ATL,1,8,8,
2016,Alexander Edler,VAN,D,37,1986-04-21,Ostersund,SWE,SWE,76,210,2004,VAN,3,26,91,
2016,Alexander Nylander,BUF,R,26,1998-03-02,Calgary,AB,CAN,CAN,73,192,2016,BUF,1,8,8
2016,Alexander Radulov,MTL,R,37,1986-07-05,Nizhny Tagil,RUS,RUS,73,200,2004,NSH,1,15,15,
2016,Alexander Steen,STL,L,40,1984-03-01,Winnipeg,MB,CAN,SWE,72,211,2002,TOR,1,24,24
2016,Alexander Wennberg,CBJ,C,29,1994-09-22,Stockholm,SWE,SWE,74,190,2013,CBJ,1,14,14,
2016,Alexandre Burrows,"OTT, VAN",L,42,1981-04-11,Pincourt,QC,CAN,CAN,73,197,-,-,-,-,-
2016,Alexandre Carrier,NSH,D,27,1996-10-08,Quebec City,QC,CAN,CAN,71,174,2015,NSH,4,24,115
2016,Alexandre Grenier,VAN,R,32,1991-09-05,Laval,QC,CAN,CAN,77,200,2011,VAN,3,29,90
2016,Alexei Emelin,MTL,D,37,1986-04-25,Togliatti,RUS,RUS,74,218,2004,MTL,3,19,84,
2016,Alexey Marchenko,"DET, TOR",D,32,1992-01-02,Moscow,RUS,RUS,75,210,2011,DET,7,24,205,
2016,Anders Lee,NYI,L,33,1990-07-03,Edina,MN,USA,USA,75,235,2009,NYI,6,1,152
2016,Andre Burakovsky,WSH,L,29,1995-02-09,Klagenfurt,AUT,SWE,75,209,2013,WSH,1,23,23,
2016,Andreas Athanasiou,DET,C,29,1994-08-06,London,ON,CAN,CAN,74,190,2012,DET,4,19,110
2016,Andreas Englund,OTT,D,28,1996-01-21,Stockholm,SWE,SWE,75,189,2014,OTT,2,10,40,
2016,Andreas Martinsen,"COL, MTL",L,33,1990-06-13,Bærum,NOR,NOR,75,225,-,-,-,-,-,
2016,Andrei Markov,MTL,D,45,1978-12-20,Voskresensk,RUS,RUS,72,200,1998,MTL,6,17,162,
2016,Andrej Nestrasil,CAR,C,33,1991-02-22,Prague,CZE,CZE,75,200,2009,DET,3,14,75,
2016,Andrej Sekera,EDM,D,37,1986-06-08,Bojnice,SVK,SVK,72,200,2004,BUF,3,6,71,
2016,Andrej Sustr,T.B,D,33,1990-11-29,Plzen,CZE,CZE,79,217,-,-,-,-,-,
2016,Andrew Cogliano,ANA,"C, L",36,1987-06-14,Toronto,ON,CAN,CAN,70,179,2005,EDM,1,25,25
2016,Andrew Copp,WPG,C,29,1994-07-08,Ann Arbor,MI,USA,USA,73,199,2013,WPG,4,13,104
2016,Andrew Desjardins,CHI,"C, L",37,1986-07-27,Lively,ON,CAN,CAN,73,195,-,-,-,-,-
2016,Andrew Ladd,NYI,L,38,1985-12-12,Maple Ridge,BC,CAN,CAN,75,205,2004,CAR,1,4,4
2016,Andrew MacDonald,PHI,D,37,1986-09-07,Judique,NS,CAN,CAN,73,204,2006,NYI,6,7,160
2016,Andrew Poturalski,CAR,C,30,1994-01-14,Williamsville,NY,USA,USA,70,183,-,-,-,-,-
2016,Andrew Shaw,MTL,C,32,1991-07-20,Belleville,ON,CAN,CAN,71,182,2011,CHI,5,18,139
2016,Andy Andreoff,L.A,L,32,1991-05-17,Pickering,ON,CAN,CAN,73,208,2011,L.A,3,19,80
2016,Andy Greene,N.J,D,41,1982-10-30,Trenton,MI,USA,USA,71,190,-,-,-,-,-
2016,Anthony Beauvillier,NYI,C,26,1997-06-08,Sorel-Tracy,QC,CAN,CAN,71,180,2015,NYI,1,28,28
2016,Anthony Bitetto,NSH,D,33,1990-07-15,Island Park,NY,USA,USA,73,222,2010,NSH,6,18,168
2016,Anthony DeAngelo,ARI,D,28,1995-10-24,Sewell,NJ,USA,USA,71,180,2014,T.B,1,19,19
2016,Anthony Duclair,ARI,L,28,1995-08-26,Pointe-Claire,QC,CAN,CAN,71,197,2013,NYR,3,19,80
2016,Anthony Mantha,DET,R,29,1994-09-16,Longueuil,QC,CAN,CAN,77,234,2013,DET,1,20,20
2016,Antoine Roussel,DAL,L,34,1989-11-21,Roubaix,FRA,FRA,71,200,-,-,-,-,-,
2016,Antoine Vermette,ANA,C,41,1982-07-20,St. Agapit,QC,CAN,CAN,73,197,2000,OTT,2,25,55
2016,Anton Blidh,BOS,L,29,1995-03-14,Molnlycke,SWE,SWE,73,197,2013,BOS,6,29,180,
2016,Anton Lander,EDM,C,32,1991-04-24,Sundsvall,SWE,SWE,72,184,2009,EDM,2,10,40,
2016,Anton Lindholm,COL,D,29,1994-11-29,Skellefteå,SWE,SWE,71,191,2014,COL,5,24,144,
2016,Anton Rodin,VAN,R,33,1990-11-21,Stockholm,SWE,SWE,71,186,2009,VAN,2,23,53,
2016,Anton Slepyshev,EDM,L,29,1994-05-13,Penza,RUS,RUS,74,221,2013,EDM,3,27,88,
2016,Anton Stralman,T.B,D,37,1986-08-01,Tibro,SWE,SWE,71,193,2005,TOR,7,22,216,
2016,Anze Kopitar,L.A,C,36,1987-08-24,Jesenice,SVN,SVN,75,225,2005,L.A,1,11,11,
2016,Artem Anisimov,CHI,C,35,1988-05-24,Yaroslavl,RUS,RUS,76,199,2006,NYR,2,24,54,
2016,Artemi Panarin,CHI,"C, L",32,1991-10-30,Korkino,RUS,RUS,72,173,-,-,-,-,-,
2016,Artturi Lehkonen,MTL,L,28,1995-07-04,Piikkio,FIN,FIN,71,179,2013,MTL,2,25,55,
2016,Austin Czarnik,BOS,C,31,1992-12-12,Detroit,MI,USA,USA,69,170,-,-,-,-,-
2016,Austin Watson,NSH,L,32,1992-01-13,Ann Arbor,MI,USA,USA,76,204,2010,NSH,1,18,18
2016,Auston Matthews,TOR,C,26,1997-09-17,San Ramon,CA,USA,USA,75,208,2016,TOR,1,1,1
2016,Barclay Goodrow,S.J,R,31,1993-02-26,Toronto,ON,CAN,CAN,74,204,-,-,-,-,-
2016,Beau Bennett,N.J,R,32,1991-11-27,Gardena,CA,USA,USA,74,195,2010,PIT,1,20,20
2016,Ben Chiarot,WPG,D,32,1991-05-09,Hamilton,ON,CAN,CAN,75,232,2009,ATL,4,29,120
2016,Ben Harpur,OTT,D,29,1995-01-12,Hamilton,ON,CAN,CAN,78,231,2013,OTT,4,17,108
2016,Ben Hutton,VAN,D,30,1993-04-20,Brockville,ON,CAN,CAN,75,201,2012,VAN,5,26,147
2016,Ben Lovejoy,N.J,D,40,1984-02-20,Concord,NH,USA,USA,73,205,-,-,-,-,-
2016,Ben Smith,"COL, TOR",R,35,1988-07-11,Winston-Salem,NC,USA,USA,71,203,2008,CHI,6,18,169
2016,Ben Street,DET,C,37,1987-02-13,Coquitlam,BC,CAN,CAN,71,190,-,-,-,-,-
2016,Ben Thomson,N.J,L,31,1993-01-16,Brampton,ON,CAN,CAN,75,205,2012,N.J,4,5,96
2016,Benoit Pouliot,EDM,L,37,1986-09-29,Alfred,ON,CAN,CAN,75,200,2005,MIN,1,4,4
2016,Blake Coleman,N.J,C,32,1991-11-28,Plano,TX,USA,USA,71,199,2011,N.J,3,14,75
2016,Blake Comeau,COL,L,38,1986-02-18,Meadow Lake,SK,CAN,CAN,73,200,2004,NYI,2,17,47
2016,Blake Pietila,N.J,L,31,1993-02-20,Milford,MI,USA,USA,71,200,2011,N.J,5,8,129
2016,Blake Speers,N.J,C,27,1997-01-02,Sault Ste. Marie,ON,CAN,CAN,71,185,2015,N.J,3,6,67
2016,Blake Wheeler,WPG,R,37,1986-08-31,Plymouth,MN,USA,USA,77,220,2004,PHX,1,5,5
2016,Bo Horvat,VAN,C,28,1995-04-05,London,ON,CAN,CAN,72,215,2013,VAN,1,9,9
2016,Bobby Farnham,MTL,R,35,1989-01-21,North Andover,MA,USA,USA,70,190,-,-,-,-,-
2016,Bobby Ryan,OTT,R,37,1987-03-17,Cherry Hill,NJ,USA,USA,74,208,2005,ANA,1,2,2
2016,Boone Jenner,CBJ,C,30,1993-06-15,Dorchester,ON,CAN,CAN,74,203,2011,CBJ,2,7,37
2016,Borna Rendulic,VAN,R,31,1992-03-25,Zagreb,HRV,HRV,74,200,-,-,-,-,-,
2016,Boyd Gordon,PHI,C,40,1983-10-19,Unity,SK,CAN,CAN,72,200,2002,WSH,1,17,17
2016,Bracken Kearns,NYI,C,42,1981-05-12,North Vancouver,BC,CAN,CAN,72,188,-,-,-,-,-
2016,Brad Hunt,"NSH, STL",D,35,1988-08-24,Maple Ridge,BC,CAN,CAN,69,177,-,-,-,-,-
2016,Brad Marchand,BOS,L,35,1988-05-11,Halifax,NS,CAN,CAN,69,176,2006,BOS,3,8,71
2016,Brad Richardson,ARI,R,39,1985-02-04,Belleville,ON,CAN,CAN,72,190,2003,COL,5,27,163
2016,Brady Austin,BUF,D,30,1993-06-16,Bobcaygeon,ON,CAN,CAN,76,230,2012,BUF,7,12,193
2016,Brady Skjei,NYR,D,29,1994-03-26,Lakeville,MN,USA,USA,75,210,2012,NYR,1,28,28
2016,Brandon Carlo,BOS,D,27,1996-11-26,Colorado Springs,CO,USA,USA,78,218,2015,BOS,2,7,37
2016,Brandon Davidson,"EDM, MTL",D,32,1991-08-21,Taber,AB,CAN,CAN,74,204,2010,EDM,6,12,162
2016,Brandon Dubinsky,CBJ,C,37,1986-04-29,Anchorage,AK,USA,USA,74,208,2004,NYR,2,30,60
2016,Brandon Manning,PHI,D,33,1990-06-04,Prince George,BC,CAN,CAN,73,205,-,-,-,-,-
2016,Brandon Montour,ANA,D,29,1994-04-11,Brantford,ON,CAN,CAN,72,194,2014,ANA,2,25,55
2016,Brandon Pirri,NYR,"C, R",32,1991-04-10,Toronto,ON,CAN,CAN,72,180,2009,CHI,2,29,59
2016,Brandon Saad,CBJ,L,31,1992-10-27,Pittsburgh,PA,USA,USA,73,215,2011,CHI,2,13,43
2016,Brandon Sutter,VAN,C,35,1989-02-14,Huntington,NY,USA,CAN,75,190,2007,CAR,1,11,11
2016,Brandon Tanev,WPG,L,32,1991-12-31,Toronto,ON,CAN,CAN,72,189,-,-,-,-,-
2016,Brayden McNabb,L.A,D,33,1991-01-21,Davidson,SK,CAN,CAN,76,215,2009,BUF,3,5,66
2016,Brayden Point,T.B,C,28,1996-03-13,Calgary,AB,CAN,CAN,71,180,2014,T.B,3,19,79
2016,Brayden Schenn,PHI,C,32,1991-08-22,Saskatoon,SK,CAN,CAN,73,199,2009,L.A,1,5,5
2016,Braydon Coburn,T.B,D,39,1985-02-27,Shaunavon,SK,CAN,CAN,77,224,2003,ATL,1,8,8
2016,Brendan Gallagher,MTL,R,31,1992-05-06,Edmonton,AB,CAN,CAN,69,186,2010,MTL,5,27,147
2016,Brendan Gaunce,VAN,C,29,1994-03-25,Sudbury,ON,CAN,CAN,75,219,2012,VAN,1,26,26
2016,Brendan Guhle,BUF,D,26,1997-07-29,Edmonton,AB,CAN,CAN,74,197,2015,BUF,2,21,51
2016,Brendan Perlini,ARI,L,27,1996-04-27,Guildford,GBR,GBR,75,211,2014,ARI,1,12,12,
2016,Brendan Smith,"DET, NYR",D,35,1989-02-08,Mimico,ON,CAN,CAN,74,200,2007,DET,1,27,27
2016,Brenden Dillon,S.J,D,33,1990-11-13,New Westminster,BC,CAN,CAN,76,224,-,-,-,-,-
2016,Brent Burns,S.J,D,39,1985-03-09,Barrie,ON,CAN,CAN,77,230,2003,MIN,1,20,20
2016,Brent Seabrook,CHI,D,38,1985-04-20,Richmond,BC,CAN,CAN,75,220,2003,CHI,1,14,14
2016,Brett Connolly,WSH,R,31,1992-05-02,Campbell River,BC,CAN,CAN,75,198,2010,T.B,1,6,6
2016,Brett Kulak,CGY,D,30,1994-01-06,Edmonton,AB,CAN,CAN,73,197,2012,CGY,4,14,105
2016,Brett Lernout,MTL,D,28,1995-09-24,Winnipeg,MB,CAN,CAN,76,214,2014,MTL,3,13,73
2016,Brett Pesce,CAR,D,29,1994-11-15,Tarrytown,NY,USA,USA,75,206,2013,CAR,3,5,66
2016,Brett Ritchie,DAL,R,30,1993-07-01,Orangeville,ON,CAN,CAN,76,215,2011,DAL,2,14,44
2016,Brian Boyle,"T.B, TOR",C,39,1984-12-18,Hingham,MA,USA,USA,78,245,2003,L.A,1,26,26
2016,Brian Campbell,CHI,D,44,1979-05-23,Strathroy,ON,CAN,CAN,70,192,1997,BUF,6,22,156
2016,Brian Dumoulin,PIT,D,32,1991-09-06,Biddeford,ME,USA,USA,76,207,2009,CAR,2,21,51
2016,Brian Flynn,MTL,C,35,1988-07-26,Lynnfield,MA,USA,USA,73,185,-,-,-,-,-
2016,Brian Gionta,BUF,R,45,1979-01-18,Rochester,NY,USA,USA,67,178,1998,N.J,3,24,82
2016,Brian Lashoff,DET,D,33,1990-07-16,Albany,NY,USA,USA,75,215,-,-,-,-,-
2016,Brian Strait,WPG,D,36,1988-01-04,Waltham,MA,USA,USA,73,188,2006,PIT,3,2,65
2016,Brock Boeser,VAN,R,27,1997-02-25,Burnsville,MN,USA,USA,73,208,2015,VAN,1,23,23
2016,Brock McGinn,CAR,L,30,1994-02-02,Fergus,ON,CAN,CAN,72,187,2012,CAR,2,17,47
2016,Brock Nelson,NYI,C,32,1991-10-15,Warroad,MN,USA,USA,76,210,2010,NYI,1,30,30
2016,Brooks Orpik,WSH,D,43,1980-09-26,San Francisco,CA,USA,USA,75,217,2000,PIT,1,18,18
2016,Bryan Bickell,CAR,L,38,1986-03-09,Bowmanville,ON,CAN,CAN,76,223,2004,CHI,2,11,41
2016,Bryan Little,WPG,C,36,1987-11-12,Edmonton,AB,CAN,CAN,72,191,2006,ATL,1,12,12
2016,Bryan Rust,PIT,R,31,1992-05-11,Pontiac,MI,USA,USA,71,192,2010,PIT,3,20,80
2016,Buddy Robinson,OTT,R,32,1991-09-30,Bellmawr,NJ,USA,USA,78,232,-,-,-,-,-
2016,Byron Froese,"T.B, TOR",C,33,1991-03-12,Winkler,MB,CAN,CAN,73,202,2009,CHI,4,28,119
2016,C.J. Smith,BUF,L,29,1994-12-01,Des Moines,IA,USA,USA,71,191,-,-,-,-,-
2016,Cal Clutterbuck,NYI,R,36,1987-11-18,Welland,ON,CAN,CAN,72,212,2006,MIN,3,9,72
2016,Cal O'Reilly,BUF,C,37,1986-09-30,Toronto,ON,CAN,CAN,72,188,2005,NSH,5,25,150
2016,Calle Jarnkrok,NSH,C,32,1991-09-25,Gävle,SWE,SWE,72,192,2010,DET,2,21,51,
2016,Calvin de Haan,NYI,D,32,1991-05-09,Carp,ON,CAN,CAN,73,195,2009,NYI,1,12,12
2016,Cam Atkinson,CBJ,R,34,1989-06-05,Riverside,CT,USA,USA,68,176,2008,CBJ,6,6,157
2016,Cam Fowler,ANA,D,32,1991-12-05,Windsor,ON,CAN,USA,74,215,2010,ANA,1,12,12
2016,Cameron Gaunce,PIT,D,34,1990-03-19,Sudbury,ON,CAN,CAN,74,194,2008,COL,2,20,50
2016,Carl Gunnarsson,STL,D,37,1986-11-09,Orebro,SWE,SWE,74,198,2007,TOR,7,13,194,
2016,Carl Hagelin,PIT,L,35,1988-08-23,Sodertalje,SWE,SWE,72,183,2007,NYR,6,17,168,
2016,Carl Soderberg,COL,C,38,1985-10-12,Malmö,SWE,SWE,75,210,2004,STL,2,19,49,
2016,Carter Rowney,PIT,R,34,1989-05-10,Grand Prairie,AB,CAN,CAN,74,208,-,-,-,-,-
2016,Casey Bailey,OTT,R,32,1991-10-27,Anchorage,AK,USA,USA,75,195,-,-,-,-,-
2016,Casey Cizikas,NYI,C,33,1991-02-27,Toronto,ON,CAN,CAN,71,190,2009,NYI,4,1,92
2016,Casey Nelson,BUF,D,31,1992-07-18,Wisconsin Rapids,WI,USA,USA,73,185,-,-,-,-,-
2016,Cedric Paquette,T.B,C,30,1993-08-13,Gaspe,QC,CAN,CAN,72,205,2012,T.B,4,10,101
2016,Chad Ruhwedel,PIT,D,33,1990-05-07,San Diego,CA,USA,USA,71,191,-,-,-,-,-
2016,Chandler Stephenson,WSH,C,29,1994-04-22,Saskatoon,SK,CAN,CAN,72,209,2012,WSH,3,16,77
2016,Charles Hudon,MTL,L,29,1994-06-23,Alma,QC,CAN,CAN,70,190,2012,MTL,5,1,122
2016,Charlie Coyle,MIN,C,32,1992-03-02,E. Weymouth,MA,USA,USA,75,223,2010,S.J,1,28,28
2016,Chris Butler,STL,D,37,1986-10-27,St. Louis,MO,USA,USA,73,196,2005,BUF,4,5,96
2016,Chris Kelly,OTT,C,43,1980-11-11,Toronto,ON,CAN,CAN,72,190,1999,OTT,3,28,94
2016,Chris Kreider,NYR,"C, L",32,1991-04-30,Boxford,MA,USA,USA,75,230,2009,NYR,1,19,19
2016,Chris Kunitz,PIT,L,44,1979-09-26,Regina,SK,CAN,CAN,72,188,-,-,-,-,-
2016,Chris Neil,OTT,R,44,1979-06-18,Flesherton,ON,CAN,CAN,73,209,1998,OTT,6,16,161
2016,Chris Stewart,MIN,R,36,1987-10-30,Toronto,ON,CAN,CAN,74,242,2006,COL,1,18,18
2016,Chris Terry,MTL,L,34,1989-04-07,Brampton,ON,CAN,CAN,70,191,2007,CAR,5,11,132
2016,Chris Thorburn,WPG,R,40,1983-06-03,Sault Ste. Marie,ON,CAN,CAN,75,235,2001,BUF,2,20,50
2016,Chris Tierney,S.J,C,29,1994-07-01,Keswick,ON,CAN,CAN,73,191,2012,S.J,2,25,55
2016,Chris VandeVelde,PHI,C,37,1987-03-15,Moorhead,MN,USA,USA,74,190,2005,EDM,4,6,97
2016,Chris Wagner,ANA,"C, R",32,1991-05-27,Walpole,MA,USA,USA,72,192,2010,ANA,5,2,122
2016,Chris Wideman,OTT,D,34,1990-01-07,St. Louis,MO,USA,USA,70,181,2009,OTT,4,9,100
2016,Christian Dvorak,ARI,"C, L",28,1996-02-02,Palos,IL,USA,USA,73,193,2014,ARI,2,28,58
2016,Christian Fischer,ARI,R,26,1997-04-15,Chicago,IL,USA,USA,74,212,2015,ARI,2,2,32
2016,Christian Folin,MIN,D,33,1991-02-09,Gothenburg,SWE,SWE,75,204,-,-,-,-,-,
2016,Christoph Bertschy,MIN,C,29,1994-04-05,Fribourg,CHE,CHE,70,185,2012,MIN,6,7,158,
2016,Christopher DiDomenico,OTT,C,35,1989-02-20,Toronto,ON,CAN,CAN,71,174,2007,TOR,6,13,164
2016,Christopher Tanev,VAN,D,34,1989-12-20,Toronto,ON,CAN,CAN,74,193,-,-,-,-,-
2016,Clarke MacArthur,OTT,L,38,1985-04-06,Lloydminster,AB,CAN,CAN,72,192,2003,BUF,3,6,74
2016,Claude Giroux,PHI,C,36,1988-01-12,Hearst,ON,CAN,CAN,71,190,2006,PHI,1,22,22
2016,Clayton Keller,ARI,C,25,1998-07-29,Chesterfield,MO,USA,USA,70,178,2016,ARI,1,7,7
2016,Clayton Stoner,ANA,D,39,1985-02-19,Port McNeill,BC,CAN,CAN,76,216,2004,MIN,3,14,79
2016,Cody Bass,NSH,C,37,1987-01-07,Owen sound,ON,CAN,CAN,72,205,2005,OTT,4,4,95
2016,Cody Ceci,OTT,D,30,1993-12-21,Ottawa,ON,CAN,CAN,74,210,2012,OTT,1,15,15
2016,Cody Eakin,DAL,C,32,1991-05-24,Winnipeg,MB,CAN,CAN,72,196,2009,WSH,3,24,85
2016,Cody Franson,BUF,D,36,1987-08-08,Sicamous,BC,CAN,CAN,77,224,2005,NSH,3,18,79
2016,Cody Goloubef,COL,D,34,1989-11-30,Mississauga,ON,CAN,CAN,73,190,2008,CBJ,2,7,37
2016,Cody McLeod,"COL, NSH",L,39,1984-06-26,Binscarth,MB,CAN,CAN,74,204,-,-,-,-,-
2016,Cole Schneider,BUF,L,33,1990-08-26,Williamsville,NY,USA,USA,73,199,-,-,-,-,-
2016,Colin McDonald,PHI,R,39,1984-09-30,Wethersfield,CT,USA,USA,74,219,2003,EDM,2,21,51
2016,Colin Miller,BOS,D,31,1992-10-29,Sault Ste. Marie,ON,CAN,CAN,73,200,2012,L.A,5,30,151
2016,Colin White,OTT,C,27,1997-01-30,Boston,MA,USA,USA,73,194,2015,OTT,1,21,21
2016,Colin Wilson,NSH,"C, L",34,1989-10-20,Greenwich,CT,USA,USA,73,215,2008,NSH,1,7,7
2016,Colton Parayko,STL,D,30,1993-05-12,St. Albert,AB,CAN,CAN,78,228,2012,STL,3,25,86
2016,Colton Sceviour,FLA,C,34,1989-04-20,Red Deer,AB,CAN,CAN,72,190,2007,DAL,4,21,112
2016,Colton Sissons,NSH,C,30,1993-11-05,North Vancouver,BC,CAN,CAN,73,200,2012,NSH,2,20,50
2016,Connor Brown,TOR,R,30,1994-01-14,Toronto,ON,CAN,CAN,72,181,2012,TOR,6,5,156
2016,Connor Carrick,TOR,D,29,1994-04-13,Orland Park,IL,USA,USA,70,198,2012,WSH,5,16,137
2016,Connor Jones,NYI,C,33,1990-08-16,Montrose,BC,CAN,CAN,69,182,-,-,-,-,-
2016,Connor McDavid,EDM,C,27,1997-01-13,Richmond Hill,ON,CAN,CAN,73,193,2015,EDM,1,1,1
2016,Connor Murphy,ARI,D,30,1993-03-26,Dublin,OH,USA,USA,76,212,2011,PHX,1,20,20
2016,Conor Sheary,PIT,L,31,1992-06-08,Winchester,MA,USA,USA,69,179,-,-,-,-,-
2016,Corey Perry,ANA,R,38,1985-05-16,Peterborough,ON,CAN,CAN,75,208,2003,ANA,1,28,28
2016,Corey Tropp,ANA,R,34,1989-07-25,Grosse Pointe Woods,MI,USA,USA,72,192,2007,BUF,3,28,89
2016,Cory Conacher,T.B,C,34,1989-12-14,Burlington,ON,CAN,CAN,68,185,-,-,-,-,-
2016,Craig Smith,NSH,"C, R",34,1989-09-05,Madison,WI,USA,USA,72,204,2009,NSH,4,7,98
2016,Cristoval Nieves,NYR,C,30,1994-01-23,Syracuse,NY,USA,USA,75,214,2012,NYR,2,29,59
2016,Curtis Lazar,"CGY, OTT",C,29,1995-02-02,Salmon Arm,BC,CAN,CAN,72,203,2013,OTT,1,17,17
2016,Curtis McKenzie,DAL,L,33,1991-02-22,Golden,BC,CAN,CAN,74,205,2009,DAL,6,8,159
2016,Dale Weise,PHI,R,35,1988-08-05,Winnipeg,MB,CAN,CAN,74,196,2008,NYR,4,20,111
2016,Dalton Prout,"CBJ, N.J",D,34,1990-03-13,Kingsville,ON,CAN,CAN,75,215,2010,CBJ,6,4,154
2016,Damon Severson,N.J,D,29,1994-08-07,Melville,SK,CAN,CAN,74,205,2012,N.J,2,30,60
2016,Dan Girardi,NYR,D,39,1984-04-29,Welland,ON,CAN,CAN,73,212,-,-,-,-,-
2016,Dan Hamhuis,DAL,D,41,1982-12-13,Smithers,BC,CAN,CAN,73,204,2001,NSH,1,12,12
2016,Dan Renouf,DET,D,29,1994-06-01,Pickering,ON,CAN,CAN,73,198,-,-,-,-,-
2016,Daniel Carr,MTL,L,32,1991-11-01,Sherwood Park,AB,CAN,CAN,72,186,-,-,-,-,-
2016,Daniel O'Regan,S.J,C,30,1994-01-30,Berlin,DEU,USA,70,180,2012,S.J,5,17,138,
2016,Daniel Sedin,VAN,L,43,1980-09-26,Ornskoldsvik,SWE,SWE,73,190,1999,VAN,1,2,2,
2016,Daniel Winnik,WSH,L,39,1985-03-06,Toronto,ON,CAN,CAN,74,210,2004,PHX,9,7,265
2016,Danny DeKeyser,DET,D,34,1990-03-07,Detroit,MI,USA,USA,75,183,-,-,-,-,-
2016,Danton Heinen,BOS,C,28,1995-07-05,Langley,BC,CAN,CAN,73,188,2014,BOS,4,26,116
2016,Darnell Nurse,EDM,D,29,1995-02-04,Hamilton,ON,CAN,CAN,76,221,2013,EDM,1,7,7
2016,Darren Helm,DET,C,37,1987-01-21,St. Andrews,MB,CAN,CAN,72,192,2005,DET,5,7,132
2016,David Backes,BOS,R,39,1984-05-01,Minneapolis,MN,USA,USA,75,215,2003,STL,2,32,62
2016,David Desharnais,"EDM, MTL",C,37,1986-09-14,Laurier-Station,QC,CAN,CAN,67,180,-,-,-,-,-
2016,David Krejci,BOS,C,37,1986-04-28,Sternberk,CZE,CZE,72,192,2004,BOS,2,33,63,
2016,David Pastrnak,BOS,R,27,1996-05-25,Havirov,CZE,CZE,73,195,2014,BOS,1,25,25,
2016,David Perron,STL,L,35,1988-05-28,Sherbrooke,QC,CAN,CAN,73,196,2007,STL,1,26,26
2016,David Savard,CBJ,D,33,1990-10-22,St. Hyacinthe,QC,CAN,CAN,73,235,2009,CBJ,4,3,94
2016,David Schlemko,S.J,D,36,1987-05-07,Edmonton,AB,CAN,CAN,73,191,-,-,-,-,-
2016,David Warsofsky,PIT,D,33,1990-05-30,Marshfield,MA,USA,USA,69,170,2008,STL,4,4,95
2016,Denis Gurianov,DAL,R,26,1997-06-07,Togliatti,RUS,RUS,75,205,2015,DAL,1,12,12,
2016,Denis Malgin,FLA,C,27,1997-01-18,Olten,CHE,CHE,69,182,2015,FLA,4,11,102,
2016,Dennis Rasmussen,CHI,C,33,1990-07-03,Vasteras,SWE,SWE,75,192,-,-,-,-,-,
2016,Dennis Seidenberg,NYI,D,42,1981-07-18,Schwenningen,DEU,DEU,72,199,2001,PHI,6,7,172,
2016,Dennis Wideman,CGY,D,41,1983-03-20,Kitchener,ON,CAN,CAN,72,202,2002,BUF,8,12,241
2016,Derek Dorsett,VAN,R,37,1986-12-20,Kindersley,SK,CAN,CAN,72,192,2006,CBJ,7,6,189
2016,Derek Forbort,L.A,D,32,1992-03-04,Duluth,MN,USA,USA,76,208,2010,L.A,1,15,15
2016,Derek Grant,"BUF, NSH",C,33,1990-04-20,Abbotsford,BC,CAN,CAN,75,210,2008,OTT,4,28,119
2016,Derek MacKenzie,FLA,C,42,1981-06-11,Sudbury,ON,CAN,CAN,71,177,1999,ATL,5,2,128
2016,Derek Ryan,CAR,C,37,1986-12-29,Spokane,WA,USA,USA,70,185,-,-,-,-,-
2016,Derek Stepan,NYR,C,33,1990-06-18,Hastings,MN,USA,USA,71,196,2008,NYR,2,21,51
2016,Derick Brassard,OTT,C,36,1987-09-22,Hull,QC,CAN,CAN,73,200,2006,CBJ,1,6,6
2016,Derrick Pouliot,PIT,D,30,1994-01-16,Estevan,SK,CAN,CAN,72,196,2012,PIT,1,8,8
2016,Deryk Engelland,CGY,D,41,1982-04-03,Edmonton,AB,CAN,CAN,74,212,2000,N.J,6,27,194
2016,Devante Smith-Pelly,N.J,R,31,1992-06-14,Scarborough,ON,CAN,CAN,72,223,2010,ANA,2,12,42
2016,Devin Setoguchi,L.A,R,37,1987-01-01,Taber,AB,CAN,CAN,72,205,2005,S.J,1,8,8
2016,Devin Shore,DAL,C,29,1994-07-19,Ajax,ON,CAN,CAN,73,206,2012,DAL,2,31,61
2016,Dillon Simpson,EDM,D,31,1993-02-10,Edmonton,AB,CAN,CAN,74,204,2011,EDM,4,1,92
2016,Dion Phaneuf,OTT,D,38,1985-04-10,Edmonton,AB,CAN,CAN,75,222,2003,CGY,1,9,9
2016,Dmitrij Jaskin,STL,R,30,1993-03-23,Omsk,RUS,CZE,74,216,2011,STL,2,11,41,
2016,Dmitry Kulikov,BUF,D,33,1990-10-29,Lipetsk,RUS,RUS,73,201,2009,FLA,1,14,14,
2016,Dmitry Orlov,WSH,D,32,1991-07-23,Novokuznetsk,RUS,RUS,71,214,2009,WSH,2,25,55,
2016,Dominic Moore,BOS,C,43,1980-08-03,Thornhill,ON,CAN,CAN,72,192,2000,NYR,3,30,95
2016,Dominik Simon,PIT,C,29,1994-08-08,Prague,CZE,CZE,71,190,2015,PIT,5,16,137,
2016,Dougie Hamilton,CGY,D,30,1993-06-17,Toronto,ON,CAN,CAN,78,230,2011,BOS,1,9,9
2016,Drake Caggiula,EDM,"C, L",29,1994-06-20,Pickering,ON,CAN,CAN,70,176,-,-,-,-,-
2016,Drew Doughty,L.A,D,34,1989-12-08,London,ON,CAN,CAN,73,210,2008,L.A,1,2,2
2016,Drew Miller,DET,L,40,1984-02-17,Dover,NJ,USA,USA,74,183,2003,ANA,6,19,186
2016,Drew Shore,VAN,C,33,1991-01-29,Denver,CO,USA,USA,75,209,2009,FLA,2,14,44
2016,Drew Stafford,"BOS, WPG",R,38,1985-10-30,Milwaukee,WI,USA,USA,74,215,2004,BUF,1,13,13
2016,Duncan Keith,CHI,D,40,1983-07-16,Winnipeg,MB,CAN,CAN,73,192,2002,CHI,2,24,54
2016,Duncan Siemens,COL,D,30,1993-09-07,Edmonton,AB,CAN,CAN,75,210,2011,COL,1,11,11
2016,Dustin Brown,L.A,"L, R",39,1984-11-04,Ithaca,NY,USA,USA,72,205,2003,L.A,1,13,13
2016,Dustin Byfuglien,WPG,D,38,1985-03-27,Roseau,MN,USA,USA,77,260,2003,CHI,8,16,245
2016,Dwight King,"L.A, MTL",L,34,1989-07-05,Meadow Lake,SK,CAN,CAN,76,229,2007,L.A,4,18,109
2016,Dylan DeMelo,S.J,D,30,1993-05-01,London,ON,CAN,CAN,72,195,2011,S.J,6,28,179
2016,Dylan Larkin,DET,C,27,1996-07-30,Waterford,MI,USA,USA,73,198,2014,DET,1,15,15
2016,Dylan McIlrath,"FLA, NYR",D,31,1992-04-20,Winnipeg,MB,CAN,CAN,77,232,2010,NYR,1,10,10
2016,Dylan Strome,ARI,C,27,1997-03-07,Mississauga,ON,CAN,CAN,75,200,2015,ARI,1,3,3
2016,Elias Lindholm,CAR,C,29,1994-12-02,Boden,SWE,SWE,73,202,2013,CAR,1,5,5,
2016,Emerson Etem,ANA,L,31,1992-06-16,Long Beach,CA,USA,USA,73,212,2010,ANA,1,29,29
2016,Eric Fehr,"PIT, TOR",C,38,1985-09-07,Winkler,MB,CAN,CAN,76,209,2003,WSH,1,18,18
2016,Eric Gelinas,COL,D,32,1991-05-08,Vanier,ON,CAN,CAN,76,215,2009,N.J,2,24,54
2016,Eric Gryba,EDM,D,35,1988-04-14,Saskatoon,SK,CAN,CAN,76,222,2006,OTT,3,5,68
2016,Eric Staal,MIN,C,39,1984-10-29,Thunder Bay,ON,CAN,CAN,76,195,2003,CAR,1,2,2
2016,Erik Burgdoerfer,BUF,D,35,1988-12-11,Abington,PA,USA,USA,73,207,-,-,-,-,-
2016,Erik Condra,T.B,R,37,1986-08-06,Trenton,MI,USA,USA,71,185,2006,OTT,7,28,211
2016,Erik Gudbranson,VAN,D,32,1992-01-07,Ottawa,ON,CAN,CAN,77,222,2010,FLA,1,3,3
2016,Erik Haula,MIN,C,32,1991-03-23,Pori,FIN,FIN,71,191,2009,MIN,7,1,182,
2016,Erik Johnson,COL,D,36,1988-03-21,Bloomington,MN,USA,USA,76,225,2006,STL,1,1,1
2016,Erik Karlsson,OTT,D,33,1990-05-31,Landsbro,SWE,SWE,72,190,2008,OTT,1,15,15,
2016,Esa Lindell,DAL,D,29,1994-05-23,Vantaa,FIN,FIN,75,220,2012,DAL,3,13,74,
2016,Evan McEneny,VAN,D,29,1994-05-22,Hamilton,ON,CAN,CAN,74,203,-,-,-,-,-
2016,Evan Rodrigues,BUF,L,30,1993-07-28,Toronto,ON,CAN,CAN,71,184,-,-,-,-,-
2016,Evander Kane,BUF,L,32,1991-08-02,Vancouver,BC,CAN,CAN,74,210,2009,ATL,1,4,4
2016,Evgeni Malkin,PIT,C,37,1986-07-31,Magnitogorsk,RUS,RUS,75,195,2004,PIT,1,2,2,
2016,Evgeny Kuznetsov,WSH,C,31,1992-05-19,Chelyabinsk,RUS,RUS,74,207,2010,WSH,1,26,26,
2016,Evgeny Svechnikov,DET,R,27,1996-10-31,Yuzhno-Sakhalinsk,RUS,RUS,75,208,2015,DET,1,19,19,
2016,Fedor Tyutin,COL,D,40,1983-07-19,Izhevsk,RUS,RUS,74,221,2001,NYR,2,10,40,
2016,Filip Forsberg,NSH,L,29,1994-08-13,Ostervala,SWE,SWE,73,205,2012,WSH,1,11,11,
2016,Francois Beauchemin,COL,D,43,1980-06-04,Sorel,QC,CAN,CAN,71,208,1998,MTL,3,17,75
2016,Frank Corrado,"PIT, TOR",D,30,1993-03-26,Toronto,ON,CAN,CAN,72,205,2011,VAN,5,29,150
2016,Frank Vatrano,BOS,C,30,1994-03-14,East Longmeadow,MA,USA,USA,71,197,-,-,-,-,-
2016,Frans Nielsen,DET,C,39,1984-04-24,Herning,DNK,DNK,73,186,2002,NYI,3,24,87,
2016,Freddie Hamilton,CGY,C,32,1992-01-01,Toronto,ON,CAN,CAN,73,195,2010,S.J,5,9,129
2016,Frederick Gaudreau,NSH,C,30,1993-05-01,Bromont,QC,CAN,CAN,72,184,-,-,-,-,-
2016,Frederik Gauthier,TOR,C,28,1995-04-26,Laval,QC,CAN,CAN,77,239,2013,TOR,1,21,21
2016,Fredrik Claesson,OTT,D,31,1992-11-24,Stockholm,SWE,SWE,73,196,2011,OTT,5,5,126,
2016,Gabriel Bourque,COL,L,33,1990-09-23,Rimouski,QC,CAN,CAN,70,206,2009,NSH,5,11,132
2016,Gabriel Carlsson,CBJ,D,27,1997-01-02,Orebro,SWE,SWE,77,195,2015,CBJ,1,29,29,
2016,Gabriel Dumont,T.B,C,33,1990-10-06,Ville Degelis,QC,CAN,CAN,70,195,2009,MTL,5,18,139
2016,Gabriel Landeskog,COL,L,31,1992-11-23,Stockholm,SWE,SWE,73,215,2011,COL,1,2,2,
2016,Garnet Hathaway,CGY,R,32,1991-11-23,Kennebunkport,ME,USA,USA,75,208,-,-,-,-,-
2016,Garrett Mitchell,WSH,R,32,1991-09-02,Regina,SK,CAN,CAN,71,198,2009,WSH,6,24,175
2016,Gemel Smith,DAL,C,29,1994-04-16,Toronto,ON,CAN,CAN,70,203,2012,DAL,4,13,104
2016,Greg McKegg,"FLA, T.B",C,31,1992-06-17,St. Thomas,ON,CAN,CAN,72,195,2010,TOR,3,2,62
2016,Greg Pateryn,"DAL, MTL",D,33,1990-06-20,Sterling Heights,MI,USA,USA,75,212,2008,TOR,5,7,128
2016,Griffen Molino,VAN,C,30,1994-01-21,Trenton,MI,USA,USA,71,171,-,-,-,-,-
2016,Gustav Forsling,CHI,D,27,1996-06-12,Linkoping,SWE,SWE,72,186,2014,VAN,5,6,126,
2016,Gustav Nyquist,DET,R,34,1989-09-01,Halmstad,SWE,SWE,71,180,2008,DET,4,30,121,
2016,Gustav Olofsson,MIN,D,29,1994-12-01,Boras,SWE,SWE,74,199,2013,MIN,2,16,46,
2016,Hampus Lindholm,ANA,D,30,1994-01-20,Helsingborg,SWE,SWE,76,215,2012,ANA,1,6,6,
2016,Harry Zolnierczyk,NSH,L,36,1987-09-01,Toronto,ON,CAN,CAN,71,180,-,-,-,-,-
2016,Henrik Sedin,VAN,C,43,1980-09-26,Ornskoldsvik,SWE,SWE,74,183,1999,VAN,1,3,3,
2016,Henrik Zetterberg,DET,L,43,1980-10-09,Njurunda,SWE,SWE,72,197,1999,DET,7,24,210,
2016,Hudson Fasching,BUF,R,28,1995-07-28,Milwaukee,WI,USA,USA,75,204,2013,L.A,4,27,118
2016,Hunter Shinkaruk,CGY,C,29,1994-10-13,Calgary,AB,CAN,CAN,70,181,2013,VAN,1,24,24
2016,Ian Cole,PIT,D,35,1989-02-21,Ann Arbor,MI,USA,USA,73,225,2007,STL,1,18,18
2016,Ian McCoshen,FLA,D,28,1995-08-05,Anaheim,CA,USA,USA,75,210,2013,FLA,2,1,31
2016,Iiro Pakarinen,EDM,R,32,1991-08-25,Loviisa,FIN,FIN,73,212,2011,FLA,7,3,184,
2016,Ivan Barbashev,STL,C,28,1995-12-14,Moscow,RUS,RUS,73,195,2014,STL,2,3,33,
2016,Ivan Provorov,PHI,D,27,1997-01-13,Yaroslavl,RUS,RUS,73,201,2015,PHI,1,7,7,
2016,J.T. Brown,T.B,R,33,1990-07-02,Burnsville,MN,USA,USA,70,182,-,-,-,-,-
2016,J.T. Compher,COL,L,28,1995-04-08,Northbrook,IL,USA,USA,72,190,2013,BUF,2,5,35
2016,J.T. Miller,NYR,"C, L",31,1993-03-14,East Palestine,OH,USA,USA,73,218,2011,NYR,1,15,15
2016,Jaccob Slavin,CAR,D,29,1994-05-01,Denver,CO,USA,USA,75,207,2012,CAR,4,29,120
2016,Jack Eichel,BUF,C,27,1996-10-28,North Chelmsford,MA,USA,USA,74,207,2015,BUF,1,2,2
2016,Jack Johnson,CBJ,D,37,1987-01-13,Indianapolis,IN,USA,USA,73,227,2005,CAR,1,3,3
2016,Jack Roslovic,WPG,C,27,1997-01-29,Columbus,OH,USA,USA,73,200,2015,WPG,1,25,25
2016,Jack Skille,VAN,R,36,1987-05-19,Madison,WI,USA,USA,73,216,2005,CHI,1,7,7
2016,Jacob De La Rose,MTL,L,28,1995-05-20,Arvika,SWE,SWE,75,215,2013,MTL,2,4,34,
2016,Jacob Josefson,N.J,C,33,1991-03-02,Stockholm,SWE,SWE,72,196,2009,N.J,1,20,20,
2016,Jacob Larsson,ANA,D,26,1997-04-29,Ljungby,SWE,SWE,74,193,2015,ANA,1,27,27,
2016,Jacob Trouba,WPG,D,30,1994-02-26,Rochester,MI,USA,USA,75,203,2012,WPG,1,9,9
2016,Jaden Schwartz,STL,"C, L",31,1992-06-25,Wilcox,SK,CAN,CAN,70,185,2010,STL,1,14,14
2016,Jake Dotchin,T.B,D,29,1994-03-24,Cambridge,ON,CAN,CAN,75,210,2012,T.B,6,10,161
2016,Jake Gardiner,TOR,D,33,1990-07-04,Minnetonka,MN,USA,USA,74,203,2008,ANA,1,17,17
2016,Jake Guentzel,PIT,C,29,1994-10-06,Omaha,NE,USA,USA,71,180,2013,PIT,3,16,77
2016,Jake McCabe,BUF,D,30,1993-10-12,Eau Claire,WI,USA,USA,73,204,2012,BUF,2,14,44
2016,Jake Muzzin,L.A,D,35,1989-02-21,Woodstock,ON,CAN,CAN,75,227,2007,PIT,5,20,141
2016,Jake Virtanen,VAN,R,27,1996-08-17,New Westminster,BC,CAN,CAN,73,226,2014,VAN,1,6,6
2016,Jakob Chychrun,ARI,D,25,1998-03-31,Boca Raton,FL,USA,USA,74,220,2016,ARI,1,16,16
2016,Jakob Forsbacka Karlsson,BOS,C,27,1996-10-31,Stockholm,SWE,SWE,73,184,2015,BOS,2,15,45,
2016,Jakob Silfverberg,ANA,R,33,1990-10-13,Gävle,SWE,SWE,73,207,2009,OTT,2,9,39,
2016,Jakub Kindl,FLA,D,37,1987-02-10,Sumperk,CZE,CZE,75,199,2005,DET,1,19,19,
2016,Jakub Nakladal,CAR,D,36,1987-12-30,Hradec Králové,CZE,CZE,74,212,-,-,-,-,-,
2016,Jakub Voracek,PHI,R,34,1989-08-15,Kladno,CZE,CZE,74,216,2007,CBJ,1,7,7,
2016,Jakub Vrana,WSH,L,28,1996-02-28,Prague,CZE,CZE,72,190,2014,WSH,1,13,13,
2016,James Neal,NSH,"L, R",36,1987-09-03,Whitby,ON,CAN,CAN,75,212,2005,DAL,2,3,33
2016,James van Riemsdyk,TOR,L,34,1989-05-04,Middletown,NJ,USA,USA,75,208,2007,PHI,1,2,2
2016,Jamie Benn,DAL,L,34,1989-07-18,Victoria,BC,CAN,CAN,74,205,2007,DAL,5,8,129
2016,Jamie McBain,ARI,D,36,1988-02-25,Edina,MN,USA,USA,73,195,2006,CAR,2,33,63
2016,Jamie McGinn,ARI,L,35,1988-08-05,Fergus,ON,CAN,CAN,73,205,2006,S.J,2,6,36
2016,Jamie Oleksiak,DAL,D,31,1992-12-21,Toronto,ON,CAN,CAN,79,257,2011,DAL,1,14,14
2016,Jannik Hansen,"S.J, VAN",R,38,1986-03-15,Rødovre,DNK,DNK,73,198,2004,VAN,9,29,287,
2016,Jared Boll,ANA,R,37,1986-05-13,Charlotte,NC,USA,USA,75,206,2005,CBJ,4,10,101
2016,Jared McCann,FLA,C,27,1996-05-31,Stratford,ON,CAN,CAN,73,191,2014,VAN,1,24,24
2016,Jared Spurgeon,MIN,D,34,1989-11-29,Edmonton,AB,CAN,CAN,69,166,2008,NYI,6,5,156
2016,Jarome Iginla,"COL, L.A",R,46,1977-07-01,Edmonton,AB,CAN,CAN,73,210,1995,DAL,1,11,11
2016,Jaromir Jagr,FLA,R,52,1972-02-15,Kladno,CZE,CZE,75,230,1990,PIT,1,5,5,
2016,Jason Chimera,NYI,L,44,1979-05-02,Edmonton,AB,CAN,CAN,75,215,1997,EDM,5,15,121
2016,Jason Demers,FLA,D,35,1988-06-09,Dorval,QC,CAN,CAN,73,195,2008,S.J,7,5,186
2016,Jason Dickinson,DAL,C,28,1995-07-04,Georgetown,ON,CAN,CAN,74,200,2013,DAL,1,29,29
2016,Jason Garrison,T.B,D,39,1984-11-13,White Rock,BC,CAN,CAN,73,218,-,-,-,-,-
2016,Jason Pominville,MIN,R,41,1982-11-30,Repentigny,QC,CAN,USA,72,180,2001,BUF,2,25,55
2016,Jason Spezza,DAL,C,40,1983-06-13,Toronto,ON,CAN,CAN,75,219,2001,OTT,1,2,2
2016,Jason Zucker,MIN,L,32,1992-01-16,Newport Beach,CA,USA,USA,71,192,2010,MIN,2,29,59
2016,Jay Beagle,WSH,C,38,1985-10-16,Calgary,AB,CAN,CAN,75,210,-,-,-,-,-
2016,Jay Bouwmeester,STL,D,40,1983-09-27,Edmonton,AB,CAN,CAN,76,206,2002,FLA,1,3,3
2016,Jay McClement,CAR,C,41,1983-03-02,Kingston,ON,CAN,CAN,73,205,2001,STL,2,27,57
2016,Jaycob Megna,ANA,D,31,1992-12-10,Plantation,FL,USA,USA,78,220,2012,ANA,7,29,210
2016,Jayson Megna,VAN,C,34,1990-02-01,Fort Lauderdale,FL,USA,USA,73,195,-,-,-,-,-
2016,Jean-Gabriel Pageau,OTT,C,31,1992-11-11,Ottawa,ON,CAN,CAN,71,185,2011,OTT,4,5,96
2016,Jean-Sebastien Dea,PIT,C,30,1994-02-08,Laval,QC,CAN,CAN,71,174,-,-,-,-,-
2016,Jeff Carter,L.A,C,39,1985-01-01,London,ON,CAN,CAN,75,219,2003,PHI,1,11,11
2016,Jeff Petry,MTL,D,36,1987-12-09,Ann Arbor,MI,USA,USA,75,209,2006,EDM,2,15,45
2016,Jeff Skinner,CAR,"C, L",31,1992-05-16,Toronto,ON,CAN,CAN,71,197,2010,CAR,1,7,7
2016,Jesper Fast,NYR,R,32,1991-12-02,Nassjo,SWE,SWE,73,191,2010,NYR,6,7,157,
2016,Jesse Puljujarvi,EDM,R,25,1998-05-07,Alvkarleby,SWE,FIN,76,201,2016,EDM,1,4,4,
2016,Jimmy Hayes,BOS,R,34,1989-11-21,Dorchester,MA,USA,USA,77,215,2008,TOR,2,30,60
2016,Jimmy Vesey,NYR,L,30,1993-05-26,Boston,MA,USA,USA,75,202,2012,NSH,3,5,66
2016,Jiri Hudler,DAL,R,40,1984-01-04,Olomouc,CZE,CZE,70,190,2002,DET,2,28,58,
2016,Joakim Nordstrom,CAR,"C, L",32,1992-02-25,Stockholm,SWE,SWE,73,194,2010,CHI,3,30,90,
2016,Joe Colborne,COL,C,34,1990-01-30,Calgary,AB,CAN,CAN,77,221,2008,BOS,1,16,16
2016,Joe Morrow,BOS,D,31,1992-12-09,Edmonton,AB,CAN,CAN,72,196,2011,PIT,1,23,23
2016,Joe Pavelski,S.J,C,39,1984-07-11,Plover,WI,USA,USA,71,200,2003,S.J,7,8,205
2016,Joe Thornton,S.J,C,44,1979-07-02,London,ON,CAN,CAN,76,220,1997,BOS,1,1,1
2016,Joel Armia,WPG,R,30,1993-05-31,Pori,FIN,FIN,75,216,2011,BUF,1,16,16,
2016,Joel Edmundson,STL,D,30,1993-06-28,Brandon,MB,CAN,CAN,77,221,2011,STL,2,16,46
2016,Joel Eriksson Ek,MIN,C,27,1997-01-29,Karlstad,SWE,SWE,75,207,2015,MIN,1,20,20,
2016,Joel Hanley,MTL,D,32,1991-06-08,Keswick,ON,CAN,CAN,71,190,-,-,-,-,-
2016,Joel Vermin,T.B,R,32,1992-02-05,Bern,CHE,CHE,71,192,2013,T.B,7,5,186,
2016,Joel Ward,S.J,R,43,1980-12-02,North York,ON,CAN,CAN,73,225,-,-,-,-,-
2016,Johan Larsson,BUF,C,31,1992-07-25,Lau,SWE,SWE,71,206,2010,MIN,2,26,56,
2016,John Carlson,WSH,D,34,1990-01-10,Natick,MA,USA,USA,75,215,2008,WSH,1,27,27
2016,John Hayden,CHI,L,29,1995-02-14,Chicago,IL,USA,USA,75,223,2013,CHI,3,13,74
2016,John Klingberg,DAL,D,31,1992-08-14,Gothenburg,SWE,SWE,75,190,2010,DAL,5,11,131,
2016,John Mitchell,COL,C,39,1985-01-22,Oakville,ON,CAN,CAN,73,204,2003,TOR,5,22,158
2016,John Moore,N.J,D,33,1990-11-19,Winnetka,IL,USA,USA,75,207,2009,CBJ,1,21,21
2016,John Quenneville,N.J,C,27,1996-04-16,Edmonton,AB,CAN,CAN,73,195,2014,N.J,1,30,30
2016,John Tavares,NYI,C,33,1990-09-20,Mississauga,ON,CAN,CAN,73,216,2009,NYI,1,1,1
2016,John-Michael Liles,BOS,D,43,1980-11-25,Indianapolis,IN,USA,USA,70,185,2000,COL,5,29,159
2016,Johnny Boychuk,NYI,D,40,1984-01-19,Edmonton,AB,CAN,CAN,74,227,2002,COL,2,31,61
2016,Johnny Gaudreau,CGY,L,30,1993-08-13,Salem,NJ,USA,USA,69,165,2011,CGY,4,13,104
2016,Johnny Oduya,"CHI, DAL",D,42,1981-10-01,Stockholm,SWE,SWE,72,191,2001,WSH,7,25,221,
2016,Jon Merrill,N.J,D,32,1992-02-03,Oklahoma City,OK,USA,USA,75,204,2010,N.J,2,8,38
2016,Jonas Brodin,MIN,D,30,1993-07-12,Karlstad,SWE,SWE,74,196,2011,MIN,1,10,10,
2016,Jonathan Drouin,T.B,L,28,1995-03-28,Ste-Agathe,QC,CAN,CAN,71,198,2013,T.B,1,3,3
2016,Jonathan Ericsson,DET,D,40,1984-03-02,Karlskrona,SWE,SWE,76,218,2002,DET,9,31,291,
2016,Jonathan Huberdeau,FLA,L,30,1993-06-04,Saint-Jerome,QC,CAN,CAN,73,200,2011,FLA,1,3,3
2016,Jonathan Marchessault,FLA,C,33,1990-12-27,Cap-Rouge,QC,CAN,CAN,69,183,-,-,-,-,-
2016,Jonathan Toews,CHI,C,35,1988-04-29,Winnipeg,MB,CAN,CAN,74,201,2006,CHI,1,3,3
2016,Jonny Brodzinski,L.A,C,30,1993-06-19,Ham Lake,MN,USA,USA,72,212,2013,L.A,5,27,148
2016,Joonas Donskoi,S.J,R,31,1992-04-13,Raahe,FIN,FIN,72,185,2010,FLA,4,9,99,
2016,Jordan Eberle,EDM,"C, R",33,1990-05-15,Regina,SK,CAN,CAN,71,190,2008,EDM,1,22,22
2016,Jordan Martinook,ARI,L,31,1992-07-25,Brandon,MB,CAN,CAN,72,196,2012,PHX,2,28,58
2016,Jordan Nolan,L.A,C,34,1989-06-23,"Garden River, First Nations",ON,CAN,CAN,75,219,2009,L.A,7,5,186
2016,Jordan Oesterle,EDM,D,31,1992-06-25,Dearborn Heights,MI,USA,USA,72,187,-,-,-,-,-
2016,Jordan Schmaltz,STL,D,30,1993-10-08,Madison,WI,USA,USA,74,196,2012,STL,1,25,25
2016,Jordan Schroeder,MIN,C,33,1990-09-29,Lakeville,MN,USA,USA,69,170,2009,VAN,1,22,22
2016,Jordan Staal,CAR,C,35,1988-09-10,Thunder Bay,ON,CAN,CAN,76,220,2006,PIT,1,2,2
2016,Jordan Weal,PHI,C,31,1992-04-15,North Vancouver,BC,CAN,CAN,70,181,2010,L.A,3,10,70
2016,Jordie Benn,"DAL, MTL",D,36,1987-07-26,Victoria,BC,CAN,CAN,74,201,-,-,-,-,-
2016,Jordin Tootoo,CHI,R,41,1983-02-02,Churchill,MB,CAN,CAN,69,195,2001,NSH,4,2,98
2016,Jori Lehtera,STL,C,36,1987-12-23,Helsinki,FIN,FIN,74,212,2008,STL,3,4,65,
2016,Joseph Blandisi,N.J,L,29,1994-07-18,Markham,ON,CAN,CAN,72,184,2012,COL,6,11,162
2016,Joseph Cramarossa,"ANA, VAN",C,31,1992-10-26,Toronto,ON,CAN,CAN,73,190,2011,ANA,3,4,65
2016,Joseph LaBate,VAN,C,30,1993-04-16,Burnsville,MN,USA,USA,77,210,2011,VAN,4,10,101
2016,Josh Anderson,CBJ,R,29,1994-05-07,Burlington,ON,CAN,CAN,75,218,2012,CBJ,4,4,95
2016,Josh Archibald,PIT,R,31,1992-10-06,Regina,SK,CAN,CAN,70,176,2011,PIT,6,23,174
2016,Josh Bailey,NYI,R,34,1989-10-02,Bowmanville,ON,CAN,CAN,73,200,2008,NYI,1,9,9
2016,Josh Gorges,BUF,D,39,1984-08-14,Kelowna,BC,CAN,CAN,73,204,-,-,-,-,-
2016,Josh Jooris,"ARI, NYR",R,33,1990-07-14,Burlington,ON,CAN,CAN,73,198,-,-,-,-,-
2016,Josh Leivo,TOR,L,30,1993-05-26,Innisfil,ON,CAN,CAN,74,192,2011,TOR,3,25,86
2016,Josh Manson,ANA,D,32,1991-10-07,Hinsdale,IL,USA,CAN,75,218,2011,ANA,6,9,160
2016,Josh Morrissey,WPG,D,28,1995-03-28,Calgary,AB,CAN,CAN,72,185,2013,WPG,1,13,13
2016,Joshua Ho-Sang,NYI,R,28,1996-01-22,Toronto,ON,CAN,CAN,72,173,2014,NYI,1,28,28
2016,Jujhar Khaira,EDM,L,29,1994-08-13,Surrey,BC,CAN,CAN,76,212,2012,EDM,3,2,63
2016,Julian Melchiori,WPG,D,32,1991-12-06,Richmond Hill,ON,CAN,CAN,77,222,2010,ATL,3,27,87
2016,Julius Honka,DAL,D,28,1995-12-03,Jyväskylä,FIN,FIN,71,180,2014,DAL,1,14,14,
2016,Jussi Jokinen,FLA,L,40,1983-04-01,Kalajoki,FIN,FIN,72,191,2001,DAL,6,27,192,
2016,Justin Abdelkader,DET,L,37,1987-02-25,Muskegon,MI,USA,USA,74,213,2005,DET,2,12,42
2016,Justin Bailey,BUF,R,28,1995-07-01,Buffalo,NY,USA,USA,76,214,2013,BUF,2,22,52
2016,Justin Braun,S.J,D,37,1987-02-10,Minneapolis,MN,USA,USA,74,205,2007,S.J,7,20,201
2016,Justin Dowling,DAL,C,33,1990-10-01,Calgary,AB,CAN,CAN,70,180,-,-,-,-,-
2016,Justin Falk,BUF,D,35,1988-10-11,Snowflake,MB,CAN,CAN,77,223,2007,MIN,4,19,110
2016,Justin Faulk,CAR,D,32,1992-03-20,South St.Paul,MN,USA,USA,72,214,2010,CAR,2,7,37
2016,Justin Schultz,PIT,D,33,1990-07-06,Kelowna,BC,CAN,CAN,74,190,2008,ANA,2,13,43
2016,Justin Williams,WSH,R,42,1981-10-04,Cobourg,ON,CAN,CAN,73,184,2000,PHI,1,28,28
2016,Jyrki Jokipakka,"CGY, OTT",D,32,1991-08-20,Tampere,FIN,FIN,75,215,2011,DAL,7,14,195,
2016,Kalle Kossila,ANA,L,30,1993-04-14,Kauniainen,FIN,FIN,70,182,-,-,-,-,-,
2016,Karl Alzner,WSH,D,35,1988-09-24,Burnaby,BC,CAN,CAN,75,213,2007,WSH,1,5,5
2016,Karl Stollery,N.J,D,36,1987-11-21,Camrose,AB,CAN,CAN,71,180,-,-,-,-,-
2016,Kasperi Kapanen,TOR,R,27,1996-07-23,Kuopio,FIN,FIN,73,194,2014,PIT,1,22,22,
2016,Keith Yandle,FLA,D,37,1986-09-09,Boston,MA,USA,USA,73,192,2005,PHX,4,14,105
2016,Kenny Agostino,STL,L,31,1992-04-30,Morristown,NJ,USA,USA,72,204,2010,PIT,5,20,140
2016,Kevan Miller,BOS,D,36,1987-11-15,Los Angeles,CA,USA,USA,74,210,-,-,-,-,-
2016,Kevin Bieksa,ANA,D,42,1981-06-16,Grimsby,ON,CAN,CAN,73,197,2001,VAN,5,20,151
2016,Kevin Connauton,ARI,D,34,1990-02-23,Edmonton,AB,CAN,CAN,74,205,2009,VAN,3,22,83
2016,Kevin Fiala,NSH,L,27,1996-07-22,St. Gallen,CHE,CHE,70,204,2014,NSH,1,11,11,
2016,Kevin Gravel,L.A,D,32,1992-03-06,Kingsford,MI,USA,USA,76,205,2010,L.A,5,28,148
2016,Kevin Hayes,NYR,"C, R",31,1992-05-08,Dorchester,MA,USA,USA,77,216,2010,CHI,1,24,24
2016,Kevin Klein,NYR,D,39,1984-12-13,Kitchener,ON,CAN,CAN,73,206,2003,NSH,2,7,37
2016,Kevin Labanc,S.J,R,28,1995-12-12,Brooklyn,NY,USA,USA,71,185,2014,S.J,6,21,171
2016,Kevin Porter,PIT,C,38,1986-03-12,Detroit,MI,USA,USA,72,190,2004,PHX,4,21,119
2016,Kevin Rooney,N.J,C,30,1993-05-21,Canton,MA,USA,USA,74,190,-,-,-,-,-
2016,Kevin Shattenkirk,"STL, WSH",D,35,1989-01-29,New Rochelle,NY,USA,USA,72,212,2007,COL,1,14,14
2016,Klas Dahlbeck,CAR,D,32,1991-07-06,Katrineholm,SWE,SWE,75,207,2011,CHI,3,18,79,
2016,Korbinian Holzer,ANA,D,36,1988-02-16,Munich,DEU,DEU,75,213,2006,TOR,4,18,111,
2016,Kris Letang,PIT,D,36,1987-04-24,Montreal,QC,CAN,CAN,72,201,2005,PIT,3,1,62
2016,Kris Russell,EDM,D,36,1987-05-02,Caroline,AB,CAN,CAN,70,170,2005,CBJ,3,6,67
2016,Kris Versteeg,CGY,R,37,1986-05-13,Lethbridge,AB,CAN,CAN,71,176,2004,BOS,5,5,134
2016,Kurtis Gabriel,MIN,R,30,1993-04-20,Newmarket,ON,CAN,CAN,76,212,2013,MIN,3,20,81
2016,Kyle Brodziak,STL,C,39,1984-05-25,St. Paul,AB,CAN,CAN,74,205,2003,EDM,7,17,214
2016,Kyle Clifford,L.A,L,33,1991-01-13,Ayr,ON,CAN,CAN,74,217,2009,L.A,2,5,35
2016,Kyle Connor,WPG,L,27,1996-12-09,Shelby Twp.,MI,USA,USA,74,179,2015,WPG,1,17,17
2016,Kyle Okposo,BUF,R,35,1988-04-16,St. Paul,MN,USA,USA,72,218,2006,NYI,1,7,7
2016,Kyle Palmieri,N.J,"C, R",33,1991-02-01,Smithtown,NY,USA,USA,71,198,2009,ANA,1,26,26
2016,Kyle Quincey,"CBJ, N.J",D,38,1985-08-12,Kitchener,ON,CAN,CAN,74,210,2003,DET,4,31,132
2016,Kyle Rau,FLA,C,31,1992-10-24,Eden Prairie,MN,USA,USA,69,171,2011,FLA,3,30,91
2016,Kyle Turris,OTT,C,34,1989-08-14,New Westminster,BC,CAN,CAN,73,190,2007,PHX,1,3,3
2016,Lance Bouma,CGY,C,33,1990-03-25,Provost,AB,CAN,CAN,74,208,2008,CGY,3,17,78
2016,Lars Eller,WSH,C,34,1989-05-08,Rodovre,DNK,DNK,74,205,2007,STL,1,13,13,
2016,Laurent Dauphin,ARI,C,28,1995-03-27,Repentigny,QC,CAN,CAN,72,186,2013,PHX,2,9,39
2016,Lauri Korpikoski,"CBJ, DAL",L,37,1986-07-28,Turku,FIN,FIN,73,193,2004,NYR,1,19,19,
2016,Lawson Crouse,ARI,L,26,1997-06-23,Mt. Brydges,ON,CAN,CAN,76,215,2015,FLA,1,11,11
2016,Lee Stempniak,CAR,R,41,1983-02-04,West Seneca,NY,USA,USA,71,195,2003,STL,5,12,148
2016,Leo Komarov,TOR,C,37,1987-01-23,Narva,EST,FIN,71,205,2006,TOR,6,27,180,
2016,Leon Draisaitl,EDM,C,28,1995-10-27,Cologne,DEU,DEU,74,208,2014,EDM,1,3,3,
2016,Liam O'Brien,WSH,C,29,1994-07-29,Halifax,NS,CAN,CAN,73,213,-,-,-,-,-
2016,Linden Vey,CGY,R,32,1991-07-17,Wakaw,SK,CAN,CAN,72,189,2009,L.A,4,5,96
2016,Logan Couture,S.J,C,34,1989-03-28,Guelph,ON,CAN,CAN,73,206,2007,S.J,1,9,9
2016,Logan Shaw,ANA,C,31,1992-10-05,Glace Bay,NS,CAN,CAN,75,208,2011,FLA,3,15,76
2016,Loui Eriksson,VAN,L,38,1985-07-17,Gothenburg,SWE,SWE,74,179,2003,DAL,2,3,33,
2016,Luca Sbisa,VAN,D,34,1990-01-30,Ozieri,ITA,CHE,74,206,2008,PHI,1,19,19,
2016,Lucas Wallmark,CAR,C,28,1995-09-05,Umea,SWE,SWE,72,178,2014,CAR,4,7,97,
2016,Lukas Sedlak,CBJ,C,31,1993-02-25,Ceské Budejovice,CZE,CZE,72,205,2011,CBJ,6,7,158,
2016,Luke Gazdic,N.J,L,34,1989-07-25,Toronto,ON,CAN,CAN,76,225,2007,DAL,6,21,172
2016,Luke Glendening,DET,C,34,1989-04-28,Grand Rapids,MI,USA,USA,71,190,-,-,-,-,-
2016,Luke Schenn,ARI,D,34,1989-11-02,Saskatoon,SK,CAN,CAN,74,225,2008,TOR,1,5,5
2016,Luke Witkowski,T.B,D,33,1990-04-14,Holland,MI,USA,USA,74,210,2008,T.B,6,9,160
2016,MacKenzie Weegar,FLA,D,30,1994-01-07,Ottawa,ON,CAN,CAN,72,206,2013,FLA,7,25,206
2016,Magnus Paajarvi,STL,L,32,1991-04-12,Norrkoping,SWE,SWE,75,206,2009,EDM,1,10,10,
2016,Marc Methot,OTT,D,38,1985-06-21,Ottawa,ON,CAN,CAN,76,230,2003,CBJ,6,1,168
2016,Marc Staal,NYR,D,37,1987-01-13,Thunder Bay,ON,CAN,CAN,76,208,2005,NYR,1,12,12
2016,Marc-Edouard Vlasic,S.J,D,36,1987-03-30,Montreal,QC,CAN,CAN,73,205,2005,S.J,2,5,35
2016,Marco Scandella,MIN,D,34,1990-02-23,Montreal,QC,CAN,CAN,75,212,2008,MIN,2,25,55
2016,Marcus Foligno,BUF,L,32,1991-08-10,Buffalo,NY,USA,CAN,75,226,2009,BUF,4,13,104
2016,Marcus Johansson,WSH,L,33,1990-10-06,Landskrona,SWE,SWE,73,203,2009,WSH,1,24,24,
2016,Marcus Kruger,CHI,C,33,1990-05-27,Stockholm,SWE,SWE,72,186,2009,CHI,5,28,149,
2016,Marcus Sorensen,S.J,R,31,1992-04-07,Sodertalje,SWE,SWE,71,175,2010,OTT,4,16,106,
2016,Marek Hrivik,NYR,L,32,1991-08-28,Cadca,SVK,SVK,74,197,-,-,-,-,-,
2016,Marian Gaborik,L.A,R,42,1982-02-14,Trencin,SVK,SVK,73,200,2000,MIN,1,3,3,
2016,Marian Hossa,CHI,R,45,1979-01-12,Stará Lubovna,SVK,SVK,73,207,1997,OTT,1,12,12,
2016,Mark Barberio,"COL, MTL",D,33,1990-03-23,Montreal,QC,CAN,CAN,73,200,2008,T.B,6,1,152
2016,Mark Borowiecki,OTT,D,34,1989-07-12,Ottawa,ON,CAN,CAN,74,204,2008,OTT,5,18,139
2016,Mark Fayne,EDM,D,36,1987-05-15,Nashua,NH,USA,USA,75,209,2005,N.J,5,30,155
2016,Mark Giordano,CGY,D,40,1983-10-03,Toronto,ON,CAN,CAN,72,205,-,-,-,-,-
2016,Mark Jankowski,CGY,C,29,1994-09-13,Hamilton,ON,CAN,CAN,76,212,2012,CGY,1,21,21
2016,Mark Letestu,EDM,C,39,1985-02-04,Elk Point,AB,CAN,CAN,70,195,-,-,-,-,-
2016,Mark McNeill,DAL,C,31,1993-02-22,Langley,BC,CAN,CAN,74,214,2011,CHI,1,18,18
2016,Mark Pysyk,FLA,D,32,1992-01-11,Sherwood Park,AB,CAN,CAN,73,198,2010,BUF,1,23,23
2016,Mark Scheifele,WPG,C,31,1993-03-15,Kitchener,ON,CAN,CAN,75,198,2011,WPG,1,7,7
2016,Mark Stone,OTT,R,31,1992-05-13,Winnipeg,MB,CAN,CAN,75,217,2010,OTT,6,28,178
2016,Mark Streit,"PHI, PIT",D,46,1977-12-11,Bern,CHE,CHE,71,186,2004,MTL,9,4,262,
2016,Mark Stuart,WPG,D,39,1984-04-27,Rochester,MN,USA,USA,74,215,2003,BOS,1,21,21
2016,Marko Dano,WPG,C,29,1994-11-30,Eisenstadt,AUT,SVK,71,201,2013,CBJ,1,27,27,
2016,Markus Granlund,VAN,C,30,1993-04-16,Oulu,FIN,FIN,72,180,2011,CGY,2,15,45,
2016,Markus Hannikainen,CBJ,L,30,1993-03-26,Helsinki,FIN,FIN,73,200,-,-,-,-,-,
2016,Markus Nutivaara,CBJ,D,29,1994-06-06,Oulu,FIN,FIN,73,187,2015,CBJ,7,8,189,
2016,Martin Frk,CAR,R,30,1993-10-05,Pelhrimov,CZE,CZE,73,210,2012,DET,2,19,49,
2016,Martin Hanzal,"ARI, MIN",C,37,1987-02-20,Pisek,CZE,CZE,78,230,2005,PHX,1,17,17,
2016,Martin Marincin,TOR,D,32,1992-02-18,Kosice,SVK,SVK,77,217,2010,EDM,2,16,46,
2016,Mason Raymond,ANA,L,38,1985-09-17,Cochrane,AB,CAN,CAN,73,179,2005,VAN,2,21,51
2016,Mathew Barzal,NYI,C,26,1997-05-26,Coquitlam,BC,CAN,CAN,73,190,2015,NYI,1,16,16
2016,Mathieu Perreault,WPG,C,36,1988-01-05,Drummondville,QC,CAN,CAN,70,189,2006,WSH,6,24,177
2016,Mats Zuccarello,NYR,"C, R",36,1987-09-01,Oslo,NOR,NOR,68,181,-,-,-,-,-,
2016,Matt Bartkowski,CGY,D,35,1988-06-04,Pittsburgh,PA,USA,USA,73,201,2008,FLA,7,9,190
2016,Matt Beleskey,BOS,L,35,1988-06-07,Windsor,ON,CAN,CAN,72,207,2006,ANA,4,19,112
2016,Matt Calvert,CBJ,L,34,1989-12-24,Brandon,MB,CAN,CAN,71,186,2008,CBJ,5,6,127
2016,Matt Carle,NSH,D,39,1984-09-25,Anchorage,AK,USA,USA,72,197,2003,S.J,2,17,47
2016,Matt Cullen,PIT,C,47,1976-11-02,Virginia,MN,USA,USA,73,202,1996,ANA,2,9,35
2016,Matt Duchene,COL,C,33,1991-01-16,Haliburton,ON,CAN,CAN,71,195,2009,COL,1,3,3
2016,Matt Dumba,MIN,D,29,1994-07-25,Regina,SK,CAN,CAN,72,181,2012,MIN,1,7,7
2016,Matt Greene,L.A,D,40,1983-05-13,Grand Ledge,MI,USA,USA,75,236,2002,EDM,2,14,44
2016,Matt Grzelcyk,BOS,D,30,1994-01-05,Charlestown,MA,USA,USA,70,176,2012,BOS,3,24,85
2016,Matt Hendricks,EDM,"C, L",42,1981-06-17,Blaine,MN,USA,USA,72,211,2000,NSH,5,1,131
2016,Matt Hunwick,TOR,D,38,1985-05-21,Warren,MI,USA,USA,71,194,2004,BOS,7,31,224
2016,Matt Irwin,NSH,D,36,1987-11-29,Victoria,BC,CAN,CAN,74,200,-,-,-,-,-
2016,Matt Lorito,DET,L,33,1990-07-03,Oakville,ON,CAN,CAN,69,188,-,-,-,-,-
2016,Matt Martin,TOR,L,34,1989-05-08,Windsor,ON,CAN,CAN,75,220,2008,NYI,5,27,148
2016,Matt Moulson,BUF,L,40,1983-11-01,North York,ON,CAN,CAN,73,188,2003,PIT,9,2,263
2016,Matt Nieto,"COL, S.J",L,31,1992-11-05,Long Beach,CA,USA,USA,71,187,2011,S.J,2,17,47
2016,Matt Niskanen,WSH,D,37,1986-12-06,Virginia,MN,USA,USA,73,203,2005,DAL,1,28,28
2016,Matt Puempel,"NYR, OTT",L,31,1993-01-24,Windsor,ON,CAN,CAN,73,205,2011,OTT,1,24,24
2016,Matt Read,PHI,R,37,1986-06-14,Ilderton,ON,CAN,CAN,70,188,-,-,-,-,-
2016,Matt Stajan,CGY,C,40,1983-12-19,Mississauga,ON,CAN,CAN,73,195,2002,TOR,2,27,57
2016,Matt Tennyson,CAR,D,33,1990-04-23,Minneapolis,MN,USA,USA,74,205,-,-,-,-,-
2016,Matthew Benning,EDM,D,29,1994-05-25,Edmonton,AB,CAN,CAN,73,203,2012,BOS,6,24,175
2016,Matthew Peca,T.B,C,30,1993-04-27,Petawawa,ON,CAN,CAN,70,181,2011,T.B,7,20,201
2016,Matthew Tkachuk,CGY,L,26,1997-12-11,Scottsdale,AZ,USA,USA,74,201,2016,CGY,1,6,6
2016,Mattias Ekholm,NSH,D,33,1990-05-24,Borlange,SWE,SWE,76,215,2009,NSH,4,11,102,
2016,Max Domi,ARI,"C, L",29,1995-03-02,Winnipeg,MB,CAN,CAN,70,194,2013,PHX,1,12,12
2016,Max McCormick,OTT,R,31,1992-05-01,De Pere,WI,USA,USA,71,188,2011,OTT,6,20,171
2016,Max Pacioretty,MTL,L,35,1988-11-20,New Canaan,CT,USA,USA,74,217,2007,MTL,1,22,22
2016,Melker Karlsson,S.J,C,33,1990-07-18,Lycksele,SWE,SWE,72,180,-,-,-,-,-,
2016,Michael Bournival,T.B,L,31,1992-05-31,Shawinigan,QC,CAN,CAN,71,198,2010,COL,3,11,71
2016,Michael Chaput,VAN,C,31,1992-04-09,Ile Bizard,QC,CAN,CAN,74,199,2010,PHI,3,29,89
2016,Michael Del Zotto,PHI,D,33,1990-06-24,Stouffville,ON,CAN,CAN,72,195,2008,NYR,1,20,20
2016,Michael Frolik,CGY,R,36,1988-02-17,Kladno,CZE,CZE,73,186,2006,FLA,1,10,10,
2016,Michael Grabner,NYR,R,36,1987-10-05,Villach,AUT,AUT,73,188,2006,VAN,1,14,14,
2016,Michael Kapla,N.J,D,29,1994-09-19,Eau Claire,WI,USA,USA,72,200,-,-,-,-,-
2016,Michael Matheson,FLA,D,30,1994-02-27,Pointe-Claire,QC,CAN,CAN,74,193,2012,FLA,1,23,23
2016,Michael McCarron,MTL,R,29,1995-03-07,Grosse Pointe,MI,USA,USA,78,232,2013,MTL,1,25,25
2016,Michael Raffl,PHI,L,35,1988-12-01,Villach,AUT,AUT,73,205,-,-,-,-,-,
2016,Michael Sgarbossa,"ANA, FLA",C,31,1992-07-25,Campbellville,ON,CAN,CAN,72,179,-,-,-,-,-
2016,Michael Stone,"ARI, CGY",D,33,1990-06-07,Winnipeg,MB,CAN,CAN,75,210,2008,PHX,3,8,69
2016,Michael Zalewski,VAN,L,31,1992-08-18,New Hartford,NY,USA,USA,74,205,-,-,-,-,-
2016,Michal Kempny,CHI,D,33,1990-09-08,Hodonin,CZE,CZE,73,192,-,-,-,-,-,
2016,Michal Rozsival,CHI,D,45,1978-09-03,Vlasim,CZE,CZE,73,210,1996,PIT,4,25,105,
2016,Micheal Ferland,CGY,L,31,1992-04-20,Swan River,MB,CAN,CAN,74,217,2010,CGY,5,13,133
2016,Micheal Haley,S.J,C,37,1986-03-30,Guelph,ON,CAN,CAN,71,213,-,-,-,-,-
2016,Miikka Salomaki,NSH,R,31,1993-03-09,Raahe,FIN,FIN,71,203,2011,NSH,2,22,52,
2016,Mika Zibanejad,NYR,C,30,1993-04-18,Huddinge,SWE,SWE,74,202,2011,OTT,1,6,6,
2016,Mikael Backlund,CGY,C,35,1989-03-17,Vasteras,SWE,SWE,72,206,2007,CGY,1,24,24,
2016,Mikael Granlund,MIN,C,32,1992-02-26,Oulu,FIN,FIN,70,185,2010,MIN,1,9,9,
2016,Mike Blunden,OTT,R,37,1986-12-15,Toronto,ON,CAN,CAN,76,217,2005,CHI,2,13,43
2016,Mike Cammalleri,N.J,L,41,1982-06-08,Toronto,ON,CAN,CAN,69,185,2001,L.A,2,19,49
2016,Mike Fisher,NSH,C,43,1980-06-05,Peterborough,ON,CAN,CAN,73,216,1998,OTT,2,17,44
2016,Mike Green,DET,D,38,1985-10-12,Calgary,AB,CAN,CAN,73,210,2004,WSH,1,29,29
2016,Mike Hoffman,OTT,"C, L",34,1989-11-24,Kitchener,ON,CAN,CAN,72,190,2009,OTT,5,9,130
2016,Mike Liambas,NSH,L,35,1989-02-16,Toronto,ON,CAN,CAN,70,195,-,-,-,-,-
2016,Mike Reilly,MIN,D,30,1993-07-13,Chicago,IL,USA,USA,73,196,2011,CBJ,4,7,98
2016,Mike Ribeiro,NSH,C,44,1980-02-10,Montreal,QC,CAN,CAN,72,179,1998,MTL,2,18,45
2016,Mike Vecchione,PHI,C,31,1993-02-25,Saugus,MA,USA,USA,70,193,-,-,-,-,-
2016,Mikhail Grigorenko,COL,C,29,1994-05-16,Khabarovsk,RUS,RUS,75,206,2012,BUF,1,12,12,
2016,Mikhail Sergachev,MTL,D,25,1998-06-25,Nizhnekamsk,RUS,RUS,73,217,2016,MTL,1,9,9,
2016,Mikkel Boedker,S.J,L,34,1989-12-16,Brondby,DNK,DNK,72,207,2008,PHX,1,8,8,
2016,Mikko Koivu,MIN,C,41,1983-03-12,Turku,FIN,FIN,75,213,2001,MIN,1,6,6,
2016,Mikko Rantanen,COL,R,27,1996-10-29,Nousiainen,FIN,FIN,76,215,2015,COL,1,10,10,
2016,Milan Lucic,EDM,L,35,1988-06-07,Vancouver,BC,CAN,CAN,75,240,2006,BOS,2,20,50
2016,Milan Michalek,TOR,L,39,1984-12-07,Jindrichuv Hradec,CZE,CZE,74,225,2003,S.J,1,6,6,
2016,Miles Wood,N.J,L,28,1995-09-13,Buffalo,NY,USA,USA,74,195,2013,N.J,4,9,100
2016,Mirco Mueller,S.J,D,29,1995-03-21,Winterthur,CHE,CHE,75,210,2013,S.J,1,18,18,
2016,Mitch Callahan,DET,R,32,1991-08-17,Whittier,CA,USA,USA,71,205,2009,DET,6,29,180
2016,Mitchell Marner,TOR,C,26,1997-05-05,Markham,ON,CAN,CAN,72,181,2015,TOR,1,4,4
2016,Morgan Rielly,TOR,D,30,1994-03-09,Vancouver,BC,CAN,CAN,73,222,2012,TOR,1,5,5
2016,Nail Yakupov,STL,R,30,1993-10-06,Nizhnekamsk,RUS,RUS,71,195,2012,EDM,1,1,1,
2016,Nate Prosser,MIN,D,37,1986-05-07,Elk River,MN,USA,USA,74,201,-,-,-,-,-
2016,Nate Schmidt,WSH,D,32,1991-07-16,St. Cloud,MN,USA,USA,72,195,-,-,-,-,-
2016,Nate Thompson,ANA,C,39,1984-10-05,Anchorage,AK,USA,USA,73,205,2003,BOS,6,16,183
2016,Nathan Beaulieu,MTL,D,31,1992-12-05,Strathroy,ON,CAN,CAN,74,200,2011,MTL,1,17,17
2016,Nathan MacKinnon,COL,C,28,1995-09-01,Halifax,NS,CAN,CAN,72,200,2013,COL,1,1,1
2016,Nazem Kadri,TOR,C,33,1990-10-06,London,ON,CAN,CAN,72,185,2009,TOR,1,7,7
2016,Nelson Nogier,WPG,D,27,1996-05-27,Saskatoon,SK,CAN,CAN,74,191,2014,WPG,4,11,101
2016,Nic Dowd,L.A,C,33,1990-05-27,Huntsville,AL,USA,USA,73,193,2009,L.A,7,17,198
2016,Nic Petan,WPG,"C, L",29,1995-03-22,Delta,BC,CAN,CAN,69,175,2013,WPG,2,13,43
2016,Nicholas Baptiste,BUF,R,28,1995-08-04,Ottawa,ON,CAN,CAN,73,205,2013,BUF,3,8,69
2016,Nick Bjugstad,FLA,C,31,1992-07-17,Minneapolis,MN,USA,USA,78,209,2010,FLA,1,19,19
2016,Nick Bonino,PIT,C,35,1988-04-20,Hartford,CT,USA,USA,73,195,2007,S.J,6,22,173
2016,Nick Cousins,PHI,C,30,1993-07-20,Belleville,ON,CAN,CAN,71,192,2011,PHI,3,7,68
2016,Nick Foligno,CBJ,L,36,1987-10-31,Buffalo,NY,USA,USA,72,210,2006,OTT,1,28,28
2016,Nick Holden,NYR,D,36,1987-05-15,St. Albert,AB,CAN,CAN,76,210,-,-,-,-,-
2016,Nick Jensen,DET,D,33,1990-09-21,St. Paul,MN,USA,USA,73,205,2009,DET,5,29,150
2016,Nick Lappin,N.J,R,31,1992-11-01,Geneva,IL,USA,USA,73,175,-,-,-,-,-
2016,Nick Leddy,NYI,D,33,1991-03-20,Eden Prairie,MN,USA,USA,72,205,2009,MIN,1,16,16
2016,Nick Paul,OTT,L,29,1995-03-20,Mississauga,ON,CAN,CAN,75,223,2013,DAL,4,10,101
2016,Nick Ritchie,ANA,L,28,1995-12-05,Orangeville,ON,CAN,CAN,75,236,2014,ANA,1,10,10
2016,Nick Schmaltz,CHI,C,28,1996-02-23,Madison,WI,USA,USA,72,181,2014,CHI,1,20,20
2016,Nick Schultz,PHI,D,41,1982-08-25,Strasbourg,SK,CAN,CAN,73,203,2000,MIN,2,3,33
2016,Nick Shore,L.A,C,31,1992-09-26,Denver,CO,USA,USA,73,198,2011,L.A,3,21,82
2016,Nick Sorensen,ANA,R,29,1994-10-23,Farevejle,DNK,DNK,73,182,2013,ANA,2,15,45,
2016,Nicklas Backstrom,WSH,C,36,1987-11-23,Gävle,SWE,SWE,73,202,2006,WSH,1,4,4,
2016,Nicklas Grossmann,CGY,D,39,1985-01-22,Stockholm,SWE,SWE,76,230,2004,DAL,2,26,56,
2016,Nicklas Jensen,NYR,R,31,1993-03-06,Herning,DNK,DNK,75,216,2011,VAN,1,29,29,
2016,Nicolas Deslauriers,BUF,L,33,1991-02-22,LaSalle,QC,CAN,CAN,73,220,2009,L.A,3,23,84
2016,Nicolas Kerdiles,ANA,L,30,1994-01-11,Lewisville,TX,USA,USA,74,200,2012,ANA,2,6,36
2016,Nikita Kucherov,T.B,R,30,1993-06-17,Maykop,RUS,RUS,71,181,2011,T.B,2,28,58,
2016,Nikita Nesterov,"MTL, T.B",D,30,1993-03-28,Chelyabinsk,RUS,RUS,71,191,2011,T.B,5,27,148,
2016,Nikita Scherbak,MTL,R,28,1995-12-30,Moscow,RUS,RUS,74,192,2014,MTL,1,26,26,
2016,Nikita Soshnikov,TOR,R,30,1993-10-14,Nizhny Tagil,RUS,RUS,71,190,-,-,-,-,-,
2016,Nikita Tryamkin,VAN,D,29,1994-08-30,Yekaterinburg,RUS,RUS,79,265,2014,VAN,3,6,66,
2016,Nikita Zadorov,COL,D,28,1995-04-16,Moscow,RUS,RUS,78,248,2013,BUF,1,16,16,
2016,Nikita Zaitsev,TOR,D,32,1991-10-29,Moscow,RUS,RUS,74,192,-,-,-,-,-,
2016,Niklas Hjalmarsson,CHI,D,36,1987-06-06,Eksjo,SWE,SWE,75,197,2005,CHI,4,17,108,
2016,Niklas Kronwall,DET,D,43,1981-01-12,Stockholm,SWE,SWE,72,194,2000,DET,1,29,29,
2016,Nikolaj Ehlers,WPG,L,28,1996-02-14,Aalborg,DNK,DNK,72,169,2014,WPG,1,9,9,
2016,Nikolay Goldobin,"S.J, VAN",R,28,1995-10-07,Moscow,RUS,RUS,71,196,2014,S.J,1,27,27,
2016,Nikolay Kulemin,NYI,L,37,1986-07-14,Magnitogorsk,RUS,RUS,73,228,2006,TOR,2,14,44,
2016,Nino Niederreiter,MIN,R,31,1992-09-08,Chur,CHE,CHE,74,218,2010,NYI,1,5,5,
2016,Noah Hanifin,CAR,D,27,1997-01-25,Boston,MA,USA,USA,75,207,2015,CAR,1,5,5
2016,Noel Acciari,BOS,C,32,1991-12-01,Johnston,RI,USA,USA,70,209,-,-,-,-,-
2016,Oliver Bjorkstrand,CBJ,R,28,1995-04-10,Herning,DNK,DNK,72,175,2013,CBJ,3,28,89,
2016,Oliver Ekman-Larsson,ARI,D,32,1991-07-17,Karlskrona,SWE,SWE,74,200,2009,PHX,1,6,6,
2016,Olli Maatta,PIT,D,29,1994-08-22,Jyväskylä,FIN,FIN,74,207,2012,PIT,1,22,22,
2016,Ondrej Kase,ANA,R,28,1995-11-08,Kadan,CZE,CZE,72,187,2014,ANA,7,25,205,
2016,Ondrej Palat,T.B,L,32,1991-03-28,Frydek-Mistek,CZE,CZE,72,194,2011,T.B,7,27,208,
2016,Oscar Klefbom,EDM,D,30,1993-07-20,Karlstad,SWE,SWE,75,216,2011,EDM,1,19,19,
2016,Oscar Lindberg,NYR,C,32,1991-10-29,Skellefteå,SWE,SWE,73,202,2010,PHX,2,27,57,
2016,Oskar Sundqvist,PIT,C,29,1994-03-23,Boden,SWE,SWE,75,220,2012,PIT,3,20,81,
2016,P.K. Subban,NSH,D,34,1989-05-13,Toronto,ON,CAN,CAN,72,210,2007,MTL,2,13,43
2016,PA Parenteau,"N.J, NSH",R,40,1983-03-24,Hull,QC,CAN,CAN,72,200,2001,ANA,9,5,264
2016,Patric Hornqvist,PIT,R,37,1987-01-01,Sollentuna,SWE,SWE,71,189,2005,NSH,7,36,230,
2016,Patrice Bergeron,BOS,C,38,1985-07-24,Ancienne-Lorette,QC,CAN,CAN,73,196,2003,BOS,2,15,45
2016,Patrick Brown,CAR,C,31,1992-05-29,Bloomfield Hills,MI,USA,USA,73,210,-,-,-,-,-
2016,Patrick Cannone,MIN,C,37,1986-08-09,Bayport,NY,USA,USA,71,199,-,-,-,-,-
2016,Patrick Eaves,"ANA, DAL",R,39,1984-05-01,Calgary,AB,CAN,USA,70,203,2003,OTT,1,29,29
2016,Patrick Kane,CHI,R,35,1988-11-19,Buffalo,NY,USA,USA,70,177,2007,CHI,1,1,1
2016,Patrick Marleau,S.J,L,44,1979-09-15,Aneroid,SK,CAN,CAN,74,215,1997,S.J,1,2,2
2016,Patrick Maroon,EDM,L,35,1988-04-23,St. Louis,MO,USA,USA,75,234,2007,PHI,6,10,161
2016,Patrick Sharp,DAL,L,42,1981-12-27,Winnipeg,MB,CAN,CAN,73,200,2001,PHI,3,32,95
2016,Patrick Wiercioch,COL,D,33,1990-09-12,Burnaby,BC,CAN,CAN,77,202,2008,OTT,2,12,42
2016,Patrik Berglund,STL,C,35,1988-06-02,Västerås,SWE,SWE,76,215,2006,STL,1,25,25,
2016,Patrik Laine,WPG,R,25,1998-04-19,Tampere,FIN,FIN,77,205,2016,WPG,1,2,2,
2016,Patrik Nemeth,DAL,D,32,1992-02-08,Stockholm,SWE,SWE,76,230,2010,DAL,2,11,41,
2016,Paul Byron,MTL,L,34,1989-04-27,Ottawa,ON,CAN,CAN,69,164,2007,BUF,6,28,179
2016,Paul Carey,WSH,C,35,1988-09-24,Boston,MA,USA,USA,73,200,2007,COL,5,14,135
2016,Paul LaDue,L.A,D,31,1992-09-06,Grand Forks,ND,USA,USA,75,205,2012,L.A,6,30,181
2016,Paul Martin,S.J,D,43,1981-03-05,Minneapolis,MN,USA,USA,73,200,2000,N.J,2,32,62
2016,Paul Postma,WPG,D,35,1989-02-22,Red Deer,AB,CAN,CAN,75,195,2007,ATL,7,24,205
2016,Paul Stastny,STL,C,38,1985-12-27,Quebec City,QC,CAN,USA,72,193,2005,COL,2,14,44
2016,Paul Thompson,FLA,R,35,1988-11-30,Methuen,MA,USA,USA,73,200,-,-,-,-,-
2016,Pavel Buchnevich,NYR,"L, R",28,1995-04-17,Cherepovets,RUS,RUS,73,196,2013,NYR,3,14,75,
2016,Pavel Zacha,N.J,C,26,1997-04-06,Brno,CZE,CZE,76,199,2015,N.J,1,6,6,
2016,Peter Cehlarik,BOS,L,28,1995-08-02,Zilina,SVK,SVK,74,202,2013,BOS,3,29,90,
2016,Peter Holland,"ARI, TOR",C,33,1991-01-14,Toronto,ON,CAN,CAN,74,193,2009,ANA,1,15,15
2016,Petter Granberg,NSH,D,31,1992-08-27,Gallivare,SWE,SWE,75,200,2010,TOR,4,26,116,
2016,Petteri Lindbohm,STL,D,30,1993-09-23,Helsinki,FIN,FIN,75,198,2012,STL,6,25,176,
2016,Phil Kessel,PIT,"C, R",36,1987-10-02,Madison,WI,USA,USA,71,208,2006,BOS,1,5,5
2016,Phil Varone,OTT,C,33,1990-12-04,Vaughan,ON,CAN,CAN,70,193,2009,S.J,5,26,147
2016,Philip Larsen,VAN,D,34,1989-12-07,Esbjerg,DNK,DNK,73,185,2008,DAL,5,28,149,
2016,Phillip Danault,MTL,L,31,1993-02-24,Victoriaville,QC,CAN,CAN,73,200,2011,CHI,1,26,26
2016,Phillip Di Giuseppe,CAR,L,30,1993-10-09,Toronto,ON,CAN,CAN,72,193,2012,CAR,2,8,38
2016,Pierre-Edouard Bellemare,PHI,L,39,1985-03-06,Le Blanc-Mesnil,FRA,FRA,71,198,-,-,-,-,-,
2016,Pontus Aberg,NSH,L,30,1993-09-23,Stockholm,SWE,SWE,71,194,2012,NSH,2,7,37,
2016,Quinton Howden,WPG,C,32,1992-01-21,Winnipeg,MB,CAN,CAN,74,189,2010,FLA,1,25,25
2016,Radek Faksa,DAL,C,30,1994-01-09,Vitkov,CZE,CZE,75,225,2012,DAL,1,13,13,
2016,Radim Vrbata,ARI,R,42,1981-06-13,Mlada Boleslav,CZE,CZE,73,194,1999,COL,7,26,212,
2016,Radko Gudas,PHI,D,33,1990-06-05,Prague,CZE,CZE,72,208,2010,T.B,3,6,66,
2016,Rasmus Andersson,CGY,D,27,1996-10-27,Malmö,SWE,SWE,73,202,2015,CGY,2,23,53,
2016,Rasmus Ristolainen,BUF,D,29,1994-10-27,Turku,FIN,FIN,76,221,2013,BUF,1,8,8,
2016,Reid Boucher,"N.J, NSH, VAN",C,30,1993-09-08,Lansing,MI,USA,USA,70,195,2011,N.J,4,8,99
2016,Reilly Smith,FLA,R,32,1991-04-01,Toronto,ON,CAN,CAN,73,185,2009,DAL,3,8,69
2016,Remi Elie,DAL,L,28,1995-04-16,Cornwall,ON,CAN,CAN,73,215,2013,DAL,2,10,40
2016,Rene Bourque,COL,R,42,1981-12-10,Lac La Biche,AB,CAN,CAN,74,217,-,-,-,-,-
2016,Richard Panik,CHI,R,33,1991-02-07,Martin,SVK,SVK,73,203,2009,T.B,2,22,52,
2016,Rick Nash,NYR,"L, R",39,1984-06-16,Brampton,ON,CAN,CAN,76,211,2002,CBJ,1,1,1
2016,Rickard Rakell,ANA,"C, R",30,1993-05-05,Sundbyberg,SWE,SWE,73,195,2011,ANA,1,30,30,
2016,Riley Barber,WSH,R,30,1994-02-07,Pittsburgh,PA,USA,USA,72,199,2012,WSH,6,16,167
2016,Riley Nash,BOS,C,34,1989-05-09,Consort,AB,CAN,CAN,74,188,2007,EDM,1,21,21
2016,Riley Sheahan,DET,C,32,1991-12-07,St. Catharines,ON,CAN,CAN,74,214,2010,DET,1,21,21
2016,Rob O'Gara,BOS,D,30,1993-07-06,Massapequa,NY,USA,USA,76,214,2011,BOS,5,30,151
2016,Robbie Russo,DET,D,31,1993-02-15,Westmont,IL,USA,USA,72,190,2011,NYI,4,4,95
2016,Robby Fabbri,STL,C,28,1996-01-22,Mississauga,ON,CAN,CAN,71,185,2014,STL,1,21,21
2016,Robert Bortuzzo,STL,D,35,1989-03-18,Thunder Bay,ON,CAN,CAN,76,216,2007,PIT,3,17,78
2016,Robert Hagg,PHI,D,29,1995-02-08,Uppsala,SWE,SWE,74,210,2013,PHI,2,11,41,
2016,Rocco Grimaldi,COL,C,31,1993-02-08,Anaheim,CA,USA,USA,66,180,2011,FLA,2,3,33
2016,Roman Josi,NSH,D,33,1990-06-01,Bern,CHE,CHE,73,201,2008,NSH,2,8,38,
2016,Roman Lyubimov,PHI,L,32,1992-01-06,Tver,RUS,RUS,74,207,-,-,-,-,-,
2016,Roman Polak,TOR,D,37,1986-04-28,Ostrava,CZE,CZE,74,240,2004,STL,6,17,180,
2016,Ron Hainsey,"CAR, PIT",D,42,1981-03-24,Bolton,CT,USA,USA,75,201,2000,MTL,1,13,13
2016,Ryan Callahan,T.B,R,39,1985-03-21,Rochester,NY,USA,USA,70,187,2004,NYR,4,29,127
2016,Ryan Carpenter,S.J,C,33,1991-01-18,Oviedo,FL,USA,USA,73,198,-,-,-,-,-
2016,Ryan Dzingel,OTT,"C, L",32,1992-03-09,Wheaton,IL,USA,USA,72,190,2011,OTT,7,23,204
2016,Ryan Ellis,NSH,D,33,1991-01-03,Hamilton,ON,CAN,CAN,70,180,2009,NSH,1,11,11
2016,Ryan Garbutt,ANA,C,38,1985-08-12,Edmonton,AB,CAN,CAN,72,195,-,-,-,-,-
2016,Ryan Getzlaf,ANA,C,38,1985-05-10,Regina,SK,CAN,CAN,76,220,2003,ANA,1,19,19
2016,Ryan Hartman,CHI,"L, R",29,1994-09-20,Hilton Head Isl.,SC,USA,USA,72,197,2013,CHI,1,30,30
2016,Ryan Johansen,NSH,C,31,1992-07-31,Vancouver,BC,CAN,CAN,75,218,2010,CBJ,1,4,4
2016,Ryan Johnston,MTL,D,32,1992-02-14,Sudbury,ON,CAN,CAN,70,180,-,-,-,-,-
2016,Ryan Kesler,ANA,C,39,1984-08-31,Livonia,MI,USA,USA,74,206,2003,VAN,1,23,23
2016,Ryan McDonagh,NYR,D,34,1989-06-13,St. Paul,MN,USA,USA,73,215,2007,MTL,1,12,12
2016,Ryan Murphy,CAR,D,30,1993-03-31,Aurora,ON,CAN,CAN,71,175,2011,CAR,1,12,12
2016,Ryan Murray,CBJ,D,30,1993-09-27,Regina,SK,CAN,CAN,73,206,2012,CBJ,1,2,2
2016,Ryan Nugent-Hopkins,EDM,C,30,1993-04-12,Burnaby,BC,CAN,CAN,72,195,2011,EDM,1,1,1
2016,Ryan O'Reilly,BUF,C,33,1991-02-07,Clinton,ON,CAN,CAN,73,207,2009,COL,2,3,33
2016,Ryan Pulock,NYI,D,29,1994-10-06,Dauphin,MB,CAN,CAN,74,216,2013,NYI,1,15,15
2016,Ryan Reaves,STL,R,37,1987-01-20,Winnipeg,MB,CAN,CAN,74,225,2005,STL,5,31,156
2016,Ryan Spooner,BOS,C,32,1992-01-30,Ottawa,ON,CAN,CAN,70,191,2010,BOS,2,15,45
2016,Ryan Sproul,DET,D,31,1993-01-13,Mississauga,ON,CAN,CAN,76,205,2011,DET,2,25,55
2016,Ryan Strome,NYI,R,30,1993-07-11,Mississauga,ON,CAN,CAN,73,191,2011,NYI,1,5,5
2016,Ryan Suter,MIN,D,39,1985-01-21,Madison,WI,USA,USA,73,205,2003,NSH,1,7,7
2016,Ryan White,"ARI, MIN",C,36,1988-03-17,Brandon,MB,CAN,CAN,72,200,2006,MTL,3,3,66
2016,Sam Bennett,CGY,C,27,1996-06-20,Holland Landing,ON,CAN,CAN,73,195,2014,CGY,1,4,4
2016,Sam Gagner,CBJ,C,34,1989-08-10,London,ON,CAN,CAN,71,201,2007,EDM,1,6,6
2016,Sam Reinhart,BUF,C,28,1995-11-06,West Vancouver,BC,CAN,CAN,74,193,2014,BUF,1,2,2
2016,Sami Vatanen,ANA,D,32,1991-06-03,Jyväskylä,FIN,FIN,70,185,2009,ANA,4,15,106,
2016,Samuel Henley,COL,C,30,1993-07-25,Val-d'Or,QC,CAN,CAN,76,210,-,-,-,-,-
2016,Samuel Morin,PHI,D,28,1995-07-12,Lac-Beauport,QC,CAN,CAN,78,202,2013,PHI,1,11,11
2016,Scott Harrington,CBJ,D,31,1993-03-10,Kingston,ON,CAN,CAN,74,204,2011,PIT,2,24,54
2016,Scott Hartnell,CBJ,L,41,1982-04-18,Regina,SK,CAN,CAN,74,215,2000,NSH,1,6,6
2016,Scott Laughton,PHI,C,29,1994-05-30,Oakville,ON,CAN,CAN,73,190,2012,PHI,1,20,20
2016,Scott Mayfield,NYI,D,31,1992-10-14,St. Louis,MO,USA,USA,77,220,2011,NYI,2,4,34
2016,Scott Wilson,PIT,"C, L",31,1992-04-24,Oakville,ON,CAN,CAN,71,177,2011,PIT,7,28,209
2016,Scottie Upshall,STL,R,40,1983-10-07,Fort McMurray,AB,CAN,CAN,72,200,2002,NSH,1,6,6
2016,Sean Couturier,PHI,C,31,1992-12-07,Phoenix,AZ,USA,CAN,75,211,2011,PHI,1,8,8
2016,Sean Kuraly,BOS,C,31,1993-01-20,Dublin,OH,USA,USA,74,213,2011,S.J,5,12,133
2016,Sean Malone,BUF,C,28,1995-04-30,Buffalo,NY,USA,USA,72,197,2013,BUF,6,8,159
2016,Sean Monahan,CGY,C,29,1994-10-12,Brampton,ON,CAN,CAN,74,196,2013,CGY,1,6,6
2016,Sebastian Aho,CAR,R,26,1997-07-26,Rauma,FIN,FIN,72,176,2015,CAR,2,5,35,
2016,Sergey Kalinin,N.J,C,33,1991-03-17,Omsk,RUS,RUS,75,200,-,-,-,-,-,
2016,Sergey Tolchinsky,CAR,L,29,1995-02-03,Moscow,RUS,RUS,68,170,-,-,-,-,-,
2016,Seth Griffith,"FLA, TOR",C,31,1993-01-04,Wallaceburg,ON,CAN,CAN,69,190,2012,BOS,5,10,131
2016,Seth Helgeson,N.J,D,33,1990-10-08,Faribault,MN,USA,USA,76,219,2009,N.J,4,23,114
2016,Seth Jones,CBJ,D,29,1994-10-03,Arlington,TX,USA,USA,76,213,2013,NSH,1,4,4
2016,Shane Doan,ARI,R,47,1976-10-10,Halkirk,AB,CAN,CAN,73,223,1995,WIN,1,7,7
2016,Shane Harper,FLA,R,35,1989-02-01,Valencia,CA,USA,USA,71,193,-,-,-,-,-
2016,Shane Prince,NYI,L,31,1992-11-16,Rochester,NY,USA,USA,71,193,2011,OTT,2,31,61
2016,Shawn Matthias,WPG,L,36,1988-02-19,Mississauga,ON,CAN,CAN,76,231,2006,DET,2,17,47
2016,Shawn Thornton,FLA,L,46,1977-07-23,Oshawa,ON,CAN,CAN,74,217,1997,TOR,7,29,190
2016,Shayne Gostisbehere,PHI,D,30,1993-04-20,Pembroke Pines,FL,USA,USA,71,180,2012,PHI,3,17,78
2016,Shea Theodore,ANA,D,28,1995-08-03,Langley,BC,CAN,CAN,74,197,2013,ANA,1,26,26
2016,Shea Weber,MTL,D,38,1985-08-14,Sicamous,BC,CAN,CAN,76,230,2003,NSH,2,19,49
2016,Sidney Crosby,PIT,C,36,1987-08-07,Cole Harbour,NS,CAN,CAN,71,200,2005,PIT,1,1,1
2016,Simon Despres,ANA,D,32,1991-07-27,Laval,QC,CAN,CAN,76,218,2009,PIT,1,30,30
2016,Slater Koekkoek,T.B,D,30,1994-02-18,Winchester,ON,CAN,CAN,74,193,2012,T.B,1,10,10
2016,Sonny Milano,CBJ,L,27,1996-05-12,Massapequa,NY,USA,USA,72,194,2014,CBJ,1,16,16
2016,Spencer Abbott,CHI,L,35,1988-04-30,Hamilton,ON,CAN,CAN,69,170,-,-,-,-,-
2016,Stefan Noesen,"ANA, N.J",R,31,1993-02-12,Plano,TX,USA,USA,73,205,2011,OTT,1,21,21
2016,Stephen Gionta,NYI,R,40,1983-10-09,Rochester,NY,USA,USA,67,177,-,-,-,-,-
2016,Stephen Johns,DAL,D,31,1992-04-18,Ellwood City,PA,USA,USA,76,225,2010,CHI,2,30,60
2016,Steve Oleksy,PIT,D,38,1986-02-04,Chesterfield,MI,USA,USA,72,188,-,-,-,-,-
2016,Steve Ott,"DET, MTL",C,41,1982-08-19,Summerside,PE,CAN,CAN,72,193,2000,DAL,1,25,25
2016,Steven Kampfer,"FLA, NYR",D,35,1988-09-24,Ann Arbor,MI,USA,USA,71,198,2007,ANA,4,2,93
2016,Steven Santini,N.J,D,29,1995-03-07,Bronxville,NY,USA,USA,74,209,2013,N.J,2,12,42
2016,Steven Stamkos,T.B,C,34,1990-02-07,Markham,ON,CAN,CAN,72,182,2008,T.B,1,1,1
2016,Sven Andrighetto,"COL, MTL",R,31,1993-03-21,Zurich,CHE,CHE,70,188,2013,MTL,3,25,86,
2016,Sven Baertschi,VAN,L,31,1992-10-05,Bern,CHE,CHE,71,190,2011,CGY,1,13,13,
2016,T.J. Oshie,WSH,R,37,1986-12-23,Everett,WA,USA,USA,72,187,2005,STL,1,24,24
2016,TJ Brodie,CGY,D,33,1990-06-07,Chatham,ON,CAN,CAN,74,187,2008,CGY,4,23,114
2016,TJ Tynan,CBJ,C,32,1992-02-25,Orland Park,IL,USA,USA,68,165,2011,CBJ,3,5,66
2016,Tanner Glass,NYR,L,40,1983-11-29,Regina,SK,CAN,CAN,73,213,2003,FLA,9,4,265
2016,Tanner Kero,CHI,C,31,1992-07-24,Hancock,MI,USA,USA,72,185,-,-,-,-,-
2016,Tanner Pearson,L.A,L,31,1992-08-10,Kitchener,ON,CAN,CAN,73,201,2012,L.A,1,30,30
2016,Tanner Richard,T.B,C,30,1993-04-06,Markham,ON,CAN,CAN,72,192,2012,T.B,3,10,71
2016,Taylor Beck,"EDM, NYR",L,32,1991-05-13,St. Catharines,ON,CAN,CAN,74,203,2009,NSH,3,9,70
2016,Taylor Chorney,WSH,D,36,1987-04-27,Thunder Bay,ON,CAN,USA,72,193,2005,EDM,2,6,36
2016,Taylor Fedun,BUF,D,35,1988-06-04,Edmonton,AB,CAN,CAN,73,200,-,-,-,-,-
2016,Taylor Hall,N.J,L,32,1991-11-14,Calgary,AB,CAN,CAN,73,210,2010,EDM,1,1,1
2016,Taylor Leier,PHI,L,30,1994-02-15,Saskatoon,SK,CAN,CAN,71,180,2012,PHI,4,26,117
2016,Teddy Purcell,L.A,"L, R",38,1985-09-08,St. John's,NL,CAN,CAN,74,195,-,-,-,-,-
2016,Teemu Pulkkinen,"ARI, MIN",L,32,1992-01-02,Vantaa,FIN,FIN,70,185,2010,DET,4,21,111,
2016,Teuvo Teravainen,CAR,L,29,1994-09-11,Helsinki,FIN,FIN,71,191,2012,CHI,1,18,18,
2016,Thomas Chabot,OTT,D,27,1997-01-30,Sainte-Marie,QC,CAN,CAN,74,195,2015,OTT,1,18,18
2016,Thomas Hickey,NYI,D,35,1989-02-08,Calgary,AB,CAN,CAN,72,185,2007,L.A,1,4,4
2016,Thomas Vanek,"DET, FLA",L,40,1984-01-19,Vienna,AUT,AUT,74,214,2003,BUF,1,5,5,
2016,Tim Heed,S.J,D,33,1991-01-27,Gothenburg,SWE,SWE,72,180,2010,ANA,5,12,132,
2016,Tim Schaller,BOS,C,33,1990-11-16,Merrimack,NH,USA,USA,74,204,-,-,-,-,-
2016,Timo Meier,S.J,R,27,1996-10-08,Herisau,CHE,CHE,73,220,2015,S.J,1,9,9,
2016,Tobias Rieder,ARI,"C, R",31,1993-01-10,Landshut,DEU,DEU,71,189,2011,EDM,4,23,114,
2016,Toby Enstrom,WPG,D,39,1984-11-05,Nordingra,SWE,SWE,70,180,2003,ATL,8,10,239,
2016,Tom Gilbert,L.A,D,41,1983-01-10,Bloomington,MN,USA,USA,74,210,2002,COL,4,33,129
2016,Tom Kuhnhackl,PIT,R,32,1992-01-21,Landshut,DEU,DEU,74,196,2010,PIT,4,20,110,
2016,Tom Pyatt,OTT,"C, L",37,1987-02-14,Thunder Bay,ON,CAN,CAN,71,185,2005,NYR,4,16,107
2016,Tom Sestito,PIT,L,36,1987-09-28,Rome,NY,USA,USA,77,228,2006,CBJ,3,22,85
2016,Tom Wilson,WSH,R,29,1994-03-29,Toronto,ON,CAN,CAN,76,220,2012,WSH,1,16,16
2016,Tomas Hertl,S.J,C,30,1993-11-12,Praha,CZE,CZE,75,215,2012,S.J,1,17,17,
2016,Tomas Jurco,"CHI, DET",L,31,1992-12-28,Kosice,SVK,SVK,74,197,2011,DET,2,5,35,
2016,Tomas Nosek,DET,L,31,1992-09-01,Pardubice,CZE,CZE,75,205,-,-,-,-,-,
2016,Tomas Plekanec,MTL,C,41,1982-10-31,Kladno,CZE,CZE,71,190,2001,MTL,3,8,71,
2016,Tomas Tatar,DET,L,33,1990-12-01,Ilava,SVK,SVK,70,173,2009,DET,2,30,60,
2016,Tommy Wingels,"OTT, S.J",C,35,1988-04-12,Evanston,IL,USA,USA,72,200,2008,S.J,6,26,177
2016,Torey Krug,BOS,D,32,1991-04-12,Livonia,MI,USA,USA,69,194,-,-,-,-,-
2016,Torrey Mitchell,MTL,C,39,1985-01-30,Greenfield Park,QC,CAN,CAN,71,186,2004,S.J,4,28,126
2016,Travis Hamonic,NYI,D,33,1990-08-16,St. Malo,MB,CAN,CAN,73,200,2008,NYI,2,23,53
2016,Travis Konecny,PHI,C,27,1997-03-11,London,ON,CAN,CAN,70,175,2015,PHI,1,24,24
2016,Travis Zajac,N.J,C,38,1985-05-13,Winnipeg,MB,CAN,CAN,74,185,2004,N.J,1,20,20
2016,Trevor Daley,PIT,D,40,1983-10-09,Toronto,ON,CAN,CAN,71,199,2002,DAL,2,13,43
2016,Trevor Lewis,L.A,C,37,1987-01-08,Salt Lake City,UT,USA,USA,73,201,2006,L.A,1,17,17
2016,Trevor Smith,NSH,C,39,1985-02-08,Ottawa,ON,CAN,CAN,73,195,-,-,-,-,-
2016,Trevor van Riemsdyk,CHI,D,32,1991-07-24,Middletown,NJ,USA,USA,75,191,-,-,-,-,-
2016,Troy Brouwer,CGY,R,38,1985-08-17,Vancouver,BC,CAN,CAN,75,213,2004,CHI,7,21,214
2016,Troy Stecher,VAN,D,29,1994-04-07,Richmond,BC,CAN,CAN,70,184,-,-,-,-,-
2016,Ty Rattie,"CAR, STL",R,31,1993-02-05,Calgary,AB,CAN,CAN,71,183,2011,STL,2,2,32
2016,Tyler Bertuzzi,DET,L,29,1995-02-24,Sudbury,ON,CAN,CAN,73,186,2013,DET,2,28,58
2016,Tyler Bozak,TOR,C,38,1986-03-19,Regina,SK,CAN,CAN,73,187,-,-,-,-,-
2016,Tyler Ennis,BUF,L,34,1989-10-06,Edmonton,AB,CAN,CAN,69,160,2008,BUF,1,26,26
2016,Tyler Gaudet,ARI,C,30,1993-04-04,Hamilton,ON,CAN,CAN,75,217,-,-,-,-,-
2016,Tyler Graovac,MIN,C,30,1993-04-27,Brampton,ON,CAN,CAN,77,208,2011,MIN,7,10,191
2016,Tyler Johnson,T.B,C,33,1990-07-29,Spokane,WA,USA,USA,68,185,-,-,-,-,-
2016,Tyler Motte,CHI,"C, L",29,1995-03-10,St. Clair,MI,USA,USA,70,192,2013,CHI,4,30,121
2016,Tyler Myers,WPG,D,34,1990-02-01,Houston,TX,USA,CAN,80,229,2008,BUF,1,12,12
2016,Tyler Pitlick,EDM,R,32,1991-11-01,Minneapolis,MN,USA,USA,74,200,2010,EDM,2,1,31
2016,Tyler Seguin,DAL,C,32,1992-01-31,Brampton,ON,CAN,CAN,73,205,2010,BOS,1,2,2
2016,Tyler Toffoli,L.A,C,31,1992-04-24,Scarborough,ON,CAN,CAN,72,203,2010,L.A,2,17,47
2016,Tyler Wotherspoon,CGY,D,31,1993-03-12,Burnaby,BC,CAN,CAN,74,207,2011,CGY,2,27,57
2016,Tyson Barrie,COL,D,32,1991-07-26,Victoria,BC,CAN,CAN,71,197,2009,COL,3,3,64
2016,Tyson Jost,COL,C,26,1998-03-14,St. Albert,AB,CAN,CAN,71,187,2016,COL,1,10,10
2016,Valentin Zykov,CAR,L,28,1995-05-15,St. Petersburg,RUS,RUS,73,220,2013,L.A,2,7,37,
2016,Valtteri Filppula,"PHI, T.B",C,40,1984-03-20,Vantaa,FIN,FIN,72,189,2002,DET,3,32,95,
2016,Vernon Fiddler,"N.J, NSH","C, L",43,1980-05-09,Edmonton,AB,CAN,CAN,71,205,-,-,-,-,-
2016,Victor Hedman,T.B,D,33,1990-12-18,Ornskoldsvik,SWE,SWE,79,244,2009,T.B,1,2,2,
2016,Victor Rask,CAR,C,31,1993-03-01,Leksand,SWE,SWE,74,199,2011,CAR,2,12,42,
2016,Viktor Arvidsson,NSH,L,30,1993-04-08,Skellefteå,SWE,SWE,70,185,2014,NSH,4,22,112,
2016,Viktor Stalberg,"CAR, OTT",L,38,1986-01-17,Gothenburg,SWE,SWE,75,209,2006,TOR,6,8,161,
2016,Vincent Trocheck,FLA,C,30,1993-07-11,Pittsburgh,PA,USA,USA,71,184,2011,FLA,3,3,64
2016,Vinnie Hinostroza,CHI,"C, L",29,1994-04-03,Chicago,IL,USA,USA,70,183,2012,CHI,6,18,169
2016,Vladimir Sobotka,STL,L,36,1987-07-02,Trebic,CZE,CZE,70,191,2005,BOS,4,15,106,
2016,Vladimir Tarasenko,STL,R,32,1991-12-13,Yaroslavl,RUS,RUS,73,228,2010,STL,1,16,16,
2016,Vladislav Kamenev,NSH,L,27,1996-08-12,Orsk,RUS,RUS,74,194,2014,NSH,2,12,42,
2016,Vladislav Namestnikov,T.B,C,31,1992-11-22,Zhukovskiy,RUS,RUS,72,179,2011,T.B,1,27,27,
2016,Wade Megan,STL,C,33,1990-07-22,Canton,NY,USA,USA,73,191,2009,FLA,5,17,138
2016,Wayne Simmonds,PHI,R,35,1988-08-26,Scarborough,ON,CAN,CAN,74,184,2007,L.A,2,31,61
2016,William Carrier,BUF,L,29,1994-12-20,LaSalle,QC,CAN,CAN,74,218,2013,STL,2,27,57
2016,William Karlsson,CBJ,C,31,1993-01-08,Marsta,SWE,SWE,72,190,2011,ANA,2,23,53,
2016,William Nylander,TOR,C,27,1996-05-01,Calgary,AB,CAN,SWE,72,204,2014,TOR,1,8,8
2016,Xavier Ouellet,DET,D,30,1993-07-29,Bayonne,FRA,FRA,72,197,2011,DET,2,18,48,
2016,Yanni Gourde,T.B,C,32,1991-12-15,Saint-Narcisse,QC,CAN,CAN,69,174,-,-,-,-,-
2016,Yannick Weber,NSH,D,35,1988-09-23,Morges,CHE,CHE,71,200,2007,MTL,3,12,73,
2016,Yohann Auvitu,N.J,D,34,1989-07-27,Ivry-sur-Seine,FRA,FRA,71,187,-,-,-,-,-,
2016,Zac Dalpe,MIN,C,34,1989-11-01,Paris,ON,CAN,CAN,74,197,2008,CAR,2,15,45
2016,Zach Bogosian,BUF,D,33,1990-07-15,Massena,NY,USA,USA,74,222,2008,ATL,1,3,3
2016,Zach Hyman,TOR,C,31,1992-06-09,Toronto,ON,CAN,CAN,73,211,2010,FLA,5,3,123
2016,Zach Parise,MIN,L,39,1984-07-28,Minneapolis,MN,USA,USA,71,195,2003,N.J,1,17,17
2016,Zach Redmond,MTL,D,35,1988-07-26,Traverse City,MI,USA,USA,74,212,2008,ATL,7,3,184
2016,Zach Sanford,"STL, WSH",L,29,1994-11-09,Salem,MA,USA,USA,76,206,2013,WSH,2,31,61
2016,Zach Werenski,CBJ,D,26,1997-07-19,Grosse Pointe,MI,USA,USA,74,213,2015,CBJ,1,8,8
2016,Zack Kassian,EDM,R,33,1991-01-24,Windsor,ON,CAN,CAN,75,211,2009,BUF,1,13,13
2016,Zack Mitchell,MIN,R,31,1993-01-07,Orangeville,ON,CAN,CAN,73,188,-,-,-,-,-
2016,Zack Smith,OTT,C,35,1988-04-05,Maple Creek,SK,CAN,CAN,74,208,2008,OTT,3,18,79
2016,Zbynek Michalek,ARI,D,41,1982-12-23,Jindrichuv Hradec,CZE,CZE,74,210,-,-,-,-,-,
2016,Zdeno Chara,BOS,D,47,1977-03-18,Trencin,SVK,SVK,81,250,1996,NYI,3,4,56,
2016,Zemgus Girgensons,BUF,C,30,1994-01-05,Riga,LVA,LVA,74,200,2012,BUF,1,14,14,
