Year,Player,Team,Position,Age,Date of Birth,Birth City,Birth State/Province,Birth Country,Nationality,Height (in),Weight (lbs),Draft Year,Draft Team,Draft Round,Round Pick,Overall Draft Position
2014,Aaron Ekblad,FLA,D,28,1996-02-07,Windsor,ON,CAN,CAN,76,215,2014,FLA,1,1,1
2014,Aaron Volpatti,WSH,L,38,1985-05-30,Revelstoke,BC,CAN,CAN,72,215,-,-,-,-,-
2014,Adam Burish,S.J,R,41,1983-01-06,Madison,WI,USA,USA,73,195,2002,CHI,9,22,282
2014,Adam Clendening,"CHI, VAN",D,31,1992-10-26,Niagara Falls,NY,USA,USA,72,194,2011,CHI,2,6,36
2014,Adam Cracknell,CBJ,R,38,1985-07-15,Prince Albert,SK,CAN,CAN,74,209,2004,CGY,9,21,279
2014,Adam Henrique,N.J,C,34,1990-02-06,Brantford,ON,CAN,CAN,72,195,2008,N.J,3,21,82
2014,Adam Larsson,N.J,D,31,1992-11-12,Skellefteå,SWE,SWE,75,209,2011,N.J,1,4,4,
2014,Adam Lowry,WPG,C,30,1993-03-29,St. Louis,MO,USA,USA,78,208,2011,WPG,3,6,67
2014,Adam McQuaid,BOS,D,37,1986-10-12,Charlottetown,PE,CAN,CAN,76,210,2005,CBJ,2,25,55
2014,Adam Pardy,WPG,D,39,1984-03-29,Bonavista,NL,CAN,CAN,76,227,2004,CGY,6,10,173
2014,Alec Martinez,L.A,D,36,1987-07-26,Rochester Hills,MI,USA,USA,73,210,2007,L.A,4,4,95
2014,Aleksander Barkov,FLA,C,28,1995-09-02,Tampere,FIN,FIN,75,215,2013,FLA,1,2,2,
2014,Ales Hemsky,DAL,R,40,1983-08-13,Pardubice,CZE,CZE,72,177,2001,EDM,1,13,13,
2014,Alex Biega,VAN,D,35,1988-04-04,Montreal,QC,CAN,CAN,70,195,2006,BUF,5,24,147
2014,Alex Chiasson,OTT,R,33,1990-10-01,Montreal,QC,CAN,CAN,76,208,2009,DAL,2,8,38
2014,Alex Galchenyuk,MTL,C,30,1994-02-12,Milwaukee,WI,USA,USA,73,194,2012,MTL,1,3,3
2014,Alex Goligoski,DAL,D,38,1985-07-30,Grand Rapids,MN,USA,USA,71,173,2004,PIT,2,31,61
2014,Alex Khokhlachev,BOS,C,30,1993-09-09,Moscow,RUS,RUS,70,181,2011,BOS,2,10,40,
2014,Alex Killorn,T.B,L,34,1989-09-14,Halifax,NS,CAN,CAN,73,194,2007,T.B,3,16,77
2014,Alex Ovechkin,WSH,L,38,1985-09-17,Moscow,RUS,RUS,75,238,2004,WSH,1,1,1,
2014,Alex Petrovic,FLA,D,32,1992-03-03,Edmonton,AB,CAN,CAN,76,220,2010,FLA,2,6,36
2014,Alex Pietrangelo,STL,D,34,1990-01-18,King City,ON,CAN,CAN,75,215,2008,STL,1,4,4
2014,Alex Tanguay,COL,L,44,1979-11-21,Ste-Justine,QC,CAN,CAN,73,194,1998,COL,1,12,12
2014,Alexander Edler,VAN,D,37,1986-04-21,Ostersund,SWE,SWE,76,210,2004,VAN,3,26,91,
2014,Alexander Semin,CAR,R,40,1984-03-03,Krasnojarsk,RUS,RUS,74,211,2002,WSH,1,13,13,
2014,Alexander Steen,STL,L,40,1984-03-01,Winnipeg,MB,CAN,SWE,72,211,2002,TOR,1,24,24
2014,Alexander Wennberg,CBJ,C,29,1994-09-22,Stockholm,SWE,SWE,74,190,2013,CBJ,1,14,14,
2014,Alexandre Bolduc,ARI,C,38,1985-06-26,Montreal,QC,CAN,CAN,75,200,2003,STL,4,26,127
2014,Alexandre Burrows,VAN,L,42,1981-04-11,Pincourt,QC,CAN,CAN,73,197,-,-,-,-,-
2014,Alexei Emelin,MTL,D,37,1986-04-25,Togliatti,RUS,RUS,74,218,2004,MTL,3,19,84,
2014,Alexey Marchenko,DET,D,32,1992-01-02,Moscow,RUS,RUS,75,210,2011,DET,7,24,205,
2014,Anders Lee,NYI,L,33,1990-07-03,Edina,MN,USA,USA,75,235,2009,NYI,6,1,152
2014,Andre Benoit,BUF,D,40,1984-01-06,St. Albert,ON,CAN,CAN,71,190,-,-,-,-,-
2014,Andre Burakovsky,WSH,L,29,1995-02-09,Klagenfurt,AUT,SWE,75,209,2013,WSH,1,23,23,
2014,Andrei Markov,MTL,D,45,1978-12-20,Voskresensk,RUS,RUS,72,200,1998,MTL,6,17,162,
2014,Andrej Meszaros,BUF,D,38,1985-10-13,Povaská Bystrica,SVK,SVK,74,223,2004,OTT,1,23,23,
2014,Andrej Nestrasil,"CAR, DET",C,33,1991-02-22,Prague,CZE,CZE,75,200,2009,DET,3,14,75,
2014,Andrej Sekera,"CAR, L.A",D,37,1986-06-08,Bojnice,SVK,SVK,72,200,2004,BUF,3,6,71,
2014,Andrej Sustr,T.B,D,33,1990-11-29,Plzen,CZE,CZE,79,217,-,-,-,-,-,
2014,Andrew Agozzino,COL,L,33,1991-01-03,Kleinburg,ON,CAN,CAN,70,187,-,-,-,-,-
2014,Andrew Campbell,ARI,D,36,1988-02-04,Caledonia,ON,CAN,CAN,76,205,2008,L.A,3,13,74
2014,Andrew Cogliano,ANA,L,36,1987-06-14,Toronto,ON,CAN,CAN,70,179,2005,EDM,1,25,25
2014,Andrew Copp,WPG,C,29,1994-07-08,Ann Arbor,MI,USA,USA,73,199,2013,WPG,4,13,104
2014,Andrew Desjardins,"CHI, S.J",L,37,1986-07-27,Lively,ON,CAN,CAN,73,195,-,-,-,-,-
2014,Andrew Ebbett,PIT,C,41,1983-01-02,Vernon,BC,CAN,CAN,69,174,-,-,-,-,-
2014,Andrew Ference,EDM,D,45,1979-03-17,Edmonton,AB,CAN,CAN,71,182,1997,PIT,8,18,208
2014,Andrew Ladd,WPG,L,38,1985-12-12,Maple Ridge,BC,CAN,CAN,75,205,2004,CAR,1,4,4
2014,Andrew MacDonald,PHI,D,37,1986-09-07,Judique,NS,CAN,CAN,73,204,2006,NYI,6,7,160
2014,Andrew MacWilliam,TOR,D,33,1990-03-25,Calgary,AB,CAN,CAN,74,223,2008,TOR,7,7,188
2014,Andrew Miller,EDM,C,35,1988-09-18,Bloomfield Hills,MI,USA,USA,70,181,-,-,-,-,-
2014,Andrew Shaw,CHI,C,32,1991-07-20,Belleville,ON,CAN,CAN,71,182,2011,CHI,5,18,139
2014,Andy Andreoff,L.A,L,32,1991-05-17,Pickering,ON,CAN,CAN,73,208,2011,L.A,3,19,80
2014,Andy Greene,N.J,D,41,1982-10-30,Trenton,MI,USA,USA,71,190,-,-,-,-,-
2014,Anthony Bitetto,NSH,D,33,1990-07-15,Island Park,NY,USA,USA,73,222,2010,NSH,6,18,168
2014,Anthony Duclair,NYR,L,28,1995-08-26,Pointe-Claire,QC,CAN,CAN,71,197,2013,NYR,3,19,80
2014,Anthony Peluso,WPG,R,34,1989-04-18,North York,ON,CAN,CAN,75,225,2007,STL,6,9,160
2014,Antoine Roussel,DAL,L,34,1989-11-21,Roubaix,FRA,FRA,71,200,-,-,-,-,-,
2014,Antoine Vermette,"ARI, CHI",C,41,1982-07-20,St. Agapit,QC,CAN,CAN,73,197,2000,OTT,2,25,55
2014,Anton Lander,EDM,C,32,1991-04-24,Sundsvall,SWE,SWE,72,184,2009,EDM,2,10,40,
2014,Anton Stralman,T.B,D,37,1986-08-01,Tibro,SWE,SWE,71,193,2005,TOR,7,22,216,
2014,Anton Volchenkov,NSH,D,42,1982-02-25,Moscow,RUS,RUS,73,220,2000,OTT,1,21,21,
2014,Anze Kopitar,L.A,C,36,1987-08-24,Jesenice,SVN,SVN,75,225,2005,L.A,1,11,11,
2014,Artem Anisimov,CBJ,C,35,1988-05-24,Yaroslavl,RUS,RUS,76,199,2006,NYR,2,24,54,
2014,B.J. Crombeen,ARI,R,38,1985-07-10,Denver,CO,USA,USA,74,209,2003,DAL,2,24,54
2014,Barclay Goodrow,S.J,R,31,1993-02-26,Toronto,ON,CAN,CAN,74,204,-,-,-,-,-
2014,Barret Jackman,STL,D,43,1981-03-05,Trail,BC,CAN,CAN,72,203,1999,STL,1,17,17
2014,Beau Bennett,PIT,R,32,1991-11-27,Gardena,CA,USA,USA,74,195,2010,PIT,1,20,20
2014,Ben Chiarot,WPG,D,32,1991-05-09,Hamilton,ON,CAN,CAN,75,232,2009,ATL,4,29,120
2014,Ben Lovejoy,"ANA, PIT",D,40,1984-02-20,Concord,NH,USA,USA,73,205,-,-,-,-,-
2014,Ben Smith,"CHI, S.J",R,35,1988-07-11,Winston-Salem,NC,USA,USA,71,203,2008,CHI,6,18,169
2014,Ben Street,COL,C,37,1987-02-13,Coquitlam,BC,CAN,CAN,71,190,-,-,-,-,-
2014,Benoit Pouliot,EDM,L,37,1986-09-29,Alfred,ON,CAN,CAN,75,200,2005,MIN,1,4,4
2014,Blair Jones,PHI,C,37,1986-09-27,Central Butte,SK,CAN,CAN,74,216,2005,T.B,4,11,102
2014,Blake Comeau,PIT,L,38,1986-02-18,Meadow Lake,SK,CAN,CAN,73,200,2004,NYI,2,17,47
2014,Blake Wheeler,WPG,R,37,1986-08-31,Plymouth,MN,USA,USA,77,220,2004,PHX,1,5,5
2014,Bo Horvat,VAN,C,28,1995-04-05,London,ON,CAN,CAN,72,215,2013,VAN,1,9,9
2014,Bobby Farnham,PIT,R,35,1989-01-21,North Andover,MA,USA,USA,70,190,-,-,-,-,-
2014,Bobby Robins,BOS,R,42,1981-10-17,Rhinelander,WI,USA,USA,73,220,-,-,-,-,-
2014,Bobby Ryan,OTT,R,37,1987-03-17,Cherry Hill,NJ,USA,USA,74,208,2005,ANA,1,2,2
2014,Bogdan Yakimov,EDM,C,29,1994-10-04,Nizhnekamsk,RUS,RUS,77,188,2013,EDM,3,22,83,
2014,Boone Jenner,CBJ,C,30,1993-06-15,Dorchester,ON,CAN,CAN,74,203,2011,CBJ,2,7,37
2014,Borna Rendulic,COL,R,31,1992-03-25,Zagreb,HRV,HRV,74,200,-,-,-,-,-,
2014,Boyd Gordon,EDM,C,40,1983-10-19,Unity,SK,CAN,CAN,72,200,2002,WSH,1,17,17
2014,Brad Boyes,FLA,R,41,1982-04-17,Mississauga,ON,CAN,CAN,72,199,2000,TOR,1,24,24
2014,Brad Hunt,EDM,D,35,1988-08-24,Maple Ridge,BC,CAN,CAN,69,177,-,-,-,-,-
2014,Brad Malone,CAR,C,34,1989-05-20,Miramichi,NB,CAN,CAN,74,217,2007,COL,4,14,105
2014,Brad Marchand,BOS,L,35,1988-05-11,Halifax,NS,CAN,CAN,69,176,2006,BOS,3,8,71
2014,Brad Richards,CHI,C,43,1980-05-02,Murray Hbr.,PE,CAN,CAN,72,199,1998,T.B,3,6,64
2014,Brad Richardson,VAN,"C, R",39,1985-02-04,Belleville,ON,CAN,CAN,72,190,2003,COL,5,27,163
2014,Brad Stuart,COL,D,44,1979-11-06,Rocky Mountain House,AB,CAN,CAN,74,215,1998,S.J,1,3,3
2014,Brandon Bollig,CGY,L,37,1987-01-31,St. Charles,MO,USA,USA,74,220,-,-,-,-,-
2014,Brandon Davidson,EDM,D,32,1991-08-21,Taber,AB,CAN,CAN,74,204,2010,EDM,6,12,162
2014,Brandon DeFazio,VAN,L,35,1988-09-13,Etobicoke,ON,CAN,CAN,74,199,-,-,-,-,-
2014,Brandon Dubinsky,CBJ,C,37,1986-04-29,Anchorage,AK,USA,USA,74,208,2004,NYR,2,30,60
2014,Brandon Gormley,ARI,D,32,1992-02-18,Murray River,PE,CAN,CAN,74,188,2010,PHX,1,13,13
2014,Brandon Kozun,TOR,R,34,1990-03-08,Los Angeles,CA,USA,USA,68,167,2009,L.A,6,28,179
2014,Brandon Manning,PHI,D,33,1990-06-04,Prince George,BC,CAN,CAN,73,205,-,-,-,-,-
2014,Brandon McMillan,"ARI, VAN",L,34,1990-03-22,Richmond,BC,CAN,CAN,71,190,2008,ANA,3,24,85
2014,Brandon Pirri,FLA,R,32,1991-04-10,Toronto,ON,CAN,CAN,72,180,2009,CHI,2,29,59
2014,Brandon Prust,MTL,L,40,1984-03-16,London,ON,CAN,CAN,72,195,2004,CGY,3,5,70
2014,Brandon Saad,CHI,L,31,1992-10-27,Pittsburgh,PA,USA,USA,73,215,2011,CHI,2,13,43
2014,Brandon Sutter,PIT,C,35,1989-02-14,Huntington,NY,USA,CAN,75,190,2007,CAR,1,11,11
2014,Brayden McNabb,L.A,D,33,1991-01-21,Davidson,SK,CAN,CAN,76,215,2009,BUF,3,5,66
2014,Brayden Schenn,PHI,C,32,1991-08-22,Saskatoon,SK,CAN,CAN,73,199,2009,L.A,1,5,5
2014,Braydon Coburn,"PHI, T.B",D,39,1985-02-27,Shaunavon,SK,CAN,CAN,77,224,2003,ATL,1,8,8
2014,Brendan Gallagher,MTL,R,31,1992-05-06,Edmonton,AB,CAN,CAN,69,186,2010,MTL,5,27,147
2014,Brendan Ranford,DAL,L,31,1992-05-03,Edmonton,AB,CAN,CAN,70,188,2010,PHI,7,29,209
2014,Brendan Shinnimin,ARI,C,33,1991-01-07,Winnipeg,MB,CAN,CAN,70,185,-,-,-,-,-
2014,Brendan Smith,DET,D,35,1989-02-08,Mimico,ON,CAN,CAN,74,200,2007,DET,1,27,27
2014,Brendan Woods,CAR,L,31,1992-06-11,Humboldt,SK,CAN,CAN,76,210,2012,CAR,5,8,129
2014,Brenden Dillon,"DAL, S.J",D,33,1990-11-13,New Westminster,BC,CAN,CAN,76,224,-,-,-,-,-
2014,Brenden Morrow,T.B,L,45,1979-01-16,Carlyle,SK,CAN,CAN,71,212,1997,DAL,1,25,25
2014,Brent Burns,S.J,D,39,1985-03-09,Barrie,ON,CAN,CAN,77,230,2003,MIN,1,20,20
2014,Brent Seabrook,CHI,D,38,1985-04-20,Richmond,BC,CAN,CAN,75,220,2003,CHI,1,14,14
2014,Brett Bellemore,CAR,D,35,1988-06-25,Windsor,ON,CAN,CAN,76,225,2007,CAR,6,11,162
2014,Brett Connolly,"BOS, T.B",R,31,1992-05-02,Campbell River,BC,CAN,CAN,75,198,2010,T.B,1,6,6
2014,Brett Kulak,CGY,D,30,1994-01-06,Edmonton,AB,CAN,CAN,73,197,2012,CGY,4,14,105
2014,Brett Ritchie,DAL,R,30,1993-07-01,Orangeville,ON,CAN,CAN,76,215,2011,DAL,2,14,44
2014,Brett Sutter,MIN,L,36,1987-06-02,Viking,AB,CAN,CAN,72,200,2005,CGY,6,17,179
2014,Brian Boyle,T.B,C,39,1984-12-18,Hingham,MA,USA,USA,78,245,2003,L.A,1,26,26
2014,Brian Campbell,FLA,D,44,1979-05-23,Strathroy,ON,CAN,CAN,70,192,1997,BUF,6,22,156
2014,Brian Dumoulin,PIT,D,32,1991-09-06,Biddeford,ME,USA,USA,76,207,2009,CAR,2,21,51
2014,Brian Ferlin,BOS,R,31,1992-06-03,Jacksonville,FL,USA,USA,74,213,2011,BOS,4,30,121
2014,Brian Flynn,"BUF, MTL",C,35,1988-07-26,Lynnfield,MA,USA,USA,73,185,-,-,-,-,-
2014,Brian Gibbons,CBJ,C,36,1988-02-26,Braintree,MA,USA,USA,68,175,-,-,-,-,-
2014,Brian Gionta,BUF,R,45,1979-01-18,Rochester,NY,USA,USA,67,178,1998,N.J,3,24,82
2014,Brian Lashoff,DET,D,33,1990-07-16,Albany,NY,USA,USA,75,215,-,-,-,-,-
2014,Brian McGrattan,CGY,R,42,1981-09-02,Hamilton,ON,CAN,CAN,76,235,1999,L.A,4,8,104
2014,Brian Strait,NYI,D,36,1988-01-04,Waltham,MA,USA,USA,73,188,2006,PIT,3,2,65
2014,Brock Nelson,NYI,C,32,1991-10-15,Warroad,MN,USA,USA,76,210,2010,NYI,1,30,30
2014,Brody Sutter,CAR,C,32,1991-09-26,Viking,AB,CAN,CAN,77,203,2011,CAR,7,12,193
2014,Brooks Laich,WSH,C,40,1983-06-23,Wawota,SK,CAN,CAN,74,200,2001,OTT,6,28,193
2014,Brooks Orpik,WSH,D,43,1980-09-26,San Francisco,CA,USA,USA,75,217,2000,PIT,1,18,18
2014,Bryan Allen,"ANA, MTL",D,43,1980-08-21,Kingston,ON,CAN,CAN,77,223,1998,VAN,1,4,4
2014,Bryan Bickell,CHI,L,38,1986-03-09,Bowmanville,ON,CAN,CAN,76,223,2004,CHI,2,11,41
2014,Bryan Lerg,S.J,C,38,1986-01-20,Livonia,MI,USA,USA,70,175,-,-,-,-,-
2014,Bryan Little,WPG,C,36,1987-11-12,Edmonton,AB,CAN,CAN,72,191,2006,ATL,1,12,12
2014,Bryan Rust,PIT,R,31,1992-05-11,Pontiac,MI,USA,USA,71,192,2010,PIT,3,20,80
2014,Bryce Salvador,N.J,D,48,1976-02-11,Brandon,MB,CAN,CAN,75,215,1994,T.B,6,8,138
2014,Cal Clutterbuck,NYI,R,36,1987-11-18,Welland,ON,CAN,CAN,72,212,2006,MIN,3,9,72
2014,Calle Jarnkrok,NSH,C,32,1991-09-25,Gävle,SWE,SWE,72,192,2010,DET,2,21,51,
2014,Calvin de Haan,NYI,D,32,1991-05-09,Carp,ON,CAN,CAN,73,195,2009,NYI,1,12,12
2014,Cam Atkinson,CBJ,R,34,1989-06-05,Riverside,CT,USA,USA,68,176,2008,CBJ,6,6,157
2014,Cam Fowler,ANA,D,32,1991-12-05,Windsor,ON,CAN,USA,74,215,2010,ANA,1,12,12
2014,Cameron Schilling,WSH,D,35,1988-10-07,Carmel,IN,USA,USA,74,182,-,-,-,-,-
2014,Carl Gunnarsson,STL,D,37,1986-11-09,Orebro,SWE,SWE,74,198,2007,TOR,7,13,194,
2014,Carl Hagelin,NYR,L,35,1988-08-23,Sodertalje,SWE,SWE,72,183,2007,NYR,6,17,168,
2014,Carl Klingberg,WPG,L,33,1991-01-28,Gothenburg,SWE,SWE,75,188,2009,ATL,2,4,34,
2014,Carl Soderberg,BOS,C,38,1985-10-12,Malmö,SWE,SWE,75,210,2004,STL,2,19,49,
2014,Carlo Colaiacovo,PHI,D,41,1983-01-27,Toronto,ON,CAN,CAN,73,202,2001,TOR,1,17,17
2014,Carter Ashton,TOR,R,32,1991-04-01,Winnipeg,MB,CAN,CAN,75,215,2009,T.B,1,29,29
2014,Casey Bailey,TOR,R,32,1991-10-27,Anchorage,AK,USA,USA,75,195,-,-,-,-,-
2014,Casey Cizikas,NYI,C,33,1991-02-27,Toronto,ON,CAN,CAN,71,190,2009,NYI,4,1,92
2014,Cedric Paquette,T.B,C,30,1993-08-13,Gaspe,QC,CAN,CAN,72,205,2012,T.B,4,10,101
2014,Chad Ruhwedel,BUF,D,33,1990-05-07,San Diego,CA,USA,USA,71,191,-,-,-,-,-
2014,Charlie Coyle,MIN,C,32,1992-03-02,E. Weymouth,MA,USA,USA,75,223,2010,S.J,1,28,28
2014,Chris Brown,WSH,R,33,1991-02-03,Flower Mound,TX,USA,USA,74,188,2009,PHX,2,6,36
2014,Chris Butler,STL,D,37,1986-10-27,St. Louis,MO,USA,USA,73,196,2005,BUF,4,5,96
2014,Chris Conner,WSH,R,40,1983-12-23,Westland,MI,USA,USA,67,181,-,-,-,-,-
2014,Chris Higgins,VAN,L,40,1983-06-02,Smithtown,NY,USA,USA,72,205,2002,MTL,1,14,14
2014,Chris Kelly,BOS,C,43,1980-11-11,Toronto,ON,CAN,CAN,72,190,1999,OTT,3,28,94
2014,Chris Kreider,NYR,L,32,1991-04-30,Boxford,MA,USA,USA,75,230,2009,NYR,1,19,19
2014,Chris Kunitz,PIT,L,44,1979-09-26,Regina,SK,CAN,CAN,72,188,-,-,-,-,-
2014,Chris Mueller,NYR,C,38,1986-03-06,West Seneca,NY,USA,USA,71,196,-,-,-,-,-
2014,Chris Neil,OTT,R,44,1979-06-18,Flesherton,ON,CAN,CAN,73,209,1998,OTT,6,16,161
2014,Chris Phillips,OTT,D,46,1978-03-09,Calgary,AB,CAN,CAN,75,219,1996,OTT,1,1,1
2014,Chris Porter,STL,L,39,1984-05-29,Toronto,ON,CAN,CAN,73,206,2003,CHI,9,21,282
2014,Chris Stewart,"BUF, MIN",R,36,1987-10-30,Toronto,ON,CAN,CAN,74,242,2006,COL,1,18,18
2014,Chris Summers,"ARI, NYR",D,36,1988-02-05,Ann Arbor,MI,USA,USA,74,207,2006,PHX,1,29,29
2014,Chris Terry,CAR,L,34,1989-04-07,Brampton,ON,CAN,CAN,70,191,2007,CAR,5,11,132
2014,Chris Thorburn,WPG,R,40,1983-06-03,Sault Ste. Marie,ON,CAN,CAN,75,235,2001,BUF,2,20,50
2014,Chris Tierney,S.J,C,29,1994-07-01,Keswick,ON,CAN,CAN,73,191,2012,S.J,2,25,55
2014,Chris VandeVelde,PHI,C,37,1987-03-15,Moorhead,MN,USA,USA,74,190,2005,EDM,4,6,97
2014,Chris Wagner,ANA,C,32,1991-05-27,Walpole,MA,USA,USA,72,192,2010,ANA,5,2,122
2014,Christian Ehrhoff,PIT,D,41,1982-07-06,Moers,DEU,DEU,74,201,2001,S.J,4,10,106,
2014,Christian Folin,MIN,D,33,1991-02-09,Gothenburg,SWE,SWE,75,204,-,-,-,-,-,
2014,Christian Thomas,MTL,L,31,1992-05-26,Toronto,ON,CAN,CAN,69,175,2010,NYR,2,10,40
2014,Christopher Tanev,VAN,D,34,1989-12-20,Toronto,ON,CAN,CAN,74,193,-,-,-,-,-
2014,Clarke MacArthur,OTT,L,38,1985-04-06,Lloydminster,AB,CAN,CAN,72,192,2003,BUF,3,6,74
2014,Claude Giroux,PHI,C,36,1988-01-12,Hearst,ON,CAN,CAN,71,190,2006,PHI,1,22,22
2014,Clayton Stoner,ANA,D,39,1985-02-19,Port McNeill,BC,CAN,CAN,76,216,2004,MIN,3,14,79
2014,Cody Ceci,OTT,D,30,1993-12-21,Ottawa,ON,CAN,CAN,74,210,2012,OTT,1,15,15
2014,Cody Eakin,DAL,C,32,1991-05-24,Winnipeg,MB,CAN,CAN,72,196,2009,WSH,3,24,85
2014,Cody Franson,"NSH, TOR",D,36,1987-08-08,Sicamous,BC,CAN,CAN,77,224,2005,NSH,3,18,79
2014,Cody Goloubef,CBJ,D,34,1989-11-30,Mississauga,ON,CAN,CAN,73,190,2008,CBJ,2,7,37
2014,Cody Hodgson,BUF,C,34,1990-02-18,Toronto,ON,CAN,CAN,72,191,2008,VAN,1,10,10
2014,Cody McCormick,BUF,C,40,1983-04-18,London,ON,CAN,CAN,74,222,2001,COL,5,13,144
2014,Cody McLeod,COL,L,39,1984-06-26,Binscarth,MB,CAN,CAN,74,204,-,-,-,-,-
2014,Colby Robak,"ANA, FLA",D,33,1990-04-24,Dauphin,MB,CAN,CAN,75,194,2008,FLA,2,16,46
2014,Colin Fraser,STL,C,39,1985-01-28,Sicamous,BC,CAN,CAN,73,190,2003,PHI,3,1,69
2014,Colin Greening,OTT,C,38,1986-03-09,St. John's,NL,CAN,CAN,74,210,2005,OTT,7,10,204
2014,Colin McDonald,NYI,R,39,1984-09-30,Wethersfield,CT,USA,USA,74,219,2003,EDM,2,21,51
2014,Colin Smith,COL,C,30,1993-06-20,Edmonton,AB,CAN,CAN,70,185,2012,COL,7,11,192
2014,Colin Wilson,NSH,"C, L",34,1989-10-20,Greenwich,CT,USA,USA,73,215,2008,NSH,1,7,7
2014,Colton Orr,TOR,R,42,1982-03-03,Winnipeg,MB,CAN,CAN,75,222,-,-,-,-,-
2014,Colton Sceviour,DAL,C,34,1989-04-20,Red Deer,AB,CAN,CAN,72,190,2007,DAL,4,21,112
2014,Connor Murphy,ARI,D,30,1993-03-26,Dublin,OH,USA,USA,76,212,2011,PHX,1,20,20
2014,Conor Allen,NYR,D,34,1990-01-31,Chicago,IL,USA,USA,73,188,-,-,-,-,-
2014,Corban Knight,CGY,C,33,1990-09-10,Oliver,BC,CAN,CAN,74,195,2009,FLA,5,14,135
2014,Corey Perry,ANA,R,38,1985-05-16,Peterborough,ON,CAN,CAN,75,208,2003,ANA,1,28,28
2014,Corey Potter,CGY,D,40,1984-01-05,Lansing,MI,USA,USA,75,204,2003,NYR,4,21,122
2014,Corey Tropp,CBJ,R,34,1989-07-25,Grosse Pointe Woods,MI,USA,USA,72,192,2007,BUF,3,28,89
2014,Cory Conacher,NYI,C,34,1989-12-14,Burlington,ON,CAN,CAN,68,185,-,-,-,-,-
2014,Craig Adams,PIT,R,46,1977-04-26,Seria,BRN,CAN,72,200,1996,HFD,9,8,223,
2014,Craig Cunningham,"ARI, BOS",L,33,1990-09-13,Trail,BC,CAN,CAN,70,184,2010,BOS,4,7,97
2014,Craig Smith,NSH,R,34,1989-09-05,Madison,WI,USA,USA,72,204,2009,NSH,4,7,98
2014,Curtis Glencross,"CGY, WSH",L,41,1982-12-28,Kindersley,SK,CAN,CAN,73,197,-,-,-,-,-
2014,Curtis Hamilton,EDM,L,32,1991-12-04,Tacoma,WA,USA,USA,74,212,2010,EDM,2,18,48
2014,Curtis Lazar,OTT,C,29,1995-02-02,Salmon Arm,BC,CAN,CAN,72,203,2013,OTT,1,17,17
2014,Curtis McKenzie,DAL,L,33,1991-02-22,Golden,BC,CAN,CAN,74,205,2009,DAL,6,8,159
2014,Dainius Zubrus,N.J,C,45,1978-06-16,Elektrenai,LTU,LTU,77,225,1996,PHI,1,15,15,
2014,Dale Weise,MTL,R,35,1988-08-05,Winnipeg,MB,CAN,CAN,74,196,2008,NYR,4,20,111
2014,Dalton Prout,CBJ,D,34,1990-03-13,Kingsville,ON,CAN,CAN,75,215,2010,CBJ,6,4,154
2014,Damien Brunner,N.J,R,38,1986-03-09,Zürich,CHE,CHE,71,185,-,-,-,-,-,
2014,Damon Severson,N.J,D,29,1994-08-07,Melville,SK,CAN,CAN,74,205,2012,N.J,2,30,60
2014,Dan Boyle,NYR,D,47,1976-07-12,Ottawa,ON,CAN,CAN,71,194,-,-,-,-,-
2014,Dan Girardi,NYR,D,39,1984-04-29,Welland,ON,CAN,CAN,73,212,-,-,-,-,-
2014,Dan Hamhuis,VAN,D,41,1982-12-13,Smithers,BC,CAN,CAN,73,204,2001,NSH,1,12,12
2014,Dana Tyrell,CBJ,C,34,1989-04-23,Airdrie,AB,CAN,CAN,70,192,2007,T.B,2,17,47
2014,Daniel Briere,COL,C,46,1977-10-06,Gatineau,QC,CAN,CAN,69,174,1996,PHX,1,24,24
2014,Daniel Carcillo,CHI,L,39,1985-01-28,King City,ON,CAN,CAN,72,200,2003,PIT,3,5,73
2014,Daniel Cleary,DET,R,45,1978-12-18,Carbonear,NL,CAN,CAN,73,205,1997,CHI,1,13,13
2014,Daniel Paille,BOS,L,39,1984-04-15,Welland,ON,CAN,CAN,73,188,2002,BUF,1,20,20
2014,Daniel Sedin,VAN,L,43,1980-09-26,Ornskoldsvik,SWE,SWE,73,190,1999,VAN,1,2,2,
2014,Daniel Winnik,"PIT, TOR",L,39,1985-03-06,Toronto,ON,CAN,CAN,74,210,2004,PHX,9,7,265
2014,Daniil Tarasov,S.J,R,32,1991-06-20,Moscow,RUS,RUS,72,188,-,-,-,-,-,
2014,Danny Biega,CAR,D,32,1991-09-29,Montreal,QC,CAN,CAN,72,205,2010,CAR,3,7,67
2014,Danny DeKeyser,DET,D,34,1990-03-07,Detroit,MI,USA,USA,75,183,-,-,-,-,-
2014,Dany Heatley,ANA,L,43,1981-01-21,Freiburg,DEU,CAN,75,212,2000,ATL,1,2,2,
2014,Darnell Nurse,EDM,D,29,1995-02-04,Hamilton,ON,CAN,CAN,76,221,2013,EDM,1,7,7
2014,Darren Helm,DET,C,37,1987-01-21,St. Andrews,MB,CAN,CAN,72,192,2005,DET,5,7,132
2014,Dave Bolland,FLA,C,37,1986-06-05,Mimico,ON,CAN,CAN,72,188,2004,CHI,2,2,32
2014,David Backes,STL,R,39,1984-05-01,Minneapolis,MN,USA,USA,75,215,2003,STL,2,32,62
2014,David Booth,TOR,L,39,1984-11-24,Detroit,MI,USA,USA,72,212,2004,FLA,2,23,53
2014,David Clarkson,"CBJ, TOR",R,39,1984-03-31,Toronto,ON,CAN,CAN,72,207,-,-,-,-,-
2014,David Desharnais,MTL,C,37,1986-09-14,Laurier-Station,QC,CAN,CAN,67,180,-,-,-,-,-
2014,David Jones,CGY,R,39,1984-08-10,Guelph,ON,CAN,CAN,75,208,2003,COL,9,27,288
2014,David Krejci,BOS,C,37,1986-04-28,Sternberk,CZE,CZE,72,192,2004,BOS,2,33,63,
2014,David Legwand,OTT,C,43,1980-08-17,Detroit,MI,USA,USA,74,207,1998,NSH,1,2,2
2014,David Moss,ARI,R,42,1981-12-28,Livonia,MI,USA,USA,76,210,2001,CGY,7,24,220
2014,David Musil,EDM,D,30,1993-04-09,Calgary,AB,CAN,CAN,76,207,2011,EDM,2,1,31
2014,David Pastrnak,BOS,R,27,1996-05-25,Havirov,CZE,CZE,73,195,2014,BOS,1,25,25,
2014,David Perron,"EDM, PIT",L,35,1988-05-28,Sherbrooke,QC,CAN,CAN,73,196,2007,STL,1,26,26
2014,David Rundblad,CHI,D,33,1990-10-08,Lycksele,SWE,SWE,74,187,2009,STL,1,17,17,
2014,David Savard,CBJ,D,33,1990-10-22,St. Hyacinthe,QC,CAN,CAN,73,235,2009,CBJ,4,3,94
2014,David Schlemko,"ARI, CGY, DAL",D,36,1987-05-07,Edmonton,AB,CAN,CAN,73,191,-,-,-,-,-
2014,David Van Der Gulik,L.A,L,40,1983-04-20,Abbotsford,BC,CAN,CAN,70,173,2002,CGY,7,9,206
2014,David Warsofsky,BOS,D,33,1990-05-30,Marshfield,MA,USA,USA,69,170,2008,STL,4,4,95
2014,David Wolf,CGY,L,34,1989-09-15,Dusseldorf,DEU,DEU,75,215,-,-,-,-,-,
2014,Dennis Everberg,COL,R,32,1991-12-31,Vasteras,SWE,SWE,76,205,-,-,-,-,-,
2014,Dennis Seidenberg,BOS,D,42,1981-07-18,Schwenningen,DEU,DEU,72,199,2001,PHI,6,7,172,
2014,Dennis Wideman,CGY,D,41,1983-03-20,Kitchener,ON,CAN,CAN,72,202,2002,BUF,8,12,241
2014,Derek Dorsett,VAN,R,37,1986-12-20,Kindersley,SK,CAN,CAN,72,192,2006,CBJ,7,6,189
2014,Derek MacKenzie,FLA,C,42,1981-06-11,Sudbury,ON,CAN,CAN,71,177,1999,ATL,5,2,128
2014,Derek Roy,"EDM, NSH",C,40,1983-05-04,Ottawa,ON,CAN,CAN,69,184,2001,BUF,2,2,32
2014,Derek Stepan,NYR,C,33,1990-06-18,Hastings,MN,USA,USA,71,196,2008,NYR,2,21,51
2014,Derick Brassard,NYR,C,36,1987-09-22,Hull,QC,CAN,CAN,73,200,2006,CBJ,1,6,6
2014,Derrick Pouliot,PIT,D,30,1994-01-16,Estevan,SK,CAN,CAN,72,196,2012,PIT,1,8,8
2014,Deryk Engelland,CGY,D,41,1982-04-03,Edmonton,AB,CAN,CAN,74,212,2000,N.J,6,27,194
2014,Devante Smith-Pelly,"ANA, MTL",R,31,1992-06-14,Scarborough,ON,CAN,CAN,72,223,2010,ANA,2,12,42
2014,Devin Setoguchi,CGY,R,37,1987-01-01,Taber,AB,CAN,CAN,72,205,2005,S.J,1,8,8
2014,Dion Phaneuf,TOR,D,38,1985-04-10,Edmonton,AB,CAN,CAN,75,222,2003,CGY,1,9,9
2014,Dmitrij Jaskin,STL,R,30,1993-03-23,Omsk,RUS,CZE,74,216,2011,STL,2,11,41,
2014,Dmitry Kulikov,FLA,D,33,1990-10-29,Lipetsk,RUS,RUS,73,201,2009,FLA,1,14,14,
2014,Dominic Moore,NYR,C,43,1980-08-03,Thornhill,ON,CAN,CAN,72,192,2000,NYR,3,30,95
2014,Dominik Uher,PIT,C,31,1992-12-31,Ostvava,CZE,CZE,72,188,2011,PIT,5,23,144,
2014,Dougie Hamilton,BOS,D,30,1993-06-17,Toronto,ON,CAN,CAN,78,230,2011,BOS,1,9,9
2014,Drayson Bowman,MTL,L,35,1989-03-08,Grand Rapids,MI,USA,USA,73,195,2007,CAR,3,11,72
2014,Drew Doughty,L.A,D,34,1989-12-08,London,ON,CAN,CAN,73,210,2008,L.A,1,2,2
2014,Drew Miller,DET,L,40,1984-02-17,Dover,NJ,USA,USA,74,183,2003,ANA,6,19,186
2014,Drew Shore,CGY,C,33,1991-01-29,Denver,CO,USA,USA,75,209,2009,FLA,2,14,44
2014,Drew Stafford,"BUF, WPG",R,38,1985-10-30,Milwaukee,WI,USA,USA,74,215,2004,BUF,1,13,13
2014,Duncan Keith,CHI,D,40,1983-07-16,Winnipeg,MB,CAN,CAN,73,192,2002,CHI,2,24,54
2014,Duncan Siemens,COL,D,30,1993-09-07,Edmonton,AB,CAN,CAN,75,210,2011,COL,1,11,11
2014,Dustin Brown,L.A,R,39,1984-11-04,Ithaca,NY,USA,USA,72,205,2003,L.A,1,13,13
2014,Dustin Byfuglien,WPG,D,38,1985-03-27,Roseau,MN,USA,USA,77,260,2003,CHI,8,16,245
2014,Dwight King,L.A,L,34,1989-07-05,Meadow Lake,SK,CAN,CAN,76,229,2007,L.A,4,18,109
2014,Dylan McIlrath,NYR,D,31,1992-04-20,Winnipeg,MB,CAN,CAN,77,232,2010,NYR,1,10,10
2014,Dylan Olsen,FLA,D,33,1991-01-03,Salt Lake City,UT,USA,CAN,74,223,2009,CHI,1,28,28
2014,Dylan Reese,ARI,D,39,1984-08-29,Pittsburgh,PA,USA,USA,73,205,2003,NYR,7,12,209
2014,Elias Lindholm,CAR,C,29,1994-12-02,Boden,SWE,SWE,73,202,2013,CAR,1,5,5,
2014,Emerson Etem,ANA,"L, R",31,1992-06-16,Long Beach,CA,USA,USA,73,212,2010,ANA,1,29,29
2014,Emile Poirier,CGY,L,29,1994-12-14,Montreal,QC,CAN,CAN,74,196,2013,CGY,1,22,22
2014,Eriah Hayes,S.J,R,35,1988-07-07,La Crescent,MN,USA,USA,76,210,-,-,-,-,-
2014,Eric Boulton,NYI,L,47,1976-08-17,Halifax,NS,CAN,CAN,72,227,1994,NYR,9,26,234
2014,Eric Brewer,"ANA, T.B, TOR",D,44,1979-04-17,Vernon,BC,CAN,CAN,76,216,1997,NYI,1,5,5
2014,Eric Fehr,WSH,C,38,1985-09-07,Winkler,MB,CAN,CAN,76,209,2003,WSH,1,18,18
2014,Eric Gelinas,N.J,D,32,1991-05-08,Vanier,ON,CAN,CAN,76,215,2009,N.J,2,24,54
2014,Eric Gryba,OTT,D,35,1988-04-14,Saskatoon,SK,CAN,CAN,76,222,2006,OTT,3,5,68
2014,Eric Nystrom,NSH,L,41,1983-02-14,Syosset,NY,USA,USA,73,200,2002,CGY,1,10,10
2014,Eric O'Dell,WPG,C,33,1990-06-21,Ottawa,ON,CAN,CAN,73,188,2008,ANA,2,9,39
2014,Eric Staal,CAR,C,39,1984-10-29,Thunder Bay,ON,CAN,CAN,76,195,2003,CAR,1,2,2
2014,Eric Tangradi,MTL,L,35,1989-02-10,Philadelphia,PA,USA,USA,76,226,2007,ANA,2,12,42
2014,Erik Cole,"DAL, DET",L,45,1978-11-06,Oswego,NY,USA,USA,74,205,1998,CAR,3,13,71
2014,Erik Condra,OTT,R,37,1986-08-06,Trenton,MI,USA,USA,71,185,2006,OTT,7,28,211
2014,Erik Gudbranson,FLA,D,32,1992-01-07,Ottawa,ON,CAN,CAN,77,222,2010,FLA,1,3,3
2014,Erik Haula,MIN,"C, L",32,1991-03-23,Pori,FIN,FIN,71,191,2009,MIN,7,1,182,
2014,Erik Johnson,COL,D,36,1988-03-21,Bloomington,MN,USA,USA,76,225,2006,STL,1,1,1
2014,Erik Karlsson,OTT,D,33,1990-05-31,Landsbro,SWE,SWE,72,190,2008,OTT,1,15,15,
2014,Evander Kane,WPG,L,32,1991-08-02,Vancouver,BC,CAN,CAN,74,210,2009,ATL,1,4,4
2014,Evgeni Malkin,PIT,C,37,1986-07-31,Magnitogorsk,RUS,RUS,75,195,2004,PIT,1,2,2,
2014,Evgeny Kuznetsov,WSH,C,31,1992-05-19,Chelyabinsk,RUS,RUS,74,207,2010,WSH,1,26,26,
2014,Fedor Tyutin,CBJ,D,40,1983-07-19,Izhevsk,RUS,RUS,74,221,2001,NYR,2,10,40,
2014,Filip Forsberg,NSH,L,29,1994-08-13,Ostervala,SWE,SWE,73,205,2012,WSH,1,11,11,
2014,Francois Beauchemin,ANA,D,43,1980-06-04,Sorel,QC,CAN,CAN,71,208,1998,MTL,3,17,75
2014,Frank Corrado,VAN,D,30,1993-03-26,Toronto,ON,CAN,CAN,72,205,2011,VAN,5,29,150
2014,Frans Nielsen,NYI,C,39,1984-04-24,Herning,DNK,DNK,73,186,2002,NYI,3,24,87,
2014,Freddie Hamilton,"COL, S.J",C,32,1992-01-01,Toronto,ON,CAN,CAN,73,195,2010,S.J,5,9,129
2014,Frédéric St-Denis,CBJ,D,38,1986-01-23,Greenfield Park,QC,CAN,CAN,71,192,-,-,-,-,-
2014,Gabriel Bourque,NSH,L,33,1990-09-23,Rimouski,QC,CAN,CAN,70,206,2009,NSH,5,11,132
2014,Gabriel Dumont,MTL,C,33,1990-10-06,Ville Degelis,QC,CAN,CAN,70,195,2009,MTL,5,18,139
2014,Gabriel Landeskog,COL,L,31,1992-11-23,Stockholm,SWE,SWE,73,215,2011,COL,1,2,2,
2014,Garrett Wilson,FLA,L,33,1991-03-16,Barrie,ON,CAN,CAN,74,218,2009,FLA,4,16,107
2014,Grant Clitsome,WPG,D,38,1985-04-14,Gloucester,ON,CAN,CAN,71,211,2004,CBJ,9,13,271
2014,Greg McKegg,TOR,C,31,1992-06-17,St. Thomas,ON,CAN,CAN,72,195,2010,TOR,3,2,62
2014,Greg Pateryn,MTL,D,33,1990-06-20,Sterling Heights,MI,USA,USA,75,212,2008,TOR,5,7,128
2014,Gregory Campbell,BOS,C,40,1983-12-17,London,ON,CAN,CAN,72,188,2002,FLA,3,4,67
2014,Griffin Reinhart,NYI,D,30,1994-01-24,North Vancouver,BC,CAN,CAN,76,212,2012,NYI,1,4,4
2014,Gustav Nyquist,DET,R,34,1989-09-01,Halmstad,SWE,SWE,71,180,2008,DET,4,30,121,
2014,Hampus Lindholm,ANA,D,30,1994-01-20,Helsingborg,SWE,SWE,76,215,2012,ANA,1,6,6,
2014,Harry Zolnierczyk,NYI,L,36,1987-09-01,Toronto,ON,CAN,CAN,71,180,-,-,-,-,-
2014,Henrik Samuelsson,ARI,C,30,1994-02-07,Scottsdale,AZ,USA,USA,75,219,2012,PHX,1,27,27
2014,Henrik Sedin,VAN,C,43,1980-09-26,Ornskoldsvik,SWE,SWE,74,183,1999,VAN,1,3,3,
2014,Henrik Zetterberg,DET,L,43,1980-10-09,Njurunda,SWE,SWE,72,197,1999,DET,7,24,210,
2014,Ian Cole,"PIT, STL",D,35,1989-02-21,Ann Arbor,MI,USA,USA,73,225,2007,STL,1,18,18
2014,Iiro Pakarinen,EDM,R,32,1991-08-25,Loviisa,FIN,FIN,73,212,2011,FLA,7,3,184,
2014,J.T. Brown,T.B,R,33,1990-07-02,Burnsville,MN,USA,USA,70,182,-,-,-,-,-
2014,J.T. Miller,NYR,L,31,1993-03-14,East Palestine,OH,USA,USA,73,218,2011,NYR,1,15,15
2014,Jack Hillen,"CAR, WSH",D,38,1986-01-24,Minnetonka,MN,USA,USA,70,190,-,-,-,-,-
2014,Jack Johnson,CBJ,D,37,1987-01-13,Indianapolis,IN,USA,USA,73,227,2005,CAR,1,3,3
2014,Jack Skille,CBJ,R,36,1987-05-19,Madison,WI,USA,USA,73,216,2005,CHI,1,7,7
2014,Jacob De La Rose,MTL,L,28,1995-05-20,Arvika,SWE,SWE,75,215,2013,MTL,2,4,34,
2014,Jacob Josefson,N.J,C,33,1991-03-02,Stockholm,SWE,SWE,72,196,2009,N.J,1,20,20,
2014,Jacob Trouba,WPG,D,30,1994-02-26,Rochester,MI,USA,USA,75,203,2012,WPG,1,9,9
2014,Jaden Schwartz,STL,L,31,1992-06-25,Wilcox,SK,CAN,CAN,70,185,2010,STL,1,14,14
2014,Jake Gardiner,TOR,D,33,1990-07-04,Minnetonka,MN,USA,USA,74,203,2008,ANA,1,17,17
2014,Jake McCabe,BUF,D,30,1993-10-12,Eau Claire,WI,USA,USA,73,204,2012,BUF,2,14,44
2014,Jake Muzzin,L.A,D,35,1989-02-21,Woodstock,ON,CAN,CAN,75,227,2007,PIT,5,20,141
2014,Jakob Silfverberg,ANA,R,33,1990-10-13,Gävle,SWE,SWE,73,207,2009,OTT,2,9,39,
2014,Jakub Kindl,DET,D,37,1987-02-10,Sumperk,CZE,CZE,75,199,2005,DET,1,19,19,
2014,Jakub Voracek,PHI,R,34,1989-08-15,Kladno,CZE,CZE,74,216,2007,CBJ,1,7,7,
2014,James Neal,NSH,"L, R",36,1987-09-03,Whitby,ON,CAN,CAN,75,212,2005,DAL,2,3,33
2014,James Sheppard,"NYR, S.J",C,35,1988-04-25,Halifax,NS,CAN,CAN,73,215,2006,MIN,1,9,9
2014,James Wisniewski,"ANA, CBJ",D,40,1984-02-21,Canton,MI,USA,USA,71,203,2002,CHI,5,25,156
2014,James van Riemsdyk,TOR,L,34,1989-05-04,Middletown,NJ,USA,USA,75,208,2007,PHI,1,2,2
2014,Jamie Benn,DAL,L,34,1989-07-18,Victoria,BC,CAN,CAN,74,205,2007,DAL,5,8,129
2014,Jamie McBain,L.A,D,36,1988-02-25,Edina,MN,USA,USA,73,195,2006,CAR,2,33,63
2014,Jamie McGinn,COL,L,35,1988-08-05,Fergus,ON,CAN,CAN,73,205,2006,S.J,2,6,36
2014,Jamie Oleksiak,DAL,D,31,1992-12-21,Toronto,ON,CAN,CAN,79,257,2011,DAL,1,14,14
2014,Jan Hejda,COL,D,45,1978-06-18,Prague,CZE,CZE,76,230,2003,BUF,4,5,106,
2014,Jannik Hansen,VAN,R,38,1986-03-15,Rødovre,DNK,DNK,73,198,2004,VAN,9,29,287,
2014,Jared Boll,CBJ,R,37,1986-05-13,Charlotte,NC,USA,USA,75,206,2005,CBJ,4,10,101
2014,Jared Cowen,OTT,D,33,1991-01-25,Saskatoon,SK,CAN,CAN,77,238,2009,OTT,1,9,9
2014,Jared Spurgeon,MIN,D,34,1989-11-29,Edmonton,AB,CAN,CAN,69,166,2008,NYI,6,5,156
2014,Jarome Iginla,COL,R,46,1977-07-01,Edmonton,AB,CAN,CAN,73,210,1995,DAL,1,11,11
2014,Jaromir Jagr,"FLA, N.J",R,52,1972-02-15,Kladno,CZE,CZE,75,230,1990,PIT,1,5,5,
2014,Jarred Tinordi,MTL,D,32,1992-02-20,Burnsville,MN,USA,USA,78,229,2010,MTL,1,22,22
2014,Jarret Stoll,L.A,C,41,1982-06-24,Melville,SK,CAN,CAN,73,216,2002,EDM,2,6,36
2014,Jason Akeson,PHI,R,33,1990-06-03,Ottawa,ON,CAN,CAN,70,185,-,-,-,-,-
2014,Jason Chimera,WSH,L,44,1979-05-02,Edmonton,AB,CAN,CAN,75,215,1997,EDM,5,15,121
2014,Jason Demers,"DAL, S.J",D,35,1988-06-09,Dorval,QC,CAN,CAN,73,195,2008,S.J,7,5,186
2014,Jason Garrison,T.B,D,39,1984-11-13,White Rock,BC,CAN,CAN,73,218,-,-,-,-,-
2014,Jason Pominville,MIN,R,41,1982-11-30,Repentigny,QC,CAN,USA,72,180,2001,BUF,2,25,55
2014,Jason Spezza,DAL,C,40,1983-06-13,Toronto,ON,CAN,CAN,75,219,2001,OTT,1,2,2
2014,Jason Zucker,MIN,L,32,1992-01-16,Newport Beach,CA,USA,USA,71,192,2010,MIN,2,29,59
2014,Jay Beagle,WSH,C,38,1985-10-16,Calgary,AB,CAN,CAN,75,210,-,-,-,-,-
2014,Jay Bouwmeester,STL,D,40,1983-09-27,Edmonton,AB,CAN,CAN,76,206,2002,FLA,1,3,3
2014,Jay Harrison,"CAR, WPG",D,41,1982-11-03,Oshawa,ON,CAN,CAN,76,188,2001,TOR,3,19,82
2014,Jay McClement,CAR,C,41,1983-03-02,Kingston,ON,CAN,CAN,73,205,2001,STL,2,27,57
2014,Jayson Megna,PIT,C,34,1990-02-01,Fort Lauderdale,FL,USA,USA,73,195,-,-,-,-,-
2014,Jean-Gabriel Pageau,OTT,C,31,1992-11-11,Ottawa,ON,CAN,CAN,71,185,2011,OTT,4,5,96
2014,Jeff Carter,L.A,C,39,1985-01-01,London,ON,CAN,CAN,75,219,2003,PHI,1,11,11
2014,Jeff Petry,"EDM, MTL",D,36,1987-12-09,Ann Arbor,MI,USA,USA,75,209,2006,EDM,2,15,45
2014,Jeff Schultz,L.A,D,38,1986-02-25,Calgary,AB,CAN,CAN,78,225,2004,WSH,1,27,27
2014,Jeff Skinner,CAR,L,31,1992-05-16,Toronto,ON,CAN,CAN,71,197,2010,CAR,1,7,7
2014,Jeremy Morin,"CBJ, CHI",L,32,1991-04-16,Auburn,NY,USA,USA,73,195,2009,ATL,2,15,45
2014,Jerry D'Amigo,BUF,R,33,1991-02-19,Binghamton,NY,USA,USA,71,200,2009,TOR,6,7,158
2014,Jesper Fast,NYR,R,32,1991-12-02,Nassjo,SWE,SWE,73,191,2010,NYR,6,7,157,
2014,Jesse Blacker,ANA,D,32,1991-04-19,Toronto,ON,CAN,CAN,73,190,2009,TOR,2,28,58
2014,Jesse Joensuu,EDM,L,36,1987-10-05,Pori,FIN,FIN,76,213,2006,NYI,2,30,60,
2014,Jim Slater,WPG,C,41,1982-12-09,Lapeer,MI,USA,USA,72,195,2002,ATL,1,30,30
2014,Jimmy Hayes,FLA,R,34,1989-11-21,Dorchester,MA,USA,USA,77,215,2008,TOR,2,30,60
2014,Jiri Hudler,CGY,R,40,1984-01-04,Olomouc,CZE,CZE,70,190,2002,DET,2,28,58,
2014,Jiri Sekac,"ANA, MTL",L,31,1992-06-10,Kladno,CZE,CZE,73,185,-,-,-,-,-,
2014,Jiri Tlusty,"CAR, WPG",L,36,1988-03-16,Slany,CZE,CZE,72,205,2006,TOR,1,13,13,
2014,Joakim Andersson,DET,C,35,1989-02-05,Munkedal,SWE,SWE,74,211,2007,DET,3,27,88,
2014,Joakim Lindstrom,"STL, TOR",C,40,1983-12-05,Skellefteå,SWE,SWE,72,187,2002,CBJ,2,11,41,
2014,Joakim Nordstrom,CHI,L,32,1992-02-25,Stockholm,SWE,SWE,73,194,2010,CHI,3,30,90,
2014,Joe Colborne,CGY,C,34,1990-01-30,Calgary,AB,CAN,CAN,77,221,2008,BOS,1,16,16
2014,Joe Morrow,BOS,D,31,1992-12-09,Edmonton,AB,CAN,CAN,72,196,2011,PIT,1,23,23
2014,Joe Pavelski,S.J,C,39,1984-07-11,Plover,WI,USA,USA,71,200,2003,S.J,7,8,205
2014,Joe Piskula,NSH,D,39,1984-07-05,Antigo,WI,USA,USA,75,205,-,-,-,-,-
2014,Joe Thornton,S.J,C,44,1979-07-02,London,ON,CAN,CAN,76,220,1997,BOS,1,1,1
2014,Joe Vitale,ARI,C,38,1985-08-20,St. Louis,MO,USA,USA,71,205,2005,PIT,7,1,195
2014,Joe Whitney,N.J,R,36,1988-02-06,Reading,MA,USA,USA,66,167,-,-,-,-,-
2014,Joel Armia,BUF,R,30,1993-05-31,Pori,FIN,FIN,75,216,2011,BUF,1,16,16,
2014,Joel Ward,WSH,R,43,1980-12-02,North York,ON,CAN,CAN,73,225,-,-,-,-,-
2014,Joey Hishon,COL,C,32,1991-10-20,Stratford,ON,CAN,CAN,70,170,2010,COL,1,17,17
2014,Joffrey Lupul,TOR,L,40,1983-09-23,Fort Saskatchewan,AB,CAN,CAN,73,206,2002,ANA,1,7,7
2014,Johan Franzen,DET,R,44,1979-12-23,Vetlanda,SWE,SWE,76,232,2004,DET,3,32,97,
2014,Johan Larsson,BUF,C,31,1992-07-25,Lau,SWE,SWE,71,206,2010,MIN,2,26,56,
2014,John Carlson,WSH,D,34,1990-01-10,Natick,MA,USA,USA,75,215,2008,WSH,1,27,27
2014,John Klingberg,DAL,D,31,1992-08-14,Gothenburg,SWE,SWE,75,190,2010,DAL,5,11,131,
2014,John Mitchell,COL,C,39,1985-01-22,Oakville,ON,CAN,CAN,73,204,2003,TOR,5,22,158
2014,John Moore,"ARI, NYR",D,33,1990-11-19,Winnetka,IL,USA,USA,75,207,2009,CBJ,1,21,21
2014,John Ramage,CGY,D,33,1991-02-07,Mississauga,ON,CAN,CAN,72,188,2010,CGY,4,13,103
2014,John Scott,S.J,L,41,1982-09-26,Edmonton,AB,CAN,CAN,80,260,-,-,-,-,-
2014,John Tavares,NYI,C,33,1990-09-20,Mississauga,ON,CAN,CAN,73,216,2009,NYI,1,1,1
2014,John-Michael Liles,CAR,D,43,1980-11-25,Indianapolis,IN,USA,USA,70,185,2000,COL,5,29,159
2014,Johnny Boychuk,NYI,D,40,1984-01-19,Edmonton,AB,CAN,CAN,74,227,2002,COL,2,31,61
2014,Johnny Gaudreau,CGY,L,30,1993-08-13,Salem,NJ,USA,USA,69,165,2011,CGY,4,13,104
2014,Johnny Oduya,CHI,D,42,1981-10-01,Stockholm,SWE,SWE,72,191,2001,WSH,7,25,221,
2014,Jon Merrill,N.J,D,32,1992-02-03,Oklahoma City,OK,USA,USA,75,204,2010,N.J,2,8,38
2014,Jonas Brodin,MIN,D,30,1993-07-12,Karlstad,SWE,SWE,74,196,2011,MIN,1,10,10,
2014,Jonathan Drouin,T.B,L,28,1995-03-28,Ste-Agathe,QC,CAN,CAN,71,198,2013,T.B,1,3,3
2014,Jonathan Ericsson,DET,D,40,1984-03-02,Karlskrona,SWE,SWE,76,218,2002,DET,9,31,291,
2014,Jonathan Huberdeau,FLA,L,30,1993-06-04,Saint-Jerome,QC,CAN,CAN,73,200,2011,FLA,1,3,3
2014,Jonathan Marchessault,T.B,C,33,1990-12-27,Cap-Rouge,QC,CAN,CAN,69,183,-,-,-,-,-
2014,Jonathan Toews,CHI,C,35,1988-04-29,Winnipeg,MB,CAN,CAN,74,201,2006,CHI,1,3,3
2014,Jonathon Blum,MIN,D,35,1989-01-30,Long Beach,CA,USA,USA,73,188,2007,NSH,1,23,23
2014,Jordan Caron,"BOS, COL",R,33,1990-11-02,Sayabec,QC,CAN,CAN,75,204,2009,BOS,1,25,25
2014,Jordan Eberle,EDM,"C, R",33,1990-05-15,Regina,SK,CAN,CAN,71,190,2008,EDM,1,22,22
2014,Jordan Leopold,"CBJ, MIN, STL",D,43,1980-08-03,Golden Valley,MN,USA,USA,73,206,1999,ANA,2,16,44
2014,Jordan Martinook,ARI,L,31,1992-07-25,Brandon,MB,CAN,CAN,72,196,2012,PHX,2,28,58
2014,Jordan Nolan,L.A,C,34,1989-06-23,"Garden River, First Nations",ON,CAN,CAN,75,219,2009,L.A,7,5,186
2014,Jordan Oesterle,EDM,D,31,1992-06-25,Dearborn Heights,MI,USA,USA,72,187,-,-,-,-,-
2014,Jordan Schroeder,MIN,C,33,1990-09-29,Lakeville,MN,USA,USA,69,170,2009,VAN,1,22,22
2014,Jordan Staal,CAR,C,35,1988-09-10,Thunder Bay,ON,CAN,CAN,76,220,2006,PIT,1,2,2
2014,Jordan Szwarz,ARI,R,32,1991-05-14,Burlington,ON,CAN,CAN,71,192,2009,PHX,4,6,97
2014,Jordie Benn,DAL,D,36,1987-07-26,Victoria,BC,CAN,CAN,74,201,-,-,-,-,-
2014,Jordin Tootoo,N.J,R,41,1983-02-02,Churchill,MB,CAN,CAN,69,195,2001,NSH,4,2,98
2014,Jori Lehtera,STL,C,36,1987-12-23,Helsinki,FIN,FIN,74,212,2008,STL,3,4,65,
2014,Josh Anderson,CBJ,R,29,1994-05-07,Burlington,ON,CAN,CAN,75,218,2012,CBJ,4,4,95
2014,Josh Bailey,NYI,R,34,1989-10-02,Bowmanville,ON,CAN,CAN,73,200,2008,NYI,1,9,9
2014,Josh Gorges,BUF,D,39,1984-08-14,Kelowna,BC,CAN,CAN,73,204,-,-,-,-,-
2014,Josh Jooris,CGY,R,33,1990-07-14,Burlington,ON,CAN,CAN,73,198,-,-,-,-,-
2014,Josh Leivo,TOR,L,30,1993-05-26,Innisfil,ON,CAN,CAN,74,192,2011,TOR,3,25,86
2014,Josh Manson,ANA,D,32,1991-10-07,Hinsdale,IL,USA,CAN,75,218,2011,ANA,6,9,160
2014,Julien Brouillette,WPG,D,37,1986-12-05,St-Esprit,QC,CAN,CAN,71,185,-,-,-,-,-
2014,Jussi Jokinen,FLA,L,40,1983-04-01,Kalajoki,FIN,FIN,72,191,2001,DAL,6,27,192,
2014,Justin Abdelkader,DET,L,37,1987-02-25,Muskegon,MI,USA,USA,74,213,2005,DET,2,12,42
2014,Justin Braun,S.J,D,37,1987-02-10,Minneapolis,MN,USA,USA,74,205,2007,S.J,7,20,201
2014,Justin Falk,"CBJ, MIN",D,35,1988-10-11,Snowflake,MB,CAN,CAN,77,223,2007,MIN,4,19,110
2014,Justin Faulk,CAR,D,32,1992-03-20,South St.Paul,MN,USA,USA,72,214,2010,CAR,2,7,37
2014,Justin Fontaine,MIN,R,36,1987-11-06,Bonnyville,AB,CAN,CAN,70,174,-,-,-,-,-
2014,Justin Hodgman,ARI,C,35,1988-06-27,Brampton,ON,CAN,CAN,73,203,-,-,-,-,-
2014,Justin Schultz,EDM,D,33,1990-07-06,Kelowna,BC,CAN,CAN,74,190,2008,ANA,2,13,43
2014,Justin Shugg,CAR,R,32,1991-12-24,Niagara Falls,ON,CAN,CAN,71,185,2010,CAR,4,15,105
2014,Justin Williams,L.A,R,42,1981-10-04,Cobourg,ON,CAN,CAN,73,184,2000,PHI,1,28,28
2014,Jyrki Jokipakka,DAL,D,32,1991-08-20,Tampere,FIN,FIN,75,215,2011,DAL,7,14,195,
2014,Kael Mouillierat,NYI,L,36,1987-12-09,Edmonton,AB,CAN,CAN,72,188,-,-,-,-,-
2014,Karl Alzner,WSH,D,35,1988-09-24,Burnaby,BC,CAN,CAN,75,213,2007,WSH,1,5,5
2014,Karl Stollery,"COL, S.J",D,36,1987-11-21,Camrose,AB,CAN,CAN,71,180,-,-,-,-,-
2014,Keaton Ellerby,WPG,D,35,1988-11-05,Strathmore,AB,CAN,CAN,77,220,2007,FLA,1,10,10
2014,Keegan Lowe,CAR,D,30,1993-03-29,Greenwich,CT,USA,USA,73,191,2011,CAR,3,12,73
2014,Keith Aulie,EDM,D,34,1989-06-11,Rouleau,SK,CAN,CAN,78,222,2007,CGY,4,25,116
2014,Keith Ballard,MIN,D,41,1982-11-26,Baudette,MN,USA,USA,71,204,2002,BUF,1,11,11
2014,Keith Yandle,"ARI, NYR",D,37,1986-09-09,Boston,MA,USA,USA,73,192,2005,PHX,4,14,105
2014,Kerby Rychel,CBJ,L,29,1994-10-07,Torrance,CA,USA,CAN,73,213,2013,CBJ,1,19,19
2014,Kevan Miller,BOS,D,36,1987-11-15,Los Angeles,CA,USA,USA,74,210,-,-,-,-,-
2014,Kevin Bieksa,VAN,D,42,1981-06-16,Grimsby,ON,CAN,CAN,73,197,2001,VAN,5,20,151
2014,Kevin Connauton,"CBJ, DAL",D,34,1990-02-23,Edmonton,AB,CAN,CAN,74,205,2009,VAN,3,22,83
2014,Kevin Fiala,NSH,L,27,1996-07-22,St. Gallen,CHE,CHE,70,204,2014,NSH,1,11,11,
2014,Kevin Hayes,NYR,C,31,1992-05-08,Dorchester,MA,USA,USA,77,216,2010,CHI,1,24,24
2014,Kevin Klein,NYR,D,39,1984-12-13,Kitchener,ON,CAN,CAN,73,206,2003,NSH,2,7,37
2014,Kevin Shattenkirk,STL,D,35,1989-01-29,New Rochelle,NY,USA,USA,72,212,2007,COL,1,14,14
2014,Kimmo Timonen,CHI,D,49,1975-03-18,Kuopio,FIN,FIN,70,194,1993,L.A,10,16,250,
2014,Klas Dahlbeck,"ARI, CHI",D,32,1991-07-06,Katrineholm,SWE,SWE,75,207,2011,CHI,3,18,79,
2014,Korbinian Holzer,TOR,D,36,1988-02-16,Munich,DEU,DEU,75,213,2006,TOR,4,18,111,
2014,Kris Letang,PIT,D,36,1987-04-24,Montreal,QC,CAN,CAN,72,201,2005,PIT,3,1,62
2014,Kris Russell,CGY,D,36,1987-05-02,Caroline,AB,CAN,CAN,70,170,2005,CBJ,3,6,67
2014,Kris Versteeg,CHI,R,37,1986-05-13,Lethbridge,AB,CAN,CAN,71,176,2004,BOS,5,5,134
2014,Kyle Baun,CHI,R,31,1992-05-04,Toronto,ON,CAN,CAN,74,188,-,-,-,-,-
2014,Kyle Brodziak,MIN,C,39,1984-05-25,St. Paul,AB,CAN,CAN,74,205,2003,EDM,7,17,214
2014,Kyle Chipchura,ARI,C,38,1986-02-19,Westlock,AB,CAN,CAN,74,203,2004,MTL,1,18,18
2014,Kyle Clifford,L.A,L,33,1991-01-13,Ayr,ON,CAN,CAN,74,217,2009,L.A,2,5,35
2014,Kyle Cumiskey,CHI,D,37,1986-12-02,Abbotsford,BC,CAN,CAN,71,180,2005,COL,7,28,222
2014,Kyle Okposo,NYI,R,35,1988-04-16,St. Paul,MN,USA,USA,72,218,2006,NYI,1,7,7
2014,Kyle Palmieri,ANA,R,33,1991-02-01,Smithtown,NY,USA,USA,71,198,2009,ANA,1,26,26
2014,Kyle Quincey,DET,D,38,1985-08-12,Kitchener,ON,CAN,CAN,74,210,2003,DET,4,31,132
2014,Kyle Turris,OTT,C,34,1989-08-14,New Westminster,BC,CAN,CAN,73,190,2007,PHX,1,3,3
2014,Ladislav Smid,CGY,D,38,1986-02-01,Frydlant,CZE,CZE,76,210,2004,ANA,1,9,9,
2014,Lance Bouma,CGY,C,33,1990-03-25,Provost,AB,CAN,CAN,74,208,2008,CGY,3,17,78
2014,Landon Ferraro,DET,C,32,1991-08-08,Trail,BC,CAN,CAN,72,173,2009,DET,2,2,32
2014,Lars Eller,MTL,C,34,1989-05-08,Rodovre,DNK,DNK,74,205,2007,STL,1,13,13,
2014,Lauri Korpikoski,ARI,L,37,1986-07-28,Turku,FIN,FIN,73,193,2004,NYR,1,19,19,
2014,Lee Stempniak,"NYR, WPG",R,41,1983-02-04,West Seneca,NY,USA,USA,71,195,2003,STL,5,12,148
2014,Leo Komarov,TOR,C,37,1987-01-23,Narva,EST,FIN,71,205,2006,TOR,6,27,180,
2014,Leon Draisaitl,EDM,C,28,1995-10-27,Cologne,DEU,DEU,74,208,2014,EDM,1,3,3,
2014,Liam O'Brien,WSH,C,29,1994-07-29,Halifax,NS,CAN,CAN,73,213,-,-,-,-,-
2014,Linden Vey,VAN,R,32,1991-07-17,Wakaw,SK,CAN,CAN,72,189,2009,L.A,4,5,96
2014,Logan Couture,S.J,C,34,1989-03-28,Guelph,ON,CAN,CAN,73,206,2007,S.J,1,9,9
2014,Loui Eriksson,BOS,L,38,1985-07-17,Gothenburg,SWE,SWE,74,179,2003,DAL,2,3,33,
2014,Lubomir Visnovsky,NYI,D,47,1976-08-11,Topolcany,SVK,SVK,70,192,2000,L.A,4,22,118,
2014,Luca Sbisa,VAN,D,34,1990-01-30,Ozieri,ITA,CHE,74,206,2008,PHI,1,19,19,
2014,Lucas Lessio,ARI,L,31,1993-01-23,Maple,ON,CAN,CAN,73,212,2011,PHX,2,26,56
2014,Luke Adam,CBJ,C,33,1990-06-18,St. John's,NL,CAN,CAN,74,188,2008,BUF,2,14,44
2014,Luke Gazdic,EDM,L,34,1989-07-25,Toronto,ON,CAN,CAN,76,225,2007,DAL,6,21,172
2014,Luke Glendening,DET,C,34,1989-04-28,Grand Rapids,MI,USA,USA,71,190,-,-,-,-,-
2014,Luke Schenn,PHI,D,34,1989-11-02,Saskatoon,SK,CAN,CAN,74,225,2008,TOR,1,5,5
2014,Luke Witkowski,T.B,D,33,1990-04-14,Holland,MI,USA,USA,74,210,2008,T.B,6,9,160
2014,Magnus Paajarvi,STL,L,32,1991-04-12,Norrkoping,SWE,SWE,75,206,2009,EDM,1,10,10,
2014,Manny Malhotra,MTL,C,43,1980-05-18,Mississauga,ON,CAN,CAN,74,207,1998,NYR,1,7,7
2014,Marc Methot,OTT,D,38,1985-06-21,Ottawa,ON,CAN,CAN,76,230,2003,CBJ,6,1,168
2014,Marc Staal,NYR,D,37,1987-01-13,Thunder Bay,ON,CAN,CAN,76,208,2005,NYR,1,12,12
2014,Marc-Andre Cliche,COL,C,36,1987-03-23,Rouyn-Noranda,QC,CAN,CAN,72,202,2005,NYR,2,26,56
2014,Marc-Edouard Vlasic,S.J,D,36,1987-03-30,Montreal,QC,CAN,CAN,73,205,2005,S.J,2,5,35
2014,Marcel Goc,"PIT, STL",C,40,1983-08-24,Calw,DEU,DEU,73,197,2001,S.J,1,20,20,
2014,Marco Scandella,MIN,D,34,1990-02-23,Montreal,QC,CAN,CAN,75,212,2008,MIN,2,25,55
2014,Marcus Foligno,BUF,L,32,1991-08-10,Buffalo,NY,USA,CAN,75,226,2009,BUF,4,13,104
2014,Marcus Johansson,WSH,L,33,1990-10-06,Landskrona,SWE,SWE,73,203,2009,WSH,1,24,24,
2014,Marcus Kruger,CHI,C,33,1990-05-27,Stockholm,SWE,SWE,72,186,2009,CHI,5,28,149,
2014,Marek Zidlicky,"DET, N.J",D,47,1977-02-03,Most,CZE,CZE,71,190,2001,NYR,6,11,176,
2014,Marian Gaborik,L.A,R,42,1982-02-14,Trencin,SVK,SVK,73,200,2000,MIN,1,3,3,
2014,Marian Hossa,CHI,R,45,1979-01-12,Stará Lubovna,SVK,SVK,73,207,1997,OTT,1,12,12,
2014,Mark Alt,PHI,D,32,1991-10-18,Kansas City,MO,USA,USA,76,201,2010,CAR,2,23,53
2014,Mark Arcobello,"ARI, EDM, NSH, PIT",R,35,1988-08-12,Milford,CT,USA,USA,68,174,-,-,-,-,-
2014,Mark Barberio,T.B,D,33,1990-03-23,Montreal,QC,CAN,CAN,73,200,2008,T.B,6,1,152
2014,Mark Borowiecki,OTT,D,34,1989-07-12,Ottawa,ON,CAN,CAN,74,204,2008,OTT,5,18,139
2014,Mark Fayne,EDM,D,36,1987-05-15,Nashua,NH,USA,USA,75,209,2005,N.J,5,30,155
2014,Mark Fistric,ANA,D,37,1986-06-01,Edmonton,AB,CAN,CAN,74,225,2004,DAL,1,28,28
2014,Mark Fraser,N.J,D,37,1986-09-29,Ottawa,ON,CAN,CAN,76,220,2005,N.J,3,23,84
2014,Mark Giordano,CGY,D,40,1983-10-03,Toronto,ON,CAN,CAN,72,205,-,-,-,-,-
2014,Mark Letestu,CBJ,C,39,1985-02-04,Elk Point,AB,CAN,CAN,70,195,-,-,-,-,-
2014,Mark Pysyk,BUF,D,32,1992-01-11,Sherwood Park,AB,CAN,CAN,73,198,2010,BUF,1,23,23
2014,Mark Scheifele,WPG,C,31,1993-03-15,Kitchener,ON,CAN,CAN,75,198,2011,WPG,1,7,7
2014,Mark Stone,OTT,R,31,1992-05-13,Winnipeg,MB,CAN,CAN,75,217,2010,OTT,6,28,178
2014,Mark Streit,PHI,D,46,1977-12-11,Bern,CHE,CHE,71,186,2004,MTL,9,4,262,
2014,Mark Stuart,WPG,D,39,1984-04-27,Rochester,MN,USA,USA,74,215,2003,BOS,1,21,21
2014,Marko Dano,CBJ,C,29,1994-11-30,Eisenstadt,AUT,SVK,71,201,2013,CBJ,1,27,27,
2014,Markus Granlund,CGY,C,30,1993-04-16,Oulu,FIN,FIN,72,180,2011,CGY,2,15,45,
2014,Martin Erat,ARI,R,42,1981-08-29,Trebic,CZE,CZE,72,196,1999,NSH,7,5,191,
2014,Martin Hanzal,ARI,C,37,1987-02-20,Pisek,CZE,CZE,78,230,2005,PHX,1,17,17,
2014,Martin Havlat,N.J,R,42,1981-04-19,Mlada Boleslav,CZE,CZE,74,210,1999,OTT,1,26,26,
2014,Martin Marincin,EDM,D,32,1992-02-18,Kosice,SVK,SVK,77,217,2010,EDM,2,16,46,
2014,Martin St. Louis,NYR,R,48,1975-06-18,Laval,QC,CAN,CAN,68,180,-,-,-,-,-
2014,Mason Raymond,CGY,L,38,1985-09-17,Cochrane,AB,CAN,CAN,73,179,2005,VAN,2,21,51
2014,Mat Clark,ANA,D,33,1990-10-17,Wheat Ridge,CO,USA,USA,75,225,2009,ANA,2,7,37
2014,Mathieu Perreault,WPG,C,36,1988-01-05,Drummondville,QC,CAN,CAN,70,189,2006,WSH,6,24,177
2014,Mats Zuccarello,NYR,R,36,1987-09-01,Oslo,NOR,NOR,68,181,-,-,-,-,-,
2014,Matt Bartkowski,BOS,D,35,1988-06-04,Pittsburgh,PA,USA,USA,73,201,2008,FLA,7,9,190
2014,Matt Beleskey,ANA,L,35,1988-06-07,Windsor,ON,CAN,CAN,72,207,2006,ANA,4,19,112
2014,Matt Calvert,CBJ,L,34,1989-12-24,Brandon,MB,CAN,CAN,71,186,2008,CBJ,5,6,127
2014,Matt Carle,T.B,D,39,1984-09-25,Anchorage,AK,USA,USA,72,197,2003,S.J,2,17,47
2014,Matt Cooke,MIN,L,45,1978-09-07,Belleville,ON,CAN,CAN,71,216,1997,VAN,6,10,144
2014,Matt Cullen,NSH,C,47,1976-11-02,Virginia,MN,USA,USA,73,202,1996,ANA,2,9,35
2014,Matt Donovan,NYI,D,33,1990-05-09,Edmond,OK,USA,USA,73,205,2008,NYI,4,5,96
2014,Matt Duchene,COL,C,33,1991-01-16,Haliburton,ON,CAN,CAN,71,195,2009,COL,1,3,3
2014,Matt Dumba,MIN,D,29,1994-07-25,Regina,SK,CAN,CAN,72,181,2012,MIN,1,7,7
2014,Matt Ellis,BUF,L,42,1981-08-31,Welland,ON,CAN,CAN,72,208,-,-,-,-,-
2014,Matt Fraser,"BOS, EDM",R,33,1990-05-20,Red Deer,AB,CAN,CAN,75,188,-,-,-,-,-
2014,Matt Frattin,TOR,R,36,1988-01-03,Edmonton,AB,CAN,CAN,72,205,2007,TOR,4,8,99
2014,Matt Greene,L.A,D,40,1983-05-13,Grand Ledge,MI,USA,USA,75,236,2002,EDM,2,14,44
2014,Matt Halischuk,WPG,R,35,1988-06-01,Toronto,ON,CAN,CAN,72,180,2007,N.J,4,26,117
2014,Matt Hendricks,EDM,L,42,1981-06-17,Blaine,MN,USA,USA,72,211,2000,NSH,5,1,131
2014,Matt Hunwick,NYR,D,38,1985-05-21,Warren,MI,USA,USA,71,194,2004,BOS,7,31,224
2014,Matt Irwin,S.J,D,36,1987-11-29,Victoria,BC,CAN,CAN,74,200,-,-,-,-,-
2014,Matt Lindblad,BOS,C,33,1990-03-23,Evanston,IL,USA,USA,71,188,-,-,-,-,-
2014,Matt Martin,NYI,L,34,1989-05-08,Windsor,ON,CAN,CAN,75,220,2008,NYI,5,27,148
2014,Matt Moulson,BUF,L,40,1983-11-01,North York,ON,CAN,CAN,73,188,2003,PIT,9,2,263
2014,Matt Nieto,S.J,L,31,1992-11-05,Long Beach,CA,USA,USA,71,187,2011,S.J,2,17,47
2014,Matt Niskanen,WSH,D,37,1986-12-06,Virginia,MN,USA,USA,73,203,2005,DAL,1,28,28
2014,Matt Puempel,OTT,L,31,1993-01-24,Windsor,ON,CAN,CAN,73,205,2011,OTT,1,24,24
2014,Matt Read,PHI,R,37,1986-06-14,Ilderton,ON,CAN,CAN,70,188,-,-,-,-,-
2014,Matt Stajan,CGY,C,40,1983-12-19,Mississauga,ON,CAN,CAN,73,195,2002,TOR,2,27,57
2014,Matt Tennyson,S.J,D,33,1990-04-23,Minneapolis,MN,USA,USA,74,205,-,-,-,-,-
2014,Mattias Ekholm,NSH,D,33,1990-05-24,Borlange,SWE,SWE,76,215,2009,NSH,4,11,102,
2014,Max Friberg,ANA,R,31,1992-11-20,Skovde,SWE,SWE,71,200,2011,ANA,5,22,143,
2014,Max Pacioretty,MTL,L,35,1988-11-20,New Canaan,CT,USA,USA,74,217,2007,MTL,1,22,22
2014,Max Reinhart,CGY,C,32,1992-02-04,West Vancouver,BC,CAN,CAN,73,195,2010,CGY,3,4,64
2014,Max Talbot,"BOS, COL",C,40,1984-02-11,Lemoyne,QC,CAN,CAN,71,186,2002,PIT,8,5,234
2014,Maxim Lapierre,"PIT, STL",C,38,1985-03-29,Saint-Léonard,QC,CAN,CAN,74,215,2003,MTL,2,31,61
2014,Melker Karlsson,S.J,C,33,1990-07-18,Lycksele,SWE,SWE,72,180,-,-,-,-,-,
2014,Michael Bournival,MTL,L,31,1992-05-31,Shawinigan,QC,CAN,CAN,71,198,2010,COL,3,11,71
2014,Michael Chaput,CBJ,C,31,1992-04-09,Ile Bizard,QC,CAN,CAN,74,199,2010,PHI,3,29,89
2014,Michael Del Zotto,PHI,D,33,1990-06-24,Stouffville,ON,CAN,CAN,72,195,2008,NYR,1,20,20
2014,Michael Frolik,WPG,R,36,1988-02-17,Kladno,CZE,CZE,73,186,2006,FLA,1,10,10,
2014,Michael Grabner,NYI,R,36,1987-10-05,Villach,AUT,AUT,73,188,2006,VAN,1,14,14,
2014,Michael Kostka,NYR,D,38,1985-11-28,Etobicoke,ON,CAN,CAN,73,210,-,-,-,-,-
2014,Michael Latta,WSH,C,32,1991-05-25,Kitchener,ON,CAN,CAN,72,188,2009,NSH,3,11,72
2014,Michael Paliotta,CHI,D,30,1993-04-06,Westport,CT,USA,USA,76,207,2011,CHI,3,9,70
2014,Michael Raffl,PHI,L,35,1988-12-01,Villach,AUT,AUT,73,205,-,-,-,-,-,
2014,Michael Ryder,N.J,R,43,1980-03-31,Bonavista,NL,CAN,CAN,73,200,1998,MTL,8,16,216
2014,Michael Sgarbossa,COL,C,31,1992-07-25,Campbellville,ON,CAN,CAN,72,179,-,-,-,-,-
2014,Michael Stone,ARI,D,33,1990-06-07,Winnipeg,MB,CAN,CAN,75,210,2008,PHX,3,8,69
2014,Michal Jordan,CAR,D,33,1990-07-17,Zlin,CZE,CZE,73,195,2008,CAR,4,14,105,
2014,Michal Rozsival,CHI,D,45,1978-09-03,Vlasim,CZE,CZE,73,210,1996,PIT,4,25,105,
2014,Micheal Ferland,CGY,L,31,1992-04-20,Swan River,MB,CAN,CAN,74,217,2010,CGY,5,13,133
2014,Micheal Haley,S.J,C,37,1986-03-30,Guelph,ON,CAN,CAN,71,213,-,-,-,-,-
2014,Miikka Salomaki,NSH,R,31,1993-03-09,Raahe,FIN,FIN,71,203,2011,NSH,2,22,52,
2014,Mika Zibanejad,OTT,C,30,1993-04-18,Huddinge,SWE,SWE,74,202,2011,OTT,1,6,6,
2014,Mikael Backlund,CGY,C,35,1989-03-17,Vasteras,SWE,SWE,72,206,2007,CGY,1,24,24,
2014,Mikael Granlund,MIN,"C, R",32,1992-02-26,Oulu,FIN,FIN,70,185,2010,MIN,1,9,9,
2014,Mike Angelidis,T.B,L,38,1985-06-27,Woodbridge,ON,CAN,CAN,73,214,-,-,-,-,-
2014,Mike Blunden,T.B,R,37,1986-12-15,Toronto,ON,CAN,CAN,76,217,2005,CHI,2,13,43
2014,Mike Brown,S.J,R,38,1985-06-24,Chicago,IL,USA,USA,71,205,2004,VAN,5,30,159
2014,Mike Cammalleri,N.J,L,41,1982-06-08,Toronto,ON,CAN,CAN,69,185,2001,L.A,2,19,49
2014,Mike Fisher,NSH,C,43,1980-06-05,Peterborough,ON,CAN,CAN,73,216,1998,OTT,2,17,44
2014,Mike Green,WSH,D,38,1985-10-12,Calgary,AB,CAN,CAN,73,210,2004,WSH,1,29,29
2014,Mike Hoffman,OTT,L,34,1989-11-24,Kitchener,ON,CAN,CAN,72,190,2009,OTT,5,9,130
2014,Mike Ribeiro,NSH,C,44,1980-02-10,Montreal,QC,CAN,CAN,72,179,1998,MTL,2,18,45
2014,Mike Richards,L.A,C,39,1985-02-11,Kenora,ON,CAN,CAN,71,196,2003,PHI,1,24,24
2014,Mike Santorelli,"NSH, TOR",C,38,1985-12-14,Vancouver,BC,CAN,CAN,72,189,2004,NSH,6,15,178
2014,Mike Sislo,N.J,R,36,1988-01-20,Superior,WI,USA,USA,71,190,-,-,-,-,-
2014,Mike Weaver,MTL,D,45,1978-05-02,Brampton,ON,CAN,CAN,70,186,-,-,-,-,-
2014,Mike Weber,BUF,D,36,1987-12-16,Pittsburgh,PA,USA,USA,74,188,2006,BUF,2,27,57
2014,Mikhail Grabovski,NYI,C,40,1984-01-31,Potsdam,DEU,BLR,71,186,2004,MTL,5,21,150,
2014,Mikhail Grigorenko,BUF,C,29,1994-05-16,Khabarovsk,RUS,RUS,75,206,2012,BUF,1,12,12,
2014,Mikkel Boedker,ARI,L,34,1989-12-16,Brondby,DNK,DNK,72,207,2008,PHX,1,8,8,
2014,Mikko Koivu,MIN,C,41,1983-03-12,Turku,FIN,FIN,75,213,2001,MIN,1,6,6,
2014,Milan Lucic,BOS,L,35,1988-06-07,Vancouver,BC,CAN,CAN,75,240,2006,BOS,2,20,50
2014,Milan Michalek,OTT,L,39,1984-12-07,Jindrichuv Hradec,CZE,CZE,74,225,2003,S.J,1,6,6,
2014,Mirco Mueller,S.J,D,29,1995-03-21,Winterthur,CHE,CHE,75,210,2013,S.J,1,18,18,
2014,Morgan Rielly,TOR,D,30,1994-03-09,Vancouver,BC,CAN,CAN,73,222,2012,TOR,1,5,5
2014,Nail Yakupov,EDM,R,30,1993-10-06,Nizhnekamsk,RUS,RUS,71,195,2012,EDM,1,1,1,
2014,Nate Guenin,COL,D,41,1982-12-10,Aliquippa,PA,USA,USA,75,207,2002,NYR,4,31,127
2014,Nate Prosser,MIN,D,37,1986-05-07,Elk River,MN,USA,USA,74,201,-,-,-,-,-
2014,Nate Schmidt,WSH,D,32,1991-07-16,St. Cloud,MN,USA,USA,72,195,-,-,-,-,-
2014,Nate Thompson,ANA,C,39,1984-10-05,Anchorage,AK,USA,USA,73,205,2003,BOS,6,16,183
2014,Nathan Beaulieu,MTL,D,31,1992-12-05,Strathroy,ON,CAN,CAN,74,200,2011,MTL,1,17,17
2014,Nathan Gerbe,CAR,C,36,1987-07-24,Oxford,MI,USA,USA,64,176,2005,BUF,5,17,142
2014,Nathan MacKinnon,COL,C,28,1995-09-01,Halifax,NS,CAN,CAN,72,200,2013,COL,1,1,1
2014,Nazem Kadri,TOR,C,33,1990-10-06,London,ON,CAN,CAN,72,185,2009,TOR,1,7,7
2014,Nick Bjugstad,FLA,C,31,1992-07-17,Minneapolis,MN,USA,USA,78,209,2010,FLA,1,19,19
2014,Nick Bonino,VAN,C,35,1988-04-20,Hartford,CT,USA,USA,73,195,2007,S.J,6,22,173
2014,Nick Cousins,PHI,C,30,1993-07-20,Belleville,ON,CAN,CAN,71,192,2011,PHI,3,7,68
2014,Nick Foligno,CBJ,L,36,1987-10-31,Buffalo,NY,USA,USA,72,210,2006,OTT,1,28,28
2014,Nick Holden,COL,D,36,1987-05-15,St. Albert,AB,CAN,CAN,76,210,-,-,-,-,-
2014,Nick Leddy,NYI,D,33,1991-03-20,Eden Prairie,MN,USA,USA,72,205,2009,MIN,1,16,16
2014,Nick Schultz,PHI,D,41,1982-08-25,Strasbourg,SK,CAN,CAN,73,203,2000,MIN,2,3,33
2014,Nick Shore,L.A,C,31,1992-09-26,Denver,CO,USA,USA,73,198,2011,L.A,3,21,82
2014,Nick Spaling,PIT,C,35,1988-09-19,Palmerston,ON,CAN,CAN,73,198,2007,NSH,2,28,58
2014,Nicklas Backstrom,WSH,C,36,1987-11-23,Gävle,SWE,SWE,73,202,2006,WSH,1,4,4,
2014,Nicklas Grossmann,PHI,D,39,1985-01-22,Stockholm,SWE,SWE,76,230,2004,DAL,2,26,56,
2014,Nicklas Jensen,VAN,R,31,1993-03-06,Herning,DNK,DNK,75,216,2011,VAN,1,29,29,
2014,Nicolas Deslauriers,BUF,L,33,1991-02-22,LaSalle,QC,CAN,CAN,73,220,2009,L.A,3,23,84
2014,Nikita Kucherov,T.B,R,30,1993-06-17,Maykop,RUS,RUS,71,181,2011,T.B,2,28,58,
2014,Nikita Nesterov,T.B,D,30,1993-03-28,Chelyabinsk,RUS,RUS,71,191,2011,T.B,5,27,148,
2014,Nikita Nikitin,EDM,D,37,1986-06-16,Omsk,RUS,RUS,76,217,2004,STL,5,7,136,
2014,Nikita Zadorov,BUF,D,28,1995-04-16,Moscow,RUS,RUS,78,248,2013,BUF,1,16,16,
2014,Niklas Hjalmarsson,CHI,D,36,1987-06-06,Eksjo,SWE,SWE,75,197,2005,CHI,4,17,108,
2014,Niklas Kronwall,DET,D,43,1981-01-12,Stockholm,SWE,SWE,72,194,2000,DET,1,29,29,
2014,Nikolay Kulemin,NYI,L,37,1986-07-14,Magnitogorsk,RUS,RUS,73,228,2006,TOR,2,14,44,
2014,Nino Niederreiter,MIN,R,31,1992-09-08,Chur,CHE,CHE,74,218,2010,NYI,1,5,5,
2014,Oliver Ekman-Larsson,ARI,D,32,1991-07-17,Karlskrona,SWE,SWE,74,200,2009,PHX,1,6,6,
2014,Oliver Lauridsen,PHI,D,34,1989-03-24,Gentofte,DNK,DNK,78,220,2009,PHI,7,15,196,
2014,Olli Jokinen,"NSH, STL, TOR",C,45,1978-12-05,Kuopio,FIN,FIN,74,210,1997,L.A,1,3,3,
2014,Olli Maatta,PIT,D,29,1994-08-22,Jyväskylä,FIN,FIN,74,207,2012,PIT,1,22,22,
2014,Ondrej Palat,T.B,L,32,1991-03-28,Frydek-Mistek,CZE,CZE,72,194,2011,T.B,7,27,208,
2014,Oscar Klefbom,EDM,D,30,1993-07-20,Karlstad,SWE,SWE,75,216,2011,EDM,1,19,19,
2014,Oscar Lindberg,NYR,C,32,1991-10-29,Skellefteå,SWE,SWE,73,202,2010,PHX,2,27,57,
2014,P.K. Subban,MTL,D,34,1989-05-13,Toronto,ON,CAN,CAN,72,210,2007,MTL,2,13,43
2014,PA Parenteau,MTL,R,40,1983-03-24,Hull,QC,CAN,CAN,72,200,2001,ANA,9,5,264
2014,Pascal Dupuis,PIT,R,44,1979-04-07,Laval,QC,CAN,CAN,73,205,-,-,-,-,-
2014,Patric Hornqvist,PIT,R,37,1987-01-01,Sollentuna,SWE,SWE,71,189,2005,NSH,7,36,230,
2014,Patrice Bergeron,BOS,C,38,1985-07-24,Ancienne-Lorette,QC,CAN,CAN,73,196,2003,BOS,2,15,45
2014,Patrice Cormier,WPG,C,33,1990-06-14,Moncton,NB,CAN,CAN,74,215,2008,N.J,2,24,54
2014,Patrick Bordeleau,COL,L,37,1986-03-23,Montreal,QC,CAN,CAN,78,225,2004,MIN,4,16,114
2014,Patrick Brown,CAR,C,31,1992-05-29,Bloomfield Hills,MI,USA,USA,73,210,-,-,-,-,-
2014,Patrick Dwyer,CAR,R,40,1983-06-22,Spokane,WA,USA,USA,71,175,2002,ATL,4,20,116
2014,Patrick Eaves,DAL,R,39,1984-05-01,Calgary,AB,CAN,USA,70,203,2003,OTT,1,29,29
2014,Patrick Kaleta,BUF,R,37,1986-06-08,Buffalo,NY,USA,USA,73,198,2004,BUF,6,13,176
2014,Patrick Kane,CHI,R,35,1988-11-19,Buffalo,NY,USA,USA,70,177,2007,CHI,1,1,1
2014,Patrick Marleau,S.J,"C, L",44,1979-09-15,Aneroid,SK,CAN,CAN,74,215,1997,S.J,1,2,2
2014,Patrick Maroon,ANA,L,35,1988-04-23,St. Louis,MO,USA,USA,75,234,2007,PHI,6,10,161
2014,Patrick Sharp,CHI,L,42,1981-12-27,Winnipeg,MB,CAN,CAN,73,200,2001,PHI,3,32,95
2014,Patrick Wiercioch,OTT,D,33,1990-09-12,Burnaby,BC,CAN,CAN,77,202,2008,OTT,2,12,42
2014,Patrik Berglund,STL,C,35,1988-06-02,Västerås,SWE,SWE,76,215,2006,STL,1,25,25,
2014,Patrik Elias,N.J,C,47,1976-04-13,Trebic,CZE,CZE,73,190,1994,N.J,2,25,51,
2014,Patrik Nemeth,DAL,D,32,1992-02-08,Stockholm,SWE,SWE,76,230,2010,DAL,2,11,41,
2014,Paul Byron,CGY,L,34,1989-04-27,Ottawa,ON,CAN,CAN,69,164,2007,BUF,6,28,179
2014,Paul Carey,COL,C,35,1988-09-24,Boston,MA,USA,USA,73,200,2007,COL,5,14,135
2014,Paul Gaustad,NSH,C,42,1982-02-03,Fargo,ND,USA,USA,77,227,2000,BUF,7,23,220
2014,Paul Martin,PIT,D,43,1981-03-05,Minneapolis,MN,USA,USA,73,200,2000,N.J,2,32,62
2014,Paul Postma,WPG,D,35,1989-02-22,Red Deer,AB,CAN,CAN,75,195,2007,ATL,7,24,205
2014,Paul Stastny,STL,C,38,1985-12-27,Quebec City,QC,CAN,USA,72,193,2005,COL,2,14,44
2014,Pavel Datsyuk,DET,C,45,1978-07-20,Sverdlovsk,RUS,RUS,71,188,1998,DET,6,26,171,
2014,Peter Harrold,N.J,D,40,1983-06-08,Kirtland Hills,OH,USA,USA,71,180,-,-,-,-,-
2014,Peter Holland,TOR,C,33,1991-01-14,Toronto,ON,CAN,CAN,74,193,2009,ANA,1,15,15
2014,Peter Regin,CHI,C,37,1986-04-16,Herning,DNK,DNK,74,190,2004,OTT,3,22,87,
2014,Petr Straka,PHI,R,31,1992-06-15,Plzen,CZE,CZE,73,188,2010,CBJ,2,25,55,
2014,Petter Granberg,TOR,D,31,1992-08-27,Gallivare,SWE,SWE,75,200,2010,TOR,4,26,116,
2014,Petteri Lindbohm,STL,D,30,1993-09-23,Helsinki,FIN,FIN,75,198,2012,STL,6,25,176,
2014,Phil Kessel,TOR,R,36,1987-10-02,Madison,WI,USA,USA,71,208,2006,BOS,1,5,5
2014,Phil Varone,BUF,C,33,1990-12-04,Vaughan,ON,CAN,CAN,70,193,2009,S.J,5,26,147
2014,Philip Samuelsson,ARI,D,32,1991-07-26,Leksand,SWE,SWE,74,194,2009,PIT,2,31,61,
2014,Phillip Danault,CHI,L,31,1993-02-24,Victoriaville,QC,CAN,CAN,73,200,2011,CHI,1,26,26
2014,Pierre-Edouard Bellemare,PHI,L,39,1985-03-06,Le Blanc-Mesnil,FRA,FRA,71,198,-,-,-,-,-,
2014,R.J. Umberger,PHI,C,41,1982-05-03,Pittsburgh,PA,USA,USA,74,214,2001,VAN,1,16,16
2014,Radim Vrbata,VAN,R,42,1981-06-13,Mlada Boleslav,CZE,CZE,73,194,1999,COL,7,26,212,
2014,Radko Gudas,T.B,D,33,1990-06-05,Prague,CZE,CZE,72,208,2010,T.B,3,6,66,
2014,Raman Hrabarenka,N.J,D,31,1992-08-24,Mogilev,BLR,BLR,76,230,-,-,-,-,-,
2014,Raphael Diaz,CGY,D,38,1986-01-09,Baar,CHE,CHE,71,197,-,-,-,-,-,
2014,Rasmus Rissanen,CAR,D,32,1991-07-13,Kuopio,FIN,FIN,75,217,2009,CAR,6,27,178,
2014,Rasmus Ristolainen,BUF,D,29,1994-10-27,Turku,FIN,FIN,76,221,2013,BUF,1,8,8,
2014,Reid Boucher,N.J,C,30,1993-09-08,Lansing,MI,USA,USA,70,195,2011,N.J,4,8,99
2014,Reilly Smith,BOS,R,32,1991-04-01,Toronto,ON,CAN,CAN,73,185,2009,DAL,3,8,69
2014,Rene Bourque,"ANA, CBJ, MTL",R,42,1981-12-10,Lac La Biche,AB,CAN,CAN,74,217,-,-,-,-,-
2014,Rich Clune,NSH,L,36,1987-04-25,Toronto,ON,CAN,CAN,70,207,2005,DAL,3,10,71
2014,Richard Panik,TOR,R,33,1991-02-07,Martin,SVK,SVK,73,203,2009,T.B,2,22,52,
2014,Rick Nash,NYR,R,39,1984-06-16,Brampton,ON,CAN,CAN,76,211,2002,CBJ,1,1,1
2014,Rickard Rakell,ANA,C,30,1993-05-05,Sundbyberg,SWE,SWE,73,195,2011,ANA,1,30,30,
2014,Riley Nash,CAR,C,34,1989-05-09,Consort,AB,CAN,CAN,74,188,2007,EDM,1,21,21
2014,Riley Sheahan,DET,C,32,1991-12-07,St. Catharines,ON,CAN,CAN,74,214,2010,DET,1,21,21
2014,Rob Klinkhammer,"ARI, EDM, PIT",L,37,1986-08-12,Lethbridge,AB,CAN,CAN,75,214,-,-,-,-,-
2014,Rob Scuderi,PIT,D,45,1978-12-30,Syosset,NY,USA,USA,73,216,1998,PIT,5,20,134
2014,Robert Bortuzzo,"PIT, STL",D,35,1989-03-18,Thunder Bay,ON,CAN,CAN,76,216,2007,PIT,3,17,78
2014,Robyn Regehr,L.A,D,43,1980-04-19,Recife,BRA,CAN,75,222,1998,COL,1,19,19,
2014,Rocco Grimaldi,FLA,C,31,1993-02-08,Anaheim,CA,USA,USA,66,180,2011,FLA,2,3,33
2014,Roman Josi,NSH,D,33,1990-06-01,Bern,CHE,CHE,73,201,2008,NSH,2,8,38,
2014,Roman Polak,TOR,D,37,1986-04-28,Ostrava,CZE,CZE,74,240,2004,STL,6,17,180,
2014,Ron Hainsey,CAR,D,42,1981-03-24,Bolton,CT,USA,USA,75,201,2000,MTL,1,13,13
2014,Ronalds Kenins,VAN,L,33,1991-02-28,Riga,LVA,LVA,72,201,-,-,-,-,-,
2014,Ryan Bourque,NYR,C,33,1991-01-03,Boxford,MA,USA,USA,69,188,2009,NYR,3,19,80
2014,Ryan Callahan,T.B,R,39,1985-03-21,Rochester,NY,USA,USA,70,187,2004,NYR,4,29,127
2014,Ryan Carter,MIN,L,40,1983-08-03,White Bear Lake,MN,USA,USA,73,205,-,-,-,-,-
2014,Ryan Craig,CBJ,C,42,1982-01-06,Abbotsford,BC,CAN,CAN,74,213,2002,T.B,8,26,255
2014,Ryan Ellis,NSH,D,33,1991-01-03,Hamilton,ON,CAN,CAN,70,180,2009,NSH,1,11,11
2014,Ryan Garbutt,DAL,C,38,1985-08-12,Edmonton,AB,CAN,CAN,72,195,-,-,-,-,-
2014,Ryan Getzlaf,ANA,C,38,1985-05-10,Regina,SK,CAN,CAN,76,220,2003,ANA,1,19,19
2014,Ryan Hamilton,EDM,L,38,1985-04-15,Oshawa,ON,CAN,CAN,74,219,-,-,-,-,-
2014,Ryan Hartman,CHI,L,29,1994-09-20,Hilton Head Isl.,SC,USA,USA,72,197,2013,CHI,1,30,30
2014,Ryan Johansen,CBJ,C,31,1992-07-31,Vancouver,BC,CAN,CAN,75,218,2010,CBJ,1,4,4
2014,Ryan Kesler,ANA,C,39,1984-08-31,Livonia,MI,USA,USA,74,206,2003,VAN,1,23,23
2014,Ryan Malone,NYR,L,44,1979-12-01,Pittsburgh,PA,USA,USA,76,224,1999,PIT,4,19,115
2014,Ryan McDonagh,NYR,D,34,1989-06-13,St. Paul,MN,USA,USA,73,215,2007,MTL,1,12,12
2014,Ryan Murphy,CAR,D,30,1993-03-31,Aurora,ON,CAN,CAN,71,175,2011,CAR,1,12,12
2014,Ryan Murray,CBJ,D,30,1993-09-27,Regina,SK,CAN,CAN,73,206,2012,CBJ,1,2,2
2014,Ryan Nugent-Hopkins,EDM,C,30,1993-04-12,Burnaby,BC,CAN,CAN,72,195,2011,EDM,1,1,1
2014,Ryan O'Reilly,COL,C,33,1991-02-07,Clinton,ON,CAN,CAN,73,207,2009,COL,2,3,33
2014,Ryan Reaves,STL,R,37,1987-01-20,Winnipeg,MB,CAN,CAN,74,225,2005,STL,5,31,156
2014,Ryan Spooner,BOS,C,32,1992-01-30,Ottawa,ON,CAN,CAN,70,191,2010,BOS,2,15,45
2014,Ryan Stanton,VAN,D,34,1989-07-20,St. Albert,AB,CAN,CAN,73,205,-,-,-,-,-
2014,Ryan Strome,NYI,"C, R",30,1993-07-11,Mississauga,ON,CAN,CAN,73,191,2011,NYI,1,5,5
2014,Ryan Suter,MIN,D,39,1985-01-21,Madison,WI,USA,USA,73,205,2003,NSH,1,7,7
2014,Ryan White,PHI,C,36,1988-03-17,Brandon,MB,CAN,CAN,72,200,2006,MTL,3,3,66
2014,Ryan Wilson,COL,D,37,1987-02-03,Windsor,ON,CAN,CAN,73,210,-,-,-,-,-
2014,Ryane Clowe,N.J,L,41,1982-09-30,St. John's,NL,CAN,CAN,75,188,2001,S.J,6,10,175
2014,Sam Bennett,CGY,C,27,1996-06-20,Holland Landing,ON,CAN,CAN,73,195,2014,CGY,1,4,4
2014,Sam Carrick,TOR,C,32,1992-02-04,Markham,ON,CAN,CAN,72,200,2010,TOR,5,24,144
2014,Sam Gagner,ARI,C,34,1989-08-10,London,ON,CAN,CAN,71,201,2007,EDM,1,6,6
2014,Sam Reinhart,BUF,C,28,1995-11-06,West Vancouver,BC,CAN,CAN,74,193,2014,BUF,1,2,2
2014,Sami Vatanen,ANA,D,32,1991-06-03,Jyväskylä,FIN,FIN,70,185,2009,ANA,4,15,106,
2014,Scott Gomez,N.J,C,44,1979-12-23,Anchorage,AK,USA,USA,71,200,1998,N.J,1,27,27
2014,Scott Hannan,S.J,D,45,1979-01-23,Richmond,BC,CAN,CAN,73,215,1997,S.J,1,23,23
2014,Scott Harrington,PIT,D,31,1993-03-10,Kingston,ON,CAN,CAN,74,204,2011,PIT,2,24,54
2014,Scott Hartnell,CBJ,L,41,1982-04-18,Regina,SK,CAN,CAN,74,215,2000,NSH,1,6,6
2014,Scott Laughton,PHI,C,29,1994-05-30,Oakville,ON,CAN,CAN,73,190,2012,PHI,1,20,20
2014,Scott Wilson,PIT,L,31,1992-04-24,Oakville,ON,CAN,CAN,71,177,2011,PIT,7,28,209
2014,Scottie Upshall,FLA,R,40,1983-10-07,Fort McMurray,AB,CAN,CAN,72,200,2002,NSH,1,6,6
2014,Sean Bergenheim,"FLA, MIN",L,40,1984-02-08,Helsinki,FIN,FIN,71,201,2002,NYI,1,22,22,
2014,Sean Collins,CBJ,C,35,1988-12-29,Saskatoon,SK,CAN,CAN,73,198,2008,CBJ,7,6,187
2014,Sean Couturier,PHI,C,31,1992-12-07,Phoenix,AZ,USA,CAN,75,211,2011,PHI,1,8,8
2014,Sean Monahan,CGY,C,29,1994-10-12,Brampton,ON,CAN,CAN,74,196,2013,CGY,1,6,6
2014,Sergei Gonchar,"DAL, MTL",D,49,1974-04-13,Chelyabinsk,RUS,RUS,74,210,1992,WSH,1,14,14,
2014,Seth Griffith,BOS,C,31,1993-01-04,Wallaceburg,ON,CAN,CAN,69,190,2012,BOS,5,10,131
2014,Seth Helgeson,N.J,D,33,1990-10-08,Faribault,MN,USA,USA,76,219,2009,N.J,4,23,114
2014,Seth Jones,NSH,D,29,1994-10-03,Arlington,TX,USA,USA,76,213,2013,NSH,1,4,4
2014,Shane Doan,ARI,R,47,1976-10-10,Halkirk,AB,CAN,CAN,73,223,1995,WIN,1,7,7
2014,Shane O'Brien,FLA,D,40,1983-08-09,Port Hope,ON,CAN,CAN,75,230,2003,ANA,8,21,250
2014,Shane Prince,OTT,L,31,1992-11-16,Rochester,NY,USA,USA,71,193,2011,OTT,2,31,61
2014,Shawn Horcoff,DAL,C,45,1978-09-17,Trail,BC,CAN,CAN,73,210,1998,EDM,4,13,99
2014,Shawn Matthias,VAN,L,36,1988-02-19,Mississauga,ON,CAN,CAN,76,231,2006,DET,2,17,47
2014,Shawn Thornton,FLA,L,46,1977-07-23,Oshawa,ON,CAN,CAN,74,217,1997,TOR,7,29,190
2014,Shayne Gostisbehere,PHI,D,30,1993-04-20,Pembroke Pines,FL,USA,USA,71,180,2012,PHI,3,17,78
2014,Shea Weber,NSH,D,38,1985-08-14,Sicamous,BC,CAN,CAN,76,230,2003,NSH,2,19,49
2014,Sidney Crosby,PIT,C,36,1987-08-07,Cole Harbour,NS,CAN,CAN,71,200,2005,PIT,1,1,1
2014,Simon Despres,"ANA, PIT",D,32,1991-07-27,Laval,QC,CAN,CAN,76,218,2009,PIT,1,30,30
2014,Simon Gagne,BOS,L,44,1980-02-29,Ste. Foy,QC,CAN,CAN,73,195,1998,PHI,1,22,22
2014,Slater Koekkoek,T.B,D,30,1994-02-18,Winchester,ON,CAN,CAN,74,193,2012,T.B,1,10,10
2014,Slava Voynov,L.A,D,34,1990-01-15,Chelyabinsk,RUS,RUS,72,194,2008,L.A,2,2,32,
2014,Stanislav Galiev,WSH,R,32,1992-01-17,Moscow,RUS,RUS,73,197,2010,WSH,3,26,86,
2014,Stefan Elliott,COL,D,33,1991-01-30,Vancouver,BC,CAN,CAN,73,190,2009,COL,2,19,49
2014,Stefan Matteau,N.J,C,30,1994-02-23,Chicago,IL,USA,USA,74,208,2012,N.J,1,29,29
2014,Stefan Noesen,ANA,R,31,1993-02-12,Plano,TX,USA,USA,73,205,2011,OTT,1,21,21
2014,Stephane Robidas,TOR,D,47,1977-03-03,Sherbrooke,QC,CAN,CAN,71,190,1995,MTL,7,8,164
2014,Stephane Veilleux,MIN,L,42,1981-11-16,Beauceville,QC,CAN,CAN,73,200,2001,MIN,3,30,93
2014,Stephen Gionta,N.J,R,40,1983-10-09,Rochester,NY,USA,USA,67,177,-,-,-,-,-
2014,Stephen Weiss,DET,C,40,1983-04-03,Toronto,ON,CAN,CAN,71,190,2001,FLA,1,4,4
2014,Steve Bernier,N.J,R,38,1985-03-31,Quebec City,QC,CAN,CAN,75,222,2003,S.J,1,16,16
2014,Steve Downie,PIT,R,36,1987-04-03,Newmarket,ON,CAN,CAN,71,191,2005,PHI,1,29,29
2014,Steve Oleksy,WSH,D,38,1986-02-04,Chesterfield,MI,USA,USA,72,188,-,-,-,-,-
2014,Steve Ott,STL,C,41,1982-08-19,Summerside,PE,CAN,CAN,72,193,2000,DAL,1,25,25
2014,Steven Kampfer,FLA,D,35,1988-09-24,Ann Arbor,MI,USA,USA,71,198,2007,ANA,4,2,93
2014,Steven Pinizzotto,EDM,R,39,1984-04-26,Mississauga,ON,CAN,CAN,73,205,-,-,-,-,-
2014,Steven Stamkos,T.B,C,34,1990-02-07,Markham,ON,CAN,CAN,72,182,2008,T.B,1,1,1
2014,Stu Bickel,MIN,D,37,1986-10-02,Chanhassen,MN,USA,USA,76,207,-,-,-,-,-
2014,Stuart Percy,TOR,D,30,1993-05-18,Oakville,ON,CAN,CAN,73,187,2011,TOR,1,25,25
2014,Sven Andrighetto,MTL,R,31,1993-03-21,Zurich,CHE,CHE,70,188,2013,MTL,3,25,86,
2014,Sven Baertschi,"CGY, VAN",L,31,1992-10-05,Bern,CHE,CHE,71,190,2011,CGY,1,13,13,
2014,T.J. Oshie,STL,R,37,1986-12-23,Everett,WA,USA,USA,72,187,2005,STL,1,24,24
2014,TJ Brennan,TOR,D,34,1989-04-03,Willingboro,NJ,USA,USA,73,216,2007,BUF,2,1,31
2014,TJ Brodie,CGY,D,33,1990-06-07,Chatham,ON,CAN,CAN,74,187,2008,CGY,4,23,114
2014,TJ Galiardi,WPG,L,35,1988-04-22,Calgary,AB,CAN,CAN,74,185,2007,COL,2,25,55
2014,Tanner Glass,NYR,L,40,1983-11-29,Regina,SK,CAN,CAN,73,213,2003,FLA,9,4,265
2014,Tanner Pearson,L.A,L,31,1992-08-10,Kitchener,ON,CAN,CAN,73,201,2012,L.A,1,30,30
2014,Taylor Beck,NSH,L,32,1991-05-13,St. Catharines,ON,CAN,CAN,74,203,2009,NSH,3,9,70
2014,Taylor Chorney,PIT,D,36,1987-04-27,Thunder Bay,ON,CAN,USA,72,193,2005,EDM,2,6,36
2014,Taylor Fedun,S.J,D,35,1988-06-04,Edmonton,AB,CAN,CAN,73,200,-,-,-,-,-
2014,Taylor Hall,EDM,L,32,1991-11-14,Calgary,AB,CAN,CAN,73,210,2010,EDM,1,1,1
2014,Teddy Purcell,EDM,L,38,1985-09-08,St. John's,NL,CAN,CAN,74,195,-,-,-,-,-
2014,Teemu Pulkkinen,DET,L,32,1992-01-02,Vantaa,FIN,FIN,70,185,2010,DET,4,21,111,
2014,Teuvo Teravainen,CHI,L,29,1994-09-11,Helsinki,FIN,FIN,71,191,2012,CHI,1,18,18,
2014,Thomas Hickey,NYI,D,35,1989-02-08,Calgary,AB,CAN,CAN,72,185,2007,L.A,1,4,4
2014,Thomas Vanek,MIN,L,40,1984-01-19,Vienna,AUT,AUT,74,214,2003,BUF,1,5,5,
2014,Tim Erixon,"CBJ, CHI, TOR",D,33,1991-02-24,Port Chester,NY,USA,SWE,74,200,2009,CGY,1,23,23
2014,Tim Gleason,"CAR, WSH",D,41,1983-01-29,Clawson,MI,USA,USA,72,217,2001,OTT,1,23,23
2014,Tim Jackman,ANA,R,42,1981-11-14,Minot,ND,USA,USA,74,188,2001,CBJ,2,8,38
2014,Tim Schaller,BUF,C,33,1990-11-16,Merrimack,NH,USA,USA,74,204,-,-,-,-,-
2014,Tim Sestito,N.J,L,39,1984-08-28,Rome,NY,USA,USA,71,195,-,-,-,-,-
2014,Tobias Rieder,ARI,R,31,1993-01-10,Landshut,DEU,DEU,71,189,2011,EDM,4,23,114,
2014,Toby Enstrom,WPG,D,39,1984-11-05,Nordingra,SWE,SWE,70,180,2003,ATL,8,10,239,
2014,Tom Gilbert,MTL,D,41,1983-01-10,Bloomington,MN,USA,USA,74,210,2002,COL,4,33,129
2014,Tom Sestito,VAN,L,36,1987-09-28,Rome,NY,USA,USA,77,228,2006,CBJ,3,22,85
2014,Tom Wilson,WSH,R,29,1994-03-29,Toronto,ON,CAN,CAN,76,220,2012,WSH,1,16,16
2014,Tomas Fleischmann,"ANA, FLA",L,39,1984-05-16,Koprivnice,CZE,CZE,73,192,2002,DET,2,33,63,
2014,Tomas Hertl,S.J,C,30,1993-11-12,Praha,CZE,CZE,75,215,2012,S.J,1,17,17,
2014,Tomas Jurco,DET,L,31,1992-12-28,Kosice,SVK,SVK,74,197,2011,DET,2,5,35,
2014,Tomas Kopecky,FLA,R,42,1982-02-05,Ilava,SVK,SVK,75,210,2000,DET,2,8,38,
2014,Tomas Plekanec,MTL,C,41,1982-10-31,Kladno,CZE,CZE,71,190,2001,MTL,3,8,71,
2014,Tomas Tatar,DET,L,33,1990-12-01,Ilava,SVK,SVK,70,173,2009,DET,2,30,60,
2014,Tomas Vincour,COL,C,33,1990-11-19,Brno,CZE,CZE,74,204,2009,DAL,5,8,129,
2014,Tommy Wingels,S.J,C,35,1988-04-12,Evanston,IL,USA,USA,72,200,2008,S.J,6,26,177
2014,Torey Krug,BOS,D,32,1991-04-12,Livonia,MI,USA,USA,69,194,-,-,-,-,-
2014,Torrey Mitchell,"BUF, MTL",C,39,1985-01-30,Greenfield Park,QC,CAN,CAN,71,186,2004,S.J,4,28,126
2014,Travis Hamonic,NYI,D,33,1990-08-16,St. Malo,MB,CAN,CAN,73,200,2008,NYI,2,23,53
2014,Travis Moen,"DAL, MTL",L,41,1982-04-06,Stewart Valley,SK,CAN,CAN,74,215,2000,CGY,5,25,155
2014,Travis Morin,DAL,C,40,1984-01-09,Minneapolis,MN,USA,USA,73,200,2004,WSH,9,5,263
2014,Travis Zajac,N.J,C,38,1985-05-13,Winnipeg,MB,CAN,CAN,74,185,2004,N.J,1,20,20
2014,Trevor Daley,DAL,D,40,1983-10-09,Toronto,ON,CAN,CAN,71,199,2002,DAL,2,13,43
2014,Trevor Lewis,L.A,C,37,1987-01-08,Salt Lake City,UT,USA,USA,73,201,2006,L.A,1,17,17
2014,Trevor Smith,TOR,C,39,1985-02-08,Ottawa,ON,CAN,CAN,73,195,-,-,-,-,-
2014,Trevor van Riemsdyk,CHI,D,32,1991-07-24,Middletown,NJ,USA,USA,75,191,-,-,-,-,-
2014,Troy Bodie,TOR,R,39,1985-01-25,Portage La Prairie,MB,CAN,CAN,77,226,2003,EDM,9,17,278
2014,Troy Brouwer,WSH,R,38,1985-08-17,Vancouver,BC,CAN,CAN,75,213,2004,CHI,7,21,214
2014,Tuomo Ruutu,N.J,L,41,1983-02-16,Vantaa,FIN,FIN,72,200,2001,CHI,1,9,9,
2014,Ty Rattie,STL,R,31,1993-02-05,Calgary,AB,CAN,CAN,71,183,2011,STL,2,2,32
2014,Tye McGinn,"ARI, S.J",L,33,1990-07-29,Fergus,ON,CAN,CAN,75,218,2010,PHI,4,29,119
2014,Tyler Bozak,TOR,C,38,1986-03-19,Regina,SK,CAN,CAN,73,187,-,-,-,-,-
2014,Tyler Ennis,BUF,"C, L",34,1989-10-06,Edmonton,AB,CAN,CAN,69,160,2008,BUF,1,26,26
2014,Tyler Gaudet,ARI,C,30,1993-04-04,Hamilton,ON,CAN,CAN,75,217,-,-,-,-,-
2014,Tyler Graovac,MIN,C,30,1993-04-27,Brampton,ON,CAN,CAN,77,208,2011,MIN,7,10,191
2014,Tyler Johnson,T.B,C,33,1990-07-29,Spokane,WA,USA,USA,68,185,-,-,-,-,-
2014,Tyler Kennedy,"NYI, S.J",C,37,1986-07-15,Sault Ste. Marie,ON,CAN,CAN,71,185,2004,PIT,4,1,99
2014,Tyler Myers,"BUF, WPG",D,34,1990-02-01,Houston,TX,USA,CAN,80,229,2008,BUF,1,12,12
2014,Tyler Pitlick,EDM,R,32,1991-11-01,Minneapolis,MN,USA,USA,74,200,2010,EDM,2,1,31
2014,Tyler Seguin,DAL,C,32,1992-01-31,Brampton,ON,CAN,CAN,73,205,2010,BOS,1,2,2
2014,Tyler Toffoli,L.A,C,31,1992-04-24,Scarborough,ON,CAN,CAN,72,203,2010,L.A,2,17,47
2014,Tyler Wotherspoon,CGY,D,31,1993-03-12,Burnaby,BC,CAN,CAN,74,207,2011,CGY,2,27,57
2014,Tyson Barrie,COL,D,32,1991-07-26,Victoria,BC,CAN,CAN,71,197,2009,COL,3,3,64
2014,Tyson Strachan,BUF,D,39,1984-10-30,Melfort,SK,CAN,CAN,75,210,2003,CAR,5,1,137
2014,Valeri Nichushkin,DAL,R,29,1995-03-04,Chelyabinsk,RUS,RUS,76,210,2013,DAL,1,10,10,
2014,Valtteri Filppula,T.B,C,40,1984-03-20,Vantaa,FIN,FIN,72,189,2002,DET,3,32,95,
2014,Vernon Fiddler,DAL,C,43,1980-05-09,Edmonton,AB,CAN,CAN,71,205,-,-,-,-,-
2014,Victor Bartley,NSH,D,36,1988-02-17,Ottawa,ON,CAN,CAN,72,217,-,-,-,-,-
2014,Victor Hedman,T.B,D,33,1990-12-18,Ornskoldsvik,SWE,SWE,79,244,2009,T.B,1,2,2,
2014,Victor Rask,CAR,C,31,1993-03-01,Leksand,SWE,SWE,74,199,2011,CAR,2,12,42,
2014,Viktor Arvidsson,NSH,L,30,1993-04-08,Skellefteå,SWE,SWE,70,185,2014,NSH,4,22,112,
2014,Viktor Stalberg,NSH,L,38,1986-01-17,Gothenburg,SWE,SWE,75,209,2006,TOR,6,8,161,
2014,Vincent Lecavalier,PHI,C,43,1980-04-21,Ile Bizard,QC,CAN,CAN,76,215,1998,T.B,1,1,1
2014,Vincent Trocheck,FLA,C,30,1993-07-11,Pittsburgh,PA,USA,USA,71,184,2011,FLA,3,3,64
2014,Vladimir Tarasenko,STL,R,32,1991-12-13,Yaroslavl,RUS,RUS,73,228,2010,STL,1,16,16,
2014,Vladislav Namestnikov,T.B,C,31,1992-11-22,Zhukovskiy,RUS,RUS,72,179,2011,T.B,1,27,27,
2014,Wayne Simmonds,PHI,R,35,1988-08-26,Scarborough,ON,CAN,CAN,74,184,2007,L.A,2,31,61
2014,Will Acton,EDM,C,36,1987-07-16,Edina,MN,USA,USA,75,202,-,-,-,-,-
2014,William Karlsson,"ANA, CBJ",C,31,1993-01-08,Marsta,SWE,SWE,72,190,2011,ANA,2,23,53,
2014,Willie Mitchell,FLA,D,46,1977-04-23,Port McNeill,BC,CAN,CAN,75,210,1996,N.J,8,10,199
2014,Xavier Ouellet,DET,D,30,1993-07-29,Bayonne,FRA,FRA,72,197,2011,DET,2,18,48,
2014,Yannick Weber,VAN,D,35,1988-09-23,Morges,CHE,CHE,71,200,2007,MTL,3,12,73,
2014,Zac Dalpe,BUF,C,34,1989-11-01,Paris,ON,CAN,CAN,74,197,2008,CAR,2,15,45
2014,Zac Rinaldo,PHI,C,33,1990-06-15,Mississauga,ON,CAN,CAN,70,192,2008,PHI,6,27,178
2014,Zach Bogosian,"BUF, WPG",D,33,1990-07-15,Massena,NY,USA,USA,74,222,2008,ATL,1,3,3
2014,Zach Boychuk,CAR,L,34,1989-10-04,Airdrie,AB,CAN,CAN,70,185,2008,CAR,1,14,14
2014,Zach Parise,MIN,L,39,1984-07-28,Minneapolis,MN,USA,USA,71,195,2003,N.J,1,17,17
2014,Zach Redmond,COL,D,35,1988-07-26,Traverse City,MI,USA,USA,74,212,2008,ATL,7,3,184
2014,Zach Sill,"PIT, TOR",C,35,1988-05-24,Truro,NS,CAN,CAN,72,214,-,-,-,-,-
2014,Zach Trotman,BOS,D,33,1990-08-26,Carmel,IN,USA,USA,75,217,2010,BOS,7,30,210
2014,Zack Kassian,VAN,R,33,1991-01-24,Windsor,ON,CAN,CAN,75,211,2009,BUF,1,13,13
2014,Zack Smith,OTT,C,35,1988-04-05,Maple Creek,SK,CAN,CAN,74,208,2008,OTT,3,18,79
2014,Zbynek Michalek,"ARI, STL",D,41,1982-12-23,Jindrichuv Hradec,CZE,CZE,74,210,-,-,-,-,-,
2014,Zdeno Chara,BOS,D,47,1977-03-18,Trencin,SVK,SVK,81,250,1996,NYI,3,4,56,
2014,Zemgus Girgensons,BUF,C,30,1994-01-05,Riga,LVA,LVA,74,200,2012,BUF,1,14,14,
