Year,Player,Team,Position,Age,Date of Birth,Birth City,Birth State/Province,Birth Country,Nationality,Height (in),Weight (lbs),Draft Year,Draft Team,Draft Round,Round Pick,Overall Draft Position
2007,Aaron Downey,DET,R,49,1974-08-27,Shelburne,ON,CAN,CAN,73,215,-,-,-,-,-
2007,Aaron Johnson,NYI,D,40,1983-04-30,Port Hawkesbury,NS,CAN,CAN,73,204,2001,CBJ,3,22,85
2007,Aaron Miller,VAN,D,52,1971-08-11,Buffalo,NY,USA,USA,75,210,1989,NYR,5,4,88
2007,Aaron Rome,CBJ,D,40,1983-09-27,Nesbitt,MB,CAN,CAN,73,220,2002,L.A,4,8,104
2007,Aaron Voros,MIN,L,42,1981-07-02,Vancouver,BC,CAN,CAN,74,210,2001,N.J,8,2,229
2007,Aaron Ward,BOS,D,51,1973-01-17,Windsor,ON,CAN,CAN,74,209,1991,WIN,1,5,5
2007,Adam Berti,CHI,L,37,1986-07-01,Scarborough,ON,CAN,CAN,75,205,2004,CHI,3,3,68
2007,Adam Burish,CHI,R,41,1983-01-06,Madison,WI,USA,USA,73,195,2002,CHI,9,22,282
2007,Adam Foote,"CBJ, COL",D,52,1971-07-10,Toronto,ON,CAN,CAN,74,220,1989,QUE,2,1,22
2007,Adam Hall,PIT,R,43,1980-08-14,Kalamazoo,MI,USA,USA,74,212,1999,NSH,2,24,52
2007,Adam Mair,BUF,C,45,1979-02-15,Hamilton,ON,CAN,CAN,73,208,1997,TOR,4,4,84
2007,Adam Pineault,CBJ,R,37,1986-05-23,Holyoke,MA,USA,USA,73,201,2004,CBJ,2,16,46
2007,Adrian Aucoin,CGY,D,50,1973-07-03,Ottawa,ON,CAN,CAN,74,215,1992,VAN,5,21,117
2007,Alain Nasreddine,PIT,D,48,1975-07-10,Montreal,QC,CAN,CAN,73,204,1993,FLA,6,5,135
2007,Ales Hemsky,EDM,R,40,1983-08-13,Pardubice,CZE,CZE,72,177,2001,EDM,1,13,13,
2007,Ales Kotalik,BUF,R,45,1978-12-23,Jindrichuv Hradec,CZE,CZE,73,225,1998,BUF,6,19,164,
2007,Alex Foster,TOR,C,39,1984-08-26,Canton,MI,USA,USA,72,200,-,-,-,-,-
2007,Alex Frolov,L.A,L,41,1982-06-19,Moscow,RUS,RUS,74,210,2000,L.A,1,20,20,
2007,Alex Goligoski,PIT,D,38,1985-07-30,Grand Rapids,MN,USA,USA,71,173,2004,PIT,2,31,61
2007,Alex Kovalev,MTL,R,51,1973-02-24,Togliatti,RUS,RUS,74,222,1991,NYR,1,15,15,
2007,Alex Ovechkin,WSH,L,38,1985-09-17,Moscow,RUS,RUS,75,238,2004,WSH,1,1,1,
2007,Alex Tanguay,CGY,L,44,1979-11-21,Ste-Justine,QC,CAN,CAN,73,194,1998,COL,1,12,12
2007,Alexander Edler,VAN,D,37,1986-04-21,Ostersund,SWE,SWE,76,210,2004,VAN,3,26,91,
2007,Alexander Nikulin,OTT,C,38,1985-08-25,Perm,RUS,RUS,73,198,2004,OTT,4,24,122,
2007,Alexander Radulov,NSH,R,37,1986-07-05,Nizhny Tagil,RUS,RUS,73,200,2004,NSH,1,15,15,
2007,Alexander Semin,WSH,R,40,1984-03-03,Krasnojarsk,RUS,RUS,74,211,2002,WSH,1,13,13,
2007,Alexander Steen,TOR,L,40,1984-03-01,Winnipeg,MB,CAN,SWE,72,211,2002,TOR,1,24,24
2007,Alexandre Burrows,VAN,L,42,1981-04-11,Pincourt,QC,CAN,CAN,73,197,-,-,-,-,-
2007,Alexandre Picard,"PHI, T.B",D,38,1985-07-05,Gatineau,QC,CAN,CAN,75,215,2003,PHI,3,17,85
2007,Alexandre Picard,CBJ,L,38,1985-10-09,Les Saules,QC,CAN,CAN,74,206,2004,CBJ,1,8,8
2007,Alexei Ponikarovsky,TOR,L,43,1980-04-09,Kiev,UKR,UKR,76,225,1998,TOR,4,1,87,
2007,Alexei Semenov,S.J,D,42,1981-04-10,Murmansk,RUS,RUS,78,245,1999,EDM,2,8,36,
2007,Alexei Zhitnik,ATL,D,51,1972-10-10,Kiev,UKR,UKR,71,225,1991,L.A,4,15,81,
2007,Allan Rourke,EDM,D,44,1980-03-06,Mississauga,ON,CAN,CAN,74,215,1998,TOR,6,9,154
2007,Anders Eriksson,CGY,D,49,1975-01-09,Bollnas,SWE,SWE,75,224,1993,DET,1,22,22,
2007,Andre Roy,T.B,R,49,1975-02-08,Port Chester,NY,USA,USA,76,229,1994,BOS,6,21,151
2007,Andreas Karlsson,T.B,C,48,1975-08-19,Luvika,SWE,SWE,76,201,1993,CGY,6,18,148,
2007,Andreas Lilja,DET,D,48,1975-07-13,Helsingborg,SWE,SWE,75,220,2000,L.A,2,24,54,
2007,Andrei Kostitsyn,MTL,L,39,1985-02-03,Novopolotsk,BLR,BLR,72,214,2003,MTL,1,10,10,
2007,Andrei Markov,MTL,D,45,1978-12-20,Voskresensk,RUS,RUS,72,200,1998,MTL,6,17,162,
2007,Andrei Zyuzin,CHI,D,46,1978-01-21,Ufa,RUS,RUS,73,208,1996,S.J,1,2,2,
2007,Andrej Meszaros,OTT,D,38,1985-10-13,Povaská Bystrica,SVK,SVK,74,223,2004,OTT,1,23,23,
2007,Andrej Sekera,BUF,D,37,1986-06-08,Bojnice,SVK,SVK,72,200,2004,BUF,3,6,71,
2007,Andrew Alberts,BOS,D,42,1981-06-30,Minneapolis,MN,USA,USA,77,218,2001,BOS,6,14,179
2007,Andrew Brunette,COL,L,50,1973-08-24,Sudbury,ON,CAN,CAN,73,215,1993,WSH,7,18,174
2007,Andrew Cogliano,EDM,"C, L",36,1987-06-14,Toronto,ON,CAN,CAN,70,179,2005,EDM,1,25,25
2007,Andrew Ebbett,ANA,C,41,1983-01-02,Vernon,BC,CAN,CAN,69,174,-,-,-,-,-
2007,Andrew Ference,BOS,D,45,1979-03-17,Edmonton,AB,CAN,CAN,71,182,1997,PIT,8,18,208
2007,Andrew Ladd,"CAR, CHI",L,38,1985-12-12,Maple Ridge,BC,CAN,CAN,75,205,2004,CAR,1,4,4
2007,Andrew Murray,CBJ,C,42,1981-11-06,Selkirk,MB,CAN,CAN,74,210,2001,CBJ,8,15,242
2007,Andrew Peters,BUF,L,43,1980-05-05,St. Catharines,ON,CAN,CAN,76,240,1998,BUF,2,7,34
2007,Andy Greene,N.J,D,41,1982-10-30,Trenton,MI,USA,USA,71,190,-,-,-,-,-
2007,Andy Hilbert,NYI,L,43,1981-02-06,Howell,MI,USA,USA,70,188,2000,BOS,2,7,37
2007,Andy McDonald,"ANA, STL",L,46,1977-08-25,Strathroy,ON,CAN,CAN,70,175,-,-,-,-,-
2007,Andy Sutton,NYI,D,49,1975-03-10,Kingston,ON,CAN,CAN,78,245,-,-,-,-,-
2007,Andy Wozniewski,TOR,D,43,1980-05-25,Buffalo Grove,IL,USA,USA,77,225,-,-,-,-,-
2007,Anthony Stewart,FLA,R,39,1985-01-05,LaSalle,QC,CAN,CAN,75,230,2003,FLA,1,25,25
2007,Antoine Vermette,OTT,C,41,1982-07-20,St. Agapit,QC,CAN,CAN,73,197,2000,OTT,2,25,55
2007,Anton Stralman,TOR,D,37,1986-08-01,Tibro,SWE,SWE,71,193,2005,TOR,7,22,216,
2007,Anton Volchenkov,OTT,D,42,1982-02-25,Moscow,RUS,RUS,73,220,2000,OTT,1,21,21,
2007,Antti Miettinen,DAL,R,43,1980-07-03,Hämeenlinna,FIN,FIN,72,190,2000,DAL,7,27,224,
2007,Antti Pihlstrom,NSH,L,39,1984-10-22,Vantaa,FIN,FIN,71,190,-,-,-,-,-,
2007,Anze Kopitar,L.A,C,36,1987-08-24,Jesenice,SVN,SVN,75,225,2005,L.A,1,11,11,
2007,Arron Asham,N.J,R,45,1978-04-13,Portage La Prairie,MB,CAN,CAN,71,210,1996,MTL,3,19,71
2007,B.J. Crombeen,DAL,R,38,1985-07-10,Denver,CO,USA,USA,74,209,2003,DAL,2,24,54
2007,Barret Jackman,STL,D,43,1981-03-05,Trail,BC,CAN,CAN,72,203,1999,STL,1,17,17
2007,Barry Tallackson,N.J,R,40,1983-04-14,Grafton,ND,USA,USA,77,215,2002,N.J,2,23,53
2007,Bates Battaglia,TOR,L,48,1975-12-13,Chicago,IL,USA,USA,74,205,1994,ANA,6,2,132
2007,Ben Eager,"CHI, PHI",L,40,1984-01-22,Ottawa,ON,CAN,CAN,74,226,2002,PHX,1,23,23
2007,Ben Guite,COL,R,45,1978-07-17,Montreal,QC,CAN,CAN,73,210,1997,MTL,7,11,172
2007,Ben Ondrus,TOR,R,41,1982-06-25,Sherwood Park,AB,CAN,CAN,71,208,-,-,-,-,-
2007,Ben Walter,NYI,C,39,1984-05-11,Beaconsfield,QC,CAN,CAN,73,190,2004,BOS,5,31,160
2007,Benoit Pouliot,MIN,L,37,1986-09-29,Alfred,ON,CAN,CAN,75,200,2005,MIN,1,4,4
2007,Bill Guerin,NYI,R,53,1970-11-09,Worcester,MA,USA,USA,74,220,1989,N.J,1,5,5
2007,Bill Thomas,PHX,R,40,1983-06-20,Pittsburgh,PA,USA,USA,73,185,-,-,-,-,-
2007,Blair Betts,NYR,C,44,1980-02-16,Edmonton,AB,CAN,CAN,75,210,1998,CGY,2,6,33
2007,Blair Jones,T.B,C,37,1986-09-27,Central Butte,SK,CAN,CAN,74,216,2005,T.B,4,11,102
2007,Blake Comeau,NYI,L,38,1986-02-18,Meadow Lake,SK,CAN,CAN,73,200,2004,NYI,2,17,47
2007,Bobby Allen,BOS,D,45,1978-11-14,Weymouth,MA,USA,USA,72,201,1998,BOS,2,25,52
2007,Bobby Holik,ATL,C,53,1971-01-01,Jihlava,CZE,CZE,76,230,1989,HFD,1,10,10,
2007,Bobby Ryan,ANA,R,37,1987-03-17,Cherry Hill,NJ,USA,USA,74,208,2005,ANA,1,2,2
2007,Boris Valabik,ATL,D,38,1986-02-14,Nitra,SVK,SVK,79,255,2004,ATL,1,10,10,
2007,Boyd Devereaux,TOR,C,45,1978-04-16,Seaforth,ON,CAN,CAN,74,195,1996,EDM,1,6,6
2007,Boyd Gordon,WSH,C,40,1983-10-19,Unity,SK,CAN,CAN,72,200,2002,WSH,1,17,17
2007,Brad Boyes,STL,R,41,1982-04-17,Mississauga,ON,CAN,CAN,72,199,2000,TOR,1,24,24
2007,Brad Isbister,VAN,L,46,1977-05-07,Edmonton,AB,CAN,CAN,76,225,1995,WIN,3,15,67
2007,Brad Larsen,ATL,L,46,1977-06-28,Nakusp,BC,CAN,CAN,72,210,1997,COL,4,7,87
2007,Brad Lukowich,T.B,D,47,1976-08-12,Cranbrook,BC,CAN,CAN,73,191,1994,NYI,4,12,90
2007,Brad May,ANA,L,52,1971-11-29,Toronto,ON,CAN,CAN,73,213,1990,BUF,1,14,14
2007,Brad Richards,"DAL, T.B",C,43,1980-05-02,Murray Hbr.,PE,CAN,CAN,72,199,1998,T.B,3,6,64
2007,Brad Richardson,COL,C,39,1985-02-04,Belleville,ON,CAN,CAN,72,190,2003,COL,5,27,163
2007,Brad Stuart,"DET, L.A",D,44,1979-11-06,Rocky Mountain House,AB,CAN,CAN,74,215,1998,S.J,1,3,3
2007,Brad Winchester,DAL,L,43,1981-03-01,Madison,WI,USA,USA,77,230,2000,EDM,2,5,35
2007,Brady Murray,L.A,L,39,1984-08-17,Brandon,MB,CAN,USA,70,185,2003,L.A,5,16,152
2007,Brandon Bochenski,"ANA, BOS, NSH",R,41,1982-04-04,Blaine,MN,USA,USA,73,195,2001,OTT,7,27,223
2007,Brandon Dubinsky,NYR,C,37,1986-04-29,Anchorage,AK,USA,USA,74,208,2004,NYR,2,30,60
2007,Brandon Nolan,CAR,C,40,1983-07-18,St. Catharines,ON,CAN,CAN,73,192,2003,VAN,4,10,111
2007,Branislav Mezei,FLA,D,43,1980-10-08,Nitra,SVK,SVK,76,235,1999,NYI,1,10,10,
2007,Branko Radivojevic,MIN,R,43,1980-11-24,Piestany,SVK,SVK,72,208,1999,COL,3,27,93,
2007,Braydon Coburn,PHI,D,39,1985-02-27,Shaunavon,SK,CAN,CAN,77,224,2003,ATL,1,8,8
2007,Brendan Bell,PHX,D,40,1983-03-31,Ottawa,ON,CAN,CAN,74,205,2001,TOR,3,2,65
2007,Brendan Morrison,VAN,C,48,1975-08-15,Pitt Meadows,BC,CAN,CAN,71,176,1993,N.J,2,13,39
2007,Brendan Shanahan,NYR,L,55,1969-01-23,Mimico,ON,CAN,CAN,75,220,1987,N.J,1,2,2
2007,Brendan Witt,NYI,D,49,1975-02-20,Humboldt,SK,CAN,CAN,74,223,1993,WSH,1,11,11
2007,Brenden Morrow,DAL,L,45,1979-01-16,Carlyle,SK,CAN,CAN,71,212,1997,DAL,1,25,25
2007,Brent Burns,MIN,D,39,1985-03-09,Barrie,ON,CAN,CAN,77,230,2003,MIN,1,20,20
2007,Brent Seabrook,CHI,D,38,1985-04-20,Richmond,BC,CAN,CAN,75,220,2003,CHI,1,14,14
2007,Brent Sopel,CHI,D,47,1977-01-07,Calgary,AB,CAN,CAN,74,205,1995,VAN,6,14,144
2007,Bret Hedican,CAR,D,53,1970-08-10,St. Paul,MN,USA,USA,74,210,1988,STL,10,9,198
2007,Brett Clark,COL,D,47,1976-12-23,Wapella,SK,CAN,CAN,72,194,1996,MTL,6,19,154
2007,Brett Lebda,DET,D,42,1982-01-15,Buffalo Grove,IL,USA,USA,69,195,-,-,-,-,-
2007,Brett McLean,FLA,C,45,1978-08-14,Comox,BC,CAN,CAN,71,184,1997,DAL,9,25,242
2007,Brett Sterling,ATL,L,39,1984-04-24,Los Angeles,CA,USA,USA,67,175,2003,ATL,5,9,145
2007,Brian Boyle,L.A,C,39,1984-12-18,Hingham,MA,USA,USA,78,245,2003,L.A,1,26,26
2007,Brian Campbell,"BUF, S.J",D,44,1979-05-23,Strathroy,ON,CAN,CAN,70,192,1997,BUF,6,22,156
2007,Brian Gionta,N.J,R,45,1979-01-18,Rochester,NY,USA,USA,67,178,1998,N.J,3,24,82
2007,Brian Lee,OTT,D,36,1987-03-26,Moorhead,MN,USA,USA,75,200,2005,OTT,1,9,9
2007,Brian McGrattan,OTT,R,42,1981-09-02,Hamilton,ON,CAN,CAN,76,235,1999,L.A,4,8,104
2007,Brian Pothier,WSH,D,46,1977-04-15,New Bedford,MA,USA,USA,72,204,-,-,-,-,-
2007,Brian Rafalski,DET,D,50,1973-09-28,Dearborn,MI,USA,USA,70,194,-,-,-,-,-
2007,Brian Rolston,MIN,R,51,1973-02-21,Flint,MI,USA,USA,74,215,1991,N.J,1,11,11
2007,Brian Sutherby,"ANA, WSH",C,42,1982-03-01,Edmonton,AB,CAN,CAN,74,208,2000,WSH,1,26,26
2007,Brian Willsie,L.A,R,46,1978-03-16,Belmont,ON,CAN,CAN,73,202,1996,COL,6,11,146
2007,Brooks Laich,WSH,C,40,1983-06-23,Wawota,SK,CAN,CAN,74,200,2001,OTT,6,28,193
2007,Brooks Orpik,PIT,D,43,1980-09-26,San Francisco,CA,USA,USA,75,217,2000,PIT,1,18,18
2007,Bruno Gervais,NYI,D,39,1984-10-03,Longueuil,QC,CAN,CAN,73,200,2003,NYI,6,15,182
2007,Bryan Allen,FLA,D,43,1980-08-21,Kingston,ON,CAN,CAN,77,223,1998,VAN,1,4,4
2007,Bryan Berard,NYI,D,47,1977-03-05,Woonsocket,RI,USA,USA,74,220,1995,OTT,1,1,1
2007,Bryan Bickell,CHI,L,38,1986-03-09,Bowmanville,ON,CAN,CAN,76,223,2004,CHI,2,11,41
2007,Bryan Little,ATL,C,36,1987-11-12,Edmonton,AB,CAN,CAN,72,191,2006,ATL,1,12,12
2007,Bryan McCabe,TOR,D,48,1975-06-08,St. Catharines,ON,CAN,CAN,74,223,1993,NYI,2,14,40
2007,Bryan Smolinski,MTL,C,52,1971-12-27,Toledo,OH,USA,USA,73,203,1990,BOS,1,21,21
2007,Bryan Young,EDM,D,37,1986-08-06,Ennismore,ON,CAN,CAN,73,191,2004,EDM,5,17,146
2007,Bryce Salvador,"N.J, STL",D,48,1976-02-11,Brandon,MB,CAN,CAN,75,215,1994,T.B,6,8,138
2007,Byron Ritchie,VAN,C,46,1977-04-24,Burnaby,BC,CAN,CAN,70,190,1995,HFD,7,9,165
2007,Cal Clutterbuck,MIN,R,36,1987-11-18,Welland,ON,CAN,CAN,72,212,2006,MIN,3,9,72
2007,Cam Barker,CHI,D,37,1986-04-04,Winnipeg,MB,CAN,CAN,75,223,2004,CHI,1,3,3
2007,Cam Janssen,STL,R,39,1984-04-15,St. Louis,MO,USA,USA,72,215,2002,N.J,4,21,117
2007,Carlo Colaiacovo,TOR,D,41,1983-01-27,Toronto,ON,CAN,CAN,73,202,2001,TOR,1,17,17
2007,Casey Borer,CAR,D,38,1985-07-28,Minneapolis,MN,USA,USA,74,205,2004,CAR,3,4,69
2007,Chad Kilger,TOR,L,47,1976-11-27,Cornwall,ON,CAN,CAN,76,224,1995,ANA,1,4,4
2007,Chad LaRose,CAR,R,41,1982-03-27,Fraser,MI,USA,USA,70,181,-,-,-,-,-
2007,Chris Bourque,WSH,L,38,1986-01-29,Boston,MA,USA,USA,68,174,2004,WSH,2,3,33
2007,Chris Campoli,NYI,D,39,1984-07-09,Mississauga,ON,CAN,CAN,72,200,2004,NYI,7,34,227
2007,Chris Chelios,DET,D,62,1962-01-25,Chicago,IL,USA,USA,72,191,1981,MTL,2,19,40
2007,Chris Clark,WSH,R,48,1976-03-08,South Windsor,CT,USA,USA,72,191,1994,CGY,3,25,77
2007,Chris Conner,DAL,R,40,1983-12-23,Westland,MI,USA,USA,67,181,-,-,-,-,-
2007,Chris Drury,NYR,C,47,1976-08-20,Trumbull,CT,USA,USA,70,191,1994,QUE,3,20,72
2007,Chris Gratton,T.B,C,48,1975-07-05,Brantford,ON,CAN,CAN,76,226,1993,T.B,1,3,3
2007,Chris Higgins,MTL,L,40,1983-06-02,Smithtown,NY,USA,USA,72,205,2002,MTL,1,14,14
2007,Chris Kelly,OTT,C,43,1980-11-11,Toronto,ON,CAN,CAN,72,190,1999,OTT,3,28,94
2007,Chris Kunitz,ANA,L,44,1979-09-26,Regina,SK,CAN,CAN,72,188,-,-,-,-,-
2007,Chris Minard,PIT,L,42,1981-11-18,Owen sound,ON,CAN,CAN,73,190,-,-,-,-,-
2007,Chris Neil,OTT,R,44,1979-06-18,Flesherton,ON,CAN,CAN,73,209,1998,OTT,6,16,161
2007,Chris Phillips,OTT,D,46,1978-03-09,Calgary,AB,CAN,CAN,75,219,1996,OTT,1,1,1
2007,Chris Pronger,ANA,D,49,1974-10-10,Dryden,ON,CAN,CAN,78,188,1993,HFD,1,2,2
2007,Chris Simon,"MIN, NYI",L,52,1972-01-30,Wawa,ON,CAN,CAN,75,232,1990,PHI,2,4,25
2007,Chris Thorburn,ATL,R,40,1983-06-03,Sault Ste. Marie,ON,CAN,CAN,75,235,2001,BUF,2,20,50
2007,Christian Backman,"NYR, STL",D,43,1980-04-28,Gothenburg,SWE,SWE,76,210,1998,STL,1,24,24,
2007,Christian Ehrhoff,S.J,D,41,1982-07-06,Moers,DEU,DEU,74,201,2001,S.J,4,10,106,
2007,Christoph Schubert,OTT,D,42,1982-02-05,Munich,DEU,DEU,75,230,2001,OTT,4,31,127,
2007,Chuck Kobasew,BOS,R,41,1982-04-17,Vancouver,BC,CAN,CAN,72,192,2001,CGY,1,14,14
2007,Clarke MacArthur,BUF,L,38,1985-04-06,Lloydminster,AB,CAN,CAN,72,192,2003,BUF,3,6,74
2007,Claude Giroux,PHI,C,36,1988-01-12,Hearst,ON,CAN,CAN,71,190,2006,PHI,1,22,22
2007,Clay Wilson,CBJ,D,40,1983-04-05,Sturgeon Lake,MN,USA,USA,72,195,-,-,-,-,-
2007,Cody Bass,OTT,C,37,1987-01-07,Owen sound,ON,CAN,CAN,72,205,2005,OTT,4,4,95
2007,Cody McCormick,COL,C,40,1983-04-18,London,ON,CAN,CAN,74,222,2001,COL,5,13,144
2007,Cody McLeod,COL,L,39,1984-06-26,Binscarth,MB,CAN,CAN,74,204,-,-,-,-,-
2007,Colby Armstrong,"ATL, PIT",R,41,1982-11-23,Lloydminster,SK,CAN,CAN,74,185,2001,PIT,1,21,21
2007,Colin Fraser,CHI,C,39,1985-01-28,Sicamous,BC,CAN,CAN,73,190,2003,PHI,3,1,69
2007,Colin Stuart,ATL,L,41,1982-07-08,Rochester,MN,USA,USA,74,205,2001,ATL,5,4,135
2007,Colin White,N.J,D,46,1977-12-12,New glasgow,NS,CAN,CAN,76,215,1996,N.J,2,23,49
2007,Colton Orr,NYR,R,42,1982-03-03,Winnipeg,MB,CAN,CAN,75,222,-,-,-,-,-
2007,Connor James,PIT,L,41,1982-08-25,Calgary,AB,CAN,CAN,70,180,2002,L.A,9,19,279
2007,Corey Locke,MTL,C,39,1984-05-08,Toronto,ON,CAN,CAN,69,175,2003,MTL,4,12,113
2007,Corey Perry,ANA,R,38,1985-05-16,Peterborough,ON,CAN,CAN,75,208,2003,ANA,1,28,28
2007,Cory Murphy,FLA,D,46,1978-02-13,Kanata,ON,CAN,CAN,69,175,-,-,-,-,-
2007,Cory Sarich,CGY,D,45,1978-08-16,Saskatoon,SK,CAN,CAN,76,207,1996,BUF,2,1,27
2007,Cory Stillman,"CAR, OTT",L,50,1973-12-20,Peterborough,ON,CAN,CAN,72,193,1992,CGY,1,6,6
2007,Craig Adams,"CAR, CHI",R,46,1977-04-26,Seria,BRN,CAN,72,200,1996,HFD,9,8,223,
2007,Craig Conroy,CGY,C,52,1971-09-04,Potsdam,NY,USA,USA,74,193,1990,MTL,6,18,123
2007,Craig MacDonald,T.B,C,46,1977-04-07,Antigonish,NS,CAN,CAN,73,201,1996,HFD,4,8,88
2007,Craig Rivet,S.J,D,49,1974-09-13,North Bay,ON,CAN,CAN,74,207,1992,MTL,3,20,68
2007,Craig Weller,PHX,R,43,1981-03-17,Calgary,AB,CAN,CAN,76,220,2000,STL,5,37,167
2007,Curtis Brown,S.J,C,48,1976-02-12,Unity,SK,CAN,CAN,72,200,1994,BUF,2,17,43
2007,Curtis Glencross,"CBJ, EDM",L,41,1982-12-28,Kindersley,SK,CAN,CAN,73,197,-,-,-,-,-
2007,DJ King,STL,L,39,1984-06-27,Meadow Lake,SK,CAN,CAN,75,231,2002,STL,6,24,190
2007,Dainius Zubrus,N.J,C,45,1978-06-16,Elektrenai,LTU,LTU,77,225,1996,PHI,1,15,15,
2007,Dallas Drake,DET,R,55,1969-02-04,Trail,BC,CAN,CAN,72,186,1989,DET,6,11,116
2007,Dan Boyle,T.B,D,47,1976-07-12,Ottawa,ON,CAN,CAN,71,194,-,-,-,-,-
2007,Dan Fritsche,CBJ,C,38,1985-07-13,Parma,OH,USA,USA,73,204,2003,CBJ,2,16,46
2007,Dan Girardi,NYR,D,39,1984-04-29,Welland,ON,CAN,CAN,73,212,-,-,-,-,-
2007,Dan Hamhuis,NSH,D,41,1982-12-13,Smithers,BC,CAN,CAN,73,204,2001,NSH,1,12,12
2007,Dan Hinote,STL,R,47,1977-01-30,Leesburg,FL,USA,USA,72,187,1996,COL,7,5,167
2007,Dan Jancevski,"DAL, T.B",D,42,1981-06-15,Windsor,ON,CAN,CAN,75,222,1999,DAL,2,38,66
2007,Dane Byers,NYR,L,38,1986-02-21,Nipawin,SK,CAN,CAN,75,204,2004,NYR,2,18,48
2007,Daniel Alfredsson,OTT,R,51,1972-12-11,Gothenburg,SWE,SWE,71,203,1994,OTT,6,3,133,
2007,Daniel Briere,PHI,C,46,1977-10-06,Gatineau,QC,CAN,CAN,69,174,1996,PHX,1,24,24
2007,Daniel Carcillo,PHX,L,39,1985-01-28,King City,ON,CAN,CAN,72,200,2003,PIT,3,5,73
2007,Daniel Cleary,DET,R,45,1978-12-18,Carbonear,NL,CAN,CAN,73,205,1997,CHI,1,13,13
2007,Daniel Paille,BUF,L,39,1984-04-15,Welland,ON,CAN,CAN,73,188,2002,BUF,1,20,20
2007,Daniel Sedin,VAN,L,43,1980-09-26,Ornskoldsvik,SWE,SWE,73,190,1999,VAN,1,2,2,
2007,Daniel Winnik,PHX,L,39,1985-03-06,Toronto,ON,CAN,CAN,74,210,2004,PHX,9,7,265
2007,Danny Richmond,CHI,D,39,1984-08-01,Chicago,IL,USA,USA,73,190,2003,CAR,2,1,31
2007,Dany Heatley,OTT,L,43,1981-01-21,Freiburg,DEU,CAN,75,212,2000,ATL,1,2,2,
2007,Darcy Hordichuk,NSH,L,43,1980-08-10,Kamsack,SK,CAN,CAN,73,215,2000,ATL,6,13,180
2007,Darcy Tucker,TOR,R,49,1975-03-15,Castor,AB,CAN,CAN,70,178,1993,MTL,6,21,151
2007,Darren Haydar,ATL,R,44,1979-10-22,Toronto,ON,CAN,CAN,69,170,1999,NSH,9,5,248
2007,Darren Helm,DET,C,37,1987-01-21,St. Andrews,MB,CAN,CAN,72,192,2005,DET,5,7,132
2007,Darren McCarty,DET,R,51,1972-04-01,Burnaby,BC,CAN,CAN,73,210,1992,DET,2,22,46
2007,Darryl Bootland,NYI,R,42,1981-11-02,Toronto,ON,CAN,CAN,73,197,2000,COL,8,23,252
2007,Darryl Boyce,TOR,C,39,1984-07-07,Summerside,PE,CAN,CAN,72,200,-,-,-,-,-
2007,Darryl Sydor,PIT,D,51,1972-05-13,Edmonton,AB,CAN,CAN,73,211,1990,L.A,1,7,7
2007,Dave Bolland,CHI,C,37,1986-06-05,Mimico,ON,CAN,CAN,72,188,2004,CHI,2,2,32
2007,David Backes,STL,R,39,1984-05-01,Minneapolis,MN,USA,USA,75,215,2003,STL,2,32,62
2007,David Booth,FLA,L,39,1984-11-24,Detroit,MI,USA,USA,72,212,2004,FLA,2,23,53
2007,David Brine,FLA,C,39,1985-01-06,Truro,NS,CAN,CAN,73,201,-,-,-,-,-
2007,David Clarkson,N.J,R,39,1984-03-31,Toronto,ON,CAN,CAN,72,207,-,-,-,-,-
2007,David Hale,CGY,D,42,1981-06-18,Colorado Springs,CO,USA,USA,73,222,2000,N.J,1,22,22
2007,David Jones,COL,R,39,1984-08-10,Guelph,ON,CAN,CAN,75,208,2003,COL,9,27,288
2007,David Koci,CHI,L,42,1981-05-12,Prague,CZE,CZE,78,238,2000,PIT,5,16,146,
2007,David Krejci,BOS,C,37,1986-04-28,Sternberk,CZE,CZE,72,192,2004,BOS,2,33,63,
2007,David Legwand,NSH,C,43,1980-08-17,Detroit,MI,USA,USA,74,207,1998,NSH,1,2,2
2007,David Moss,CGY,R,42,1981-12-28,Livonia,MI,USA,USA,76,210,2001,CGY,7,24,220
2007,David Perron,STL,L,35,1988-05-28,Sherbrooke,QC,CAN,CAN,73,196,2007,STL,1,26,26
2007,David Steckel,WSH,C,42,1982-03-15,Milwaukee,WI,USA,USA,78,215,2001,L.A,1,30,30
2007,David Tanabe,CAR,D,43,1980-07-19,White Bear Lake,MN,USA,USA,73,212,1999,CAR,1,16,16
2007,David Vyborny,CBJ,R,49,1975-01-22,Jihlava,CZE,CZE,70,181,1993,EDM,2,7,33,
2007,Daymond Langkow,CGY,C,47,1976-09-27,Edmonton,AB,CAN,CAN,70,181,1995,T.B,1,5,5
2007,Dean McAmmond,OTT,C,50,1973-06-15,Grand Cache,AB,CAN,CAN,71,195,1991,CHI,1,22,22
2007,Denis Grebeshkov,EDM,D,40,1983-10-11,Yaroslavl,RUS,RUS,72,206,2002,L.A,1,18,18,
2007,Denis Tolpeko,PHI,R,39,1985-01-29,Moscow,RUS,RUS,73,190,-,-,-,-,-,
2007,Dennis Seidenberg,CAR,D,42,1981-07-18,Schwenningen,DEU,DEU,72,199,2001,PHI,6,7,172,
2007,Dennis Wideman,BOS,D,41,1983-03-20,Kitchener,ON,CAN,CAN,72,202,2002,BUF,8,12,241
2007,Derek Armstrong,L.A,C,50,1973-04-23,Ottawa,ON,CAN,CAN,72,197,1992,NYI,6,8,128
2007,Derek Boogaard,MIN,L,41,1982-06-23,Saskatoon,SK,CAN,CAN,79,265,2001,MIN,7,6,202
2007,Derek MacKenzie,CBJ,C,42,1981-06-11,Sudbury,ON,CAN,CAN,71,177,1999,ATL,5,2,128
2007,Derek Meech,DET,D,39,1984-04-21,Winnipeg,MB,CAN,CAN,71,200,2002,DET,7,32,229
2007,Derek Morris,PHX,D,45,1978-08-24,Edmonton,AB,CAN,CAN,72,210,1996,CGY,1,13,13
2007,Derek Roy,BUF,C,40,1983-05-04,Ottawa,ON,CAN,CAN,69,184,2001,BUF,2,2,32
2007,Derian Hatcher,PHI,D,51,1972-06-04,Sterling Heights,MI,USA,USA,77,235,1990,MNS,1,8,8
2007,Derick Brassard,CBJ,C,36,1987-09-22,Hull,QC,CAN,CAN,73,200,2006,CBJ,1,6,6
2007,Devin Setoguchi,S.J,R,37,1987-01-01,Taber,AB,CAN,CAN,72,205,2005,S.J,1,8,8
2007,Dick Tarnstrom,"CBJ, EDM",D,49,1975-01-20,Sundbyberg,SWE,SWE,73,205,1994,NYI,11,12,272,
2007,Dion Phaneuf,CGY,D,38,1985-04-10,Edmonton,AB,CAN,CAN,75,222,2003,CGY,1,9,9
2007,Dmitri Kalinin,BUF,D,43,1980-07-22,Chelyabinsk,RUS,RUS,75,210,1998,BUF,1,18,18,
2007,Dominic Moore,"MIN, TOR",C,43,1980-08-03,Thornhill,ON,CAN,CAN,72,192,2000,NYR,3,30,95
2007,Donald Brashear,WSH,L,52,1972-01-07,Bedford,IN,USA,USA,75,237,-,-,-,-,-
2007,Doug Janik,T.B,D,43,1980-03-26,Agawam,MA,USA,USA,74,211,1999,BUF,2,27,55
2007,Doug Weight,"ANA, STL",C,53,1971-01-21,Detroit,MI,USA,USA,71,202,1990,NYR,2,13,34
2007,Douglas Murray,S.J,D,44,1980-03-12,Bromma,SWE,SWE,75,240,1999,S.J,8,26,241,
2007,Drew Fata,NYI,D,40,1983-07-28,Sault Ste. Marie,ON,CAN,CAN,73,209,2001,PIT,3,23,86
2007,Drew Larman,FLA,C,38,1985-05-15,Buffalo,NY,USA,USA,75,195,-,-,-,-,-
2007,Drew Miller,ANA,L,40,1984-02-17,Dover,NJ,USA,USA,74,183,2003,ANA,6,19,186
2007,Drew Stafford,BUF,R,38,1985-10-30,Milwaukee,WI,USA,USA,74,215,2004,BUF,1,13,13
2007,Duncan Keith,CHI,D,40,1983-07-16,Winnipeg,MB,CAN,CAN,73,192,2002,CHI,2,24,54
2007,Dustin Boyd,CGY,C,37,1986-07-16,Winnipeg,MB,CAN,CAN,72,187,2004,CGY,3,33,98
2007,Dustin Brown,L.A,R,39,1984-11-04,Ithaca,NY,USA,USA,72,205,2003,L.A,1,13,13
2007,Dustin Byfuglien,CHI,D,38,1985-03-27,Roseau,MN,USA,USA,77,260,2003,CHI,8,16,245
2007,Dustin Penner,EDM,R,41,1982-09-28,Winkler,MB,CAN,CAN,76,247,-,-,-,-,-
2007,Duvie Westcott,CBJ,D,46,1977-10-30,Winnipeg,MB,CAN,CAN,71,196,-,-,-,-,-
2007,Ed Jovanovski,PHX,D,47,1976-06-26,Windsor,ON,CAN,CAN,75,220,1994,FLA,1,1,1
2007,Enver Lisin,PHX,R,37,1986-04-22,Moscow,RUS,RUS,74,200,2004,PHX,2,20,50,
2007,Eric Belanger,MIN,C,46,1977-12-16,Sherbrooke,QC,CAN,CAN,71,185,1996,L.A,4,16,96
2007,Eric Boulton,ATL,L,47,1976-08-17,Halifax,NS,CAN,CAN,72,227,1994,NYR,9,26,234
2007,Eric Brewer,STL,D,44,1979-04-17,Vernon,BC,CAN,CAN,76,216,1997,NYI,1,5,5
2007,Eric Fehr,WSH,C,38,1985-09-07,Winkler,MB,CAN,CAN,76,209,2003,WSH,1,18,18
2007,Eric Godard,CGY,R,44,1980-03-07,Vernon,BC,CAN,CAN,76,222,-,-,-,-,-
2007,Eric Nystrom,CGY,L,41,1983-02-14,Syosset,NY,USA,USA,73,200,2002,CGY,1,10,10
2007,Eric Perrin,ATL,C,48,1975-11-01,Laval,QC,CAN,CAN,69,180,-,-,-,-,-
2007,Eric Staal,CAR,C,39,1984-10-29,Thunder Bay,ON,CAN,CAN,76,195,2003,CAR,1,2,2
2007,Erik Christensen,"ATL, PIT",C,40,1983-12-17,Edmonton,AB,CAN,CAN,73,200,2002,PIT,3,6,69
2007,Erik Cole,CAR,L,45,1978-11-06,Oswego,NY,USA,USA,74,205,1998,CAR,3,13,71
2007,Erik Johnson,STL,D,36,1988-03-21,Bloomington,MN,USA,USA,76,225,2006,STL,1,1,1
2007,Ethan Moreau,EDM,L,48,1975-09-22,Huntsville,ON,CAN,CAN,75,223,1994,CHI,1,14,14
2007,Evgeni Malkin,PIT,C,37,1986-07-31,Magnitogorsk,RUS,RUS,75,195,2004,PIT,1,2,2,
2007,Fedor Tyutin,NYR,D,40,1983-07-19,Izhevsk,RUS,RUS,74,221,2001,NYR,2,10,40,
2007,Fernando Pisani,EDM,R,47,1976-12-27,Edmonton,AB,CAN,CAN,73,205,1996,EDM,8,6,195
2007,Filip Kuba,T.B,D,47,1976-12-29,Ostrava,CZE,CZE,76,225,1995,FLA,8,10,192,
2007,Francis Bouillon,MTL,D,48,1975-10-17,New York City,NY,USA,USA,68,194,-,-,-,-,-
2007,Francois Beauchemin,ANA,D,43,1980-06-04,Sorel,QC,CAN,CAN,71,208,1998,MTL,3,17,75
2007,Frans Nielsen,NYI,C,39,1984-04-24,Herning,DNK,DNK,73,186,2002,NYI,3,24,87,
2007,Frantisek Kaberle,CAR,D,50,1973-11-08,Kladno,CZE,CZE,72,190,1999,L.A,3,10,76,
2007,Freddy Meyer,"NYI, PHX",D,43,1981-01-04,Sanbornville,NH,USA,USA,70,185,-,-,-,-,-
2007,Freddy Modin,CBJ,L,49,1974-10-08,Sundsvall,SWE,SWE,76,220,1994,TOR,3,12,64,
2007,Fredrik Sjostrom,"NYR, PHX",L,40,1983-05-06,Färgelanda,SWE,SWE,73,218,2001,PHX,1,11,11,
2007,Gabe Gauthier,L.A,L,40,1984-01-20,Torrance,CA,USA,USA,68,199,-,-,-,-,-
2007,Garnet Exelby,ATL,D,42,1981-08-16,Craik,SK,CAN,CAN,73,215,1999,ATL,8,2,217
2007,Garrett Stafford,DET,D,44,1980-01-28,Los Angeles,CA,USA,USA,73,207,-,-,-,-,-
2007,Garth Murray,"FLA, MTL",C,41,1982-09-17,Regina,SK,CAN,CAN,74,210,2001,NYR,3,16,79
2007,Gary Roberts,PIT,L,57,1966-05-23,North York,ON,CAN,CAN,74,215,1984,CGY,1,12,12
2007,Geoff Platt,ANA,C,38,1985-07-10,Mississauga,ON,CAN,CAN,69,175,-,-,-,-,-
2007,Geoff Sanderson,EDM,L,52,1972-02-01,Hay River,NT,CAN,CAN,72,190,1990,HFD,2,15,36
2007,George Parros,ANA,R,44,1979-12-29,Washington,PA,USA,USA,77,224,1999,L.A,8,7,222
2007,Georges Laraque,PIT,R,47,1976-12-07,Montreal,QC,CAN,CAN,76,245,1995,EDM,2,5,31
2007,Gilbert Brule,CBJ,C,37,1987-01-01,Edmonton,AB,CAN,CAN,71,187,2005,CBJ,1,6,6
2007,Glen Metropolit,BOS,C,49,1974-06-25,Toronto,ON,CAN,CAN,70,196,-,-,-,-,-
2007,Glen Murray,BOS,R,51,1972-11-01,Halifax,NS,CAN,CAN,75,218,1991,BOS,1,18,18
2007,Glen Wesley,CAR,D,55,1968-10-02,Red Deer,AB,CAN,CAN,73,207,1987,BOS,1,3,3
2007,Greg De Vries,NSH,D,51,1973-01-04,Sundridge,ON,CAN,CAN,74,205,-,-,-,-,-
2007,Greg Moore,NYR,R,39,1984-03-26,Lisbon,ME,USA,USA,73,225,2003,CGY,5,7,143
2007,Greg Zanon,NSH,D,43,1980-06-05,Burnaby,BC,CAN,CAN,71,201,2000,OTT,5,26,156
2007,Gregory Campbell,FLA,C,40,1983-12-17,London,ON,CAN,CAN,72,188,2002,FLA,3,4,67
2007,Gregory Stewart,MTL,L,37,1986-05-21,Kitchener,ON,CAN,CAN,74,202,2004,MTL,8,19,246
2007,Guillaume Latendresse,MTL,L,36,1987-05-24,Ste-Catherine,QC,CAN,CAN,74,230,2005,MTL,2,15,45
2007,Hal Gill,"PIT, TOR",D,48,1975-04-06,Concord,MA,USA,USA,79,243,1993,BOS,8,25,207
2007,Henrik Sedin,VAN,C,43,1980-09-26,Ornskoldsvik,SWE,SWE,74,183,1999,VAN,1,3,3,
2007,Henrik Tallinder,BUF,D,45,1979-01-10,Stockholm,SWE,SWE,76,209,1997,BUF,2,22,48,
2007,Henrik Zetterberg,DET,L,43,1980-10-09,Njurunda,SWE,SWE,72,197,1999,DET,7,24,210,
2007,Ian Laperriere,COL,R,50,1974-01-19,Montreal,QC,CAN,CAN,73,200,1992,STL,7,14,158
2007,Ian White,TOR,D,39,1984-06-04,Steinbach,MB,CAN,CAN,70,191,2002,TOR,6,25,191
2007,Ilya Kovalchuk,ATL,R,40,1983-04-15,Tver,RUS,RUS,75,222,2001,ATL,1,1,1,
2007,Ilya Zubov,OTT,C,37,1987-02-14,Chelyabinsk,RUS,RUS,72,211,2005,OTT,4,7,98,
2007,Ivan Baranka,NYR,D,38,1985-05-19,Ilava,SVK,SVK,75,205,2003,NYR,2,20,50,
2007,J-P Dumont,NSH,R,45,1978-04-01,Montreal,QC,CAN,CAN,73,205,1996,NYI,1,3,3
2007,Jack Hillen,NYI,D,38,1986-01-24,Minnetonka,MN,USA,USA,70,190,-,-,-,-,-
2007,Jack Johnson,L.A,D,37,1987-01-13,Indianapolis,IN,USA,USA,73,227,2005,CAR,1,3,3
2007,Jack Skille,CHI,R,36,1987-05-19,Madison,WI,USA,USA,73,216,2005,CHI,1,7,7
2007,Jake Dowell,CHI,C,39,1985-03-04,Eau Claire,WI,USA,USA,72,200,2004,CHI,5,11,140
2007,Jamal Mayers,STL,R,49,1974-10-24,Toronto,ON,CAN,CAN,73,222,1993,STL,4,11,89
2007,James Sheppard,MIN,C,35,1988-04-25,Halifax,NS,CAN,CAN,73,215,2006,MIN,1,9,9
2007,James Wisniewski,CHI,D,40,1984-02-21,Canton,MI,USA,USA,71,203,2002,CHI,5,25,156
2007,Jamie Langenbrunner,N.J,R,48,1975-07-24,Cloquet,MN,USA,USA,73,205,1993,DAL,2,9,35
2007,Jan Hejda,CBJ,D,45,1978-06-18,Prague,CZE,CZE,76,230,2003,BUF,4,5,106,
2007,Jan Hlavac,"NSH, T.B",L,47,1976-09-20,Prague,CZE,CZE,72,201,1995,NYI,2,2,28,
2007,Jannik Hansen,VAN,R,38,1986-03-15,Rødovre,DNK,DNK,73,198,2004,VAN,9,29,287,
2007,Jared Boll,CBJ,R,37,1986-05-13,Charlotte,NC,USA,USA,75,206,2005,CBJ,4,10,101
2007,Jarkko Ruutu,PIT,L,48,1975-08-23,Helsinki,FIN,FIN,73,204,1998,VAN,3,10,68,
2007,Jarome Iginla,CGY,R,46,1977-07-01,Edmonton,AB,CAN,CAN,73,210,1995,DAL,1,11,11
2007,Jaromir Jagr,NYR,R,52,1972-02-15,Kladno,CZE,CZE,75,230,1990,PIT,1,5,5,
2007,Jaroslav Hlinka,COL,C,47,1976-11-10,Prague,CZE,CZE,70,185,-,-,-,-,-,
2007,Jaroslav Modry,"L.A, PHI",D,53,1971-02-27,Ceské Budejovice,CZE,CZE,74,220,1990,N.J,9,11,179,
2007,Jaroslav Spacek,BUF,D,50,1974-02-11,Rokycany,CZE,CZE,72,210,1998,FLA,5,3,117,
2007,Jarret Stoll,EDM,C,41,1982-06-24,Melville,SK,CAN,CAN,73,216,2002,EDM,2,6,36
2007,Jason Arnott,NSH,C,49,1974-10-11,Collingwood,ON,CAN,CAN,77,220,1993,EDM,1,7,7
2007,Jason Blake,TOR,L,50,1973-09-02,Moorhead,MN,USA,USA,70,190,-,-,-,-,-
2007,Jason Chimera,CBJ,L,44,1979-05-02,Edmonton,AB,CAN,CAN,75,215,1997,EDM,5,15,121
2007,Jason Jaffray,VAN,L,42,1981-06-30,Olds,AB,CAN,CAN,73,195,-,-,-,-,-
2007,Jason King,ANA,R,42,1981-09-14,Corner Brook,NL,CAN,CAN,72,193,2001,VAN,7,16,212
2007,Jason Pominville,BUF,R,41,1982-11-30,Repentigny,QC,CAN,USA,72,180,2001,BUF,2,25,55
2007,Jason Smith,PHI,D,50,1973-11-02,Calgary,AB,CAN,CAN,75,220,1992,N.J,1,18,18
2007,Jason Spezza,OTT,C,40,1983-06-13,Toronto,ON,CAN,CAN,75,219,2001,OTT,1,2,2
2007,Jason Strudwick,NYR,D,48,1975-07-17,Edmonton,AB,CAN,CAN,76,226,1994,NYI,3,11,63
2007,Jason Ward,T.B,R,45,1979-01-16,Chapleau,ON,CAN,CAN,74,208,1997,MTL,1,11,11
2007,Jason Williams,CHI,C,43,1980-08-11,London,ON,CAN,CAN,71,192,-,-,-,-,-
2007,Jassen Cullimore,FLA,D,51,1972-12-04,Simcoe,ON,CAN,CAN,77,235,1991,VAN,2,7,29
2007,Jay Bouwmeester,FLA,D,40,1983-09-27,Edmonton,AB,CAN,CAN,76,206,2002,FLA,1,3,3
2007,Jay Leach,T.B,D,44,1979-09-02,Syracuse,NY,USA,USA,77,220,1998,PHX,5,1,115
2007,Jay McClement,STL,C,41,1983-03-02,Kingston,ON,CAN,CAN,73,205,2001,STL,2,27,57
2007,Jay McKee,STL,D,46,1977-09-08,Kingston,ON,CAN,CAN,76,203,1995,BUF,1,14,14
2007,Jay Pandolfo,N.J,L,49,1974-12-27,Winchester,MA,USA,USA,73,190,1993,N.J,2,6,32
2007,Jean-Francois Jacques,EDM,L,38,1985-04-29,Montreal,QC,CAN,CAN,75,231,2003,EDM,2,38,68
2007,Jed Ortmeyer,NSH,R,45,1978-09-03,Omaha,NE,USA,USA,72,200,-,-,-,-,-
2007,Jeff Carter,PHI,C,39,1985-01-01,London,ON,CAN,CAN,75,219,2003,PHI,1,11,11
2007,Jeff Cowan,VAN,L,47,1976-09-27,Scarborough,ON,CAN,CAN,74,205,-,-,-,-,-
2007,Jeff Finger,COL,D,44,1979-12-18,Houghton,MI,USA,USA,73,209,1999,COL,8,25,240
2007,Jeff Giuliano,L.A,L,44,1979-06-20,Nashua,NH,USA,USA,69,205,-,-,-,-,-
2007,Jeff Halpern,"DAL, T.B",C,47,1976-05-03,Washington,DC,USA,USA,72,190,-,-,-,-,-
2007,Jeff Hamilton,CAR,C,46,1977-09-04,Dayton,OH,USA,USA,70,185,-,-,-,-,-
2007,Jeff Hoggan,BOS,R,46,1978-02-01,Hope,BC,CAN,CAN,73,193,-,-,-,-,-
2007,Jeff Schultz,WSH,D,38,1986-02-25,Calgary,AB,CAN,CAN,78,225,2004,WSH,1,27,27
2007,Jeff Taffe,PIT,L,43,1981-02-19,Hastings,MN,USA,USA,75,207,2000,STL,1,30,30
2007,Jeff Tambellini,NYI,L,39,1984-04-13,Calgary,AB,CAN,CAN,71,188,2003,L.A,1,27,27
2007,Jeff Woywitka,STL,D,40,1983-09-01,Vermilion,AB,CAN,CAN,75,227,2001,PHI,1,27,27
2007,Jere Lehtinen,DAL,R,50,1973-06-24,Espoo,FIN,FIN,72,194,1992,MNS,4,16,88,
2007,Jeremy Colliton,NYI,C,39,1985-01-13,Blackie,AB,CAN,CAN,74,214,2003,NYI,2,28,58
2007,Jeremy Reich,BOS,C,45,1979-02-11,Craik,SK,CAN,CAN,73,203,1997,CHI,2,13,39
2007,Jeremy Roenick,S.J,C,54,1970-01-17,Boston,MA,USA,USA,73,205,1988,CHI,1,8,8
2007,Jeremy Williams,TOR,R,40,1984-01-26,Regina,SK,CAN,CAN,72,191,2003,TOR,7,23,220
2007,Jerred Smithson,NSH,C,45,1979-02-04,Vernon,BC,CAN,CAN,75,209,-,-,-,-,-
2007,Jesse Boulerice,PHI,R,45,1978-08-10,Plattsburgh,NY,USA,USA,74,215,1996,PHI,5,25,133
2007,Jesse Winchester,OTT,C,40,1983-10-04,Long Sault,ON,CAN,CAN,73,188,-,-,-,-,-
2007,Jim Dowd,PHI,C,55,1968-12-25,Brick,NJ,USA,USA,72,180,1987,N.J,8,2,149
2007,Jim Slater,ATL,C,41,1982-12-09,Lapeer,MI,USA,USA,72,195,2002,ATL,1,30,30
2007,Jim Vandermeer,"CGY, CHI, PHI",D,44,1980-02-21,Caroline,AB,CAN,CAN,73,210,-,-,-,-,-
2007,Jiri Hudler,DET,R,40,1984-01-04,Olomouc,CZE,CZE,70,190,2002,DET,2,28,58,
2007,Jiri Novotny,CBJ,C,40,1983-08-12,Pelhrimov,CZE,CZE,75,204,2001,BUF,1,22,22,
2007,Jiri Tlusty,TOR,L,36,1988-03-16,Slany,CZE,CZE,72,205,2006,TOR,1,13,13,
2007,Joakim Lindstrom,CBJ,C,40,1983-12-05,Skellefteå,SWE,SWE,72,187,2002,CBJ,2,11,41,
2007,Jochen Hecht,BUF,C,46,1977-06-21,Mannheim,DEU,DEU,73,198,1995,STL,2,23,49,
2007,Jody Shelley,"CBJ, S.J",L,48,1976-02-07,Thompson,MB,CAN,CAN,75,230,-,-,-,-,-
2007,Joe Corvo,"CAR, OTT",D,46,1977-06-20,Oak Park,IL,USA,USA,72,204,1997,L.A,4,3,83
2007,Joe DiPenta,ANA,D,45,1979-02-25,Barrie,ON,CAN,CAN,74,220,1998,FLA,3,3,61
2007,Joe Jensen,CAR,C,41,1983-02-06,Plymouth,MN,USA,USA,71,180,2003,PIT,8,3,232
2007,Joe Motzko,WSH,R,44,1980-03-14,Bemidji,MN,USA,USA,72,184,-,-,-,-,-
2007,Joe Pavelski,S.J,C,39,1984-07-11,Plover,WI,USA,USA,71,200,2003,S.J,7,8,205
2007,Joe Sakic,COL,C,54,1969-07-07,Burnaby,BC,CAN,CAN,71,195,1987,QUE,1,15,15
2007,Joe Thornton,S.J,C,44,1979-07-02,London,ON,CAN,CAN,76,220,1997,BOS,1,1,1
2007,Joel Kwiatkowski,ATL,D,47,1977-03-22,Kindersley,SK,CAN,CAN,72,205,1996,DAL,8,5,194
2007,Joel Lundqvist,DAL,C,42,1982-03-02,Are,SWE,SWE,73,194,2000,DAL,3,3,68,
2007,Joel Perrault,PHX,C,40,1983-04-06,Montreal,QC,CAN,CAN,74,212,2001,ANA,5,6,137
2007,Joey Mormina,CAR,D,41,1982-06-29,Montreal,QC,CAN,CAN,78,220,2002,PHI,6,27,193
2007,Joffrey Lupul,PHI,L,40,1983-09-23,Fort Saskatchewan,AB,CAN,CAN,73,206,2002,ANA,1,7,7
2007,Johan Franzen,DET,R,44,1979-12-23,Vetlanda,SWE,SWE,76,232,2004,DET,3,32,97,
2007,John Erskine,WSH,D,43,1980-06-26,Kingston,ON,CAN,CAN,76,220,1998,DAL,2,12,39
2007,John Madden,N.J,C,50,1973-05-04,Toronto,ON,CAN,CAN,71,190,-,-,-,-,-
2007,John Pohl,TOR,C,44,1979-06-29,Rochester,MN,USA,USA,73,196,1998,STL,9,27,255
2007,John Zeiler,L.A,R,41,1982-11-21,Jefferson Hills,PA,USA,USA,71,204,2002,PHX,5,1,132
2007,John-Michael Liles,COL,D,43,1980-11-25,Indianapolis,IN,USA,USA,70,185,2000,COL,5,29,159
2007,Johnny Boychuk,COL,D,40,1984-01-19,Edmonton,AB,CAN,CAN,74,227,2002,COL,2,31,61
2007,Johnny Oduya,N.J,D,42,1981-10-01,Stockholm,SWE,SWE,72,191,2001,WSH,7,25,221,
2007,Jon Klemm,L.A,D,54,1970-01-08,Cranbrook,BC,CAN,CAN,74,205,-,-,-,-,-
2007,Jon Sim,NYI,L,46,1977-09-29,New glasgow,NS,CAN,CAN,70,189,1996,DAL,3,18,70
2007,Jonathan Cheechoo,S.J,R,43,1980-07-15,Moose Factory,ON,CAN,CAN,73,206,1998,S.J,2,2,29
2007,Jonathan Ericsson,DET,D,40,1984-03-02,Karlskrona,SWE,SWE,76,218,2002,DET,9,31,291,
2007,Jonathan Filewich,PIT,R,39,1984-10-02,Kelowna,BC,CAN,CAN,74,208,2003,PIT,3,2,70
2007,Jonathan Toews,CHI,C,35,1988-04-29,Winnipeg,MB,CAN,CAN,74,201,2006,CHI,1,3,3
2007,Joni Pitkanen,EDM,D,40,1983-09-19,Oulu,FIN,FIN,75,220,2002,PHI,1,4,4,
2007,Jordan Hendry,CHI,D,40,1984-02-23,Lanigan,SK,CAN,CAN,72,194,-,-,-,-,-
2007,Jordan Lavallee-Smotherman,ATL,L,37,1986-05-11,Corvallis,OR,USA,USA,75,225,2005,ATL,4,25,116
2007,Jordan Leopold,COL,D,43,1980-08-03,Golden Valley,MN,USA,USA,73,206,1999,ANA,2,16,44
2007,Jordan Staal,PIT,C,35,1988-09-10,Thunder Bay,ON,CAN,CAN,76,220,2006,PIT,1,2,2
2007,Jordin Tootoo,NSH,R,41,1983-02-02,Churchill,MB,CAN,CAN,69,195,2001,NSH,4,2,98
2007,Josef Vasicek,NYI,C,43,1980-09-12,Havlickuv Brod,CZE,CZE,77,214,1998,CAR,4,5,91,
2007,Josh Gorges,MTL,D,39,1984-08-14,Kelowna,BC,CAN,CAN,73,204,-,-,-,-,-
2007,Josh Gratton,PHX,L,41,1982-09-09,Brantford,ON,CAN,CAN,74,215,-,-,-,-,-
2007,Josh Hennessy,OTT,C,39,1985-02-07,Brockton,MA,USA,USA,72,200,2003,S.J,2,13,43
2007,Josh Langfeld,NSH,R,46,1977-07-17,Fridley,MN,USA,USA,75,215,1997,OTT,3,13,66
2007,Jozef Stumpel,FLA,L,51,1972-07-20,Nitra,SVK,SVK,75,222,1991,BOS,2,18,40,
2007,Junior Lessard,"DAL, T.B",R,43,1980-05-26,St. Joseph De Beauce,QC,CAN,CAN,71,191,-,-,-,-,-
2007,Jussi Jokinen,"DAL, T.B",L,40,1983-04-01,Kalajoki,FIN,FIN,72,191,2001,DAL,6,27,192,
2007,Justin Abdelkader,DET,L,37,1987-02-25,Muskegon,MI,USA,USA,74,213,2005,DET,2,12,42
2007,Justin Williams,CAR,R,42,1981-10-04,Cobourg,ON,CAN,CAN,73,184,2000,PHI,1,28,28
2007,Kamil Kreps,FLA,C,39,1984-11-18,Litomerice,CZE,CZE,74,194,2003,FLA,2,8,38,
2007,Karel Rachunek,N.J,D,44,1979-08-27,Zlin,CZE,CZE,74,220,1997,OTT,9,12,229,
2007,Karl Stewart,T.B,L,40,1983-06-30,Scarborough,ON,CAN,CAN,71,185,-,-,-,-,-
2007,Karlis Skrastins,"COL, FLA",D,49,1974-07-09,Riga,LVA,LVA,74,208,1998,NSH,9,2,230,
2007,Keith Aucoin,CAR,C,45,1978-11-06,Waltham,MA,USA,USA,68,171,-,-,-,-,-
2007,Keith Ballard,PHX,D,41,1982-11-26,Baudette,MN,USA,USA,71,204,2002,BUF,1,11,11
2007,Keith Carney,MIN,D,54,1970-02-03,Providence,RI,USA,USA,73,207,1988,BUF,4,13,76
2007,Keith Tkachuk,STL,L,51,1972-03-28,Melrose,MA,USA,USA,74,235,1990,WIN,1,19,19
2007,Keith Yandle,PHX,D,37,1986-09-09,Boston,MA,USA,USA,73,192,2005,PHX,4,14,105
2007,Ken Klee,ATL,D,52,1971-04-24,Indianapolis,IN,USA,USA,73,210,1990,WSH,9,9,177
2007,Kent Huskins,ANA,D,44,1979-05-04,Almonte,ON,CAN,CAN,76,210,1998,CHI,6,11,156
2007,Kevin Bieksa,VAN,D,42,1981-06-16,Grimsby,ON,CAN,CAN,73,197,2001,VAN,5,20,151
2007,Kevin Dallman,L.A,D,43,1981-02-26,Niagara Falls,ON,CAN,CAN,71,195,-,-,-,-,-
2007,Kevin Doell,ATL,C,44,1979-07-15,Saskatoon,SK,CAN,CAN,71,190,-,-,-,-,-
2007,Kevin Klein,NSH,D,39,1984-12-13,Kitchener,ON,CAN,CAN,73,206,2003,NSH,2,7,37
2007,Kevyn Adams,CHI,C,49,1974-10-08,Washington,DC,USA,USA,73,200,1993,BOS,1,25,25
2007,Kim Johnsson,MIN,D,48,1976-03-16,Malmö,SWE,SWE,73,193,1994,NYR,11,26,286,
2007,Kimmo Timonen,PHI,D,49,1975-03-18,Kuopio,FIN,FIN,70,194,1993,L.A,10,16,250,
2007,Kip Brennan,NYI,L,43,1980-08-27,Kingston,ON,CAN,CAN,76,230,1998,L.A,4,17,103
2007,Kirk Maltby,DET,L,51,1972-12-22,Guelph,ON,CAN,CAN,72,195,1992,EDM,3,17,65
2007,Kris Beech,"CBJ, PIT, VAN",C,43,1981-02-05,Salmon Arm,BC,CAN,CAN,75,211,1999,WSH,1,7,7
2007,Kris Draper,DET,C,52,1971-05-24,Toronto,ON,CAN,CAN,70,188,1989,WIN,3,20,62
2007,Kris Letang,PIT,D,36,1987-04-24,Montreal,QC,CAN,CAN,72,201,2005,PIT,3,1,62
2007,Kris Newbury,TOR,C,42,1982-02-19,Brampton,ON,CAN,CAN,71,205,2002,S.J,5,8,139
2007,Kris Russell,CBJ,D,36,1987-05-02,Caroline,AB,CAN,CAN,70,170,2005,CBJ,3,6,67
2007,Kris Versteeg,CHI,R,37,1986-05-13,Lethbridge,AB,CAN,CAN,71,176,2004,BOS,5,5,134
2007,Kristian Huselius,CGY,L,45,1978-11-10,Osterhaninge,SWE,SWE,74,184,1997,FLA,2,21,47,
2007,Krys Barch,DAL,R,43,1980-03-26,Hamilton,ON,CAN,CAN,74,225,1998,WSH,4,20,106
2007,Kurt Sauer,COL,D,43,1981-01-16,St. Cloud,MN,USA,USA,76,222,2000,COL,3,23,88
2007,Kurtis Foster,MIN,D,42,1981-11-24,Carp,ON,CAN,CAN,77,225,2000,CGY,2,10,40
2007,Kyle Brodziak,EDM,C,39,1984-05-25,St. Paul,AB,CAN,CAN,74,205,2003,EDM,7,17,214
2007,Kyle Calder,L.A,L,45,1979-01-05,Mannville,AB,CAN,CAN,71,177,1997,CHI,5,24,130
2007,Kyle Chipchura,MTL,C,38,1986-02-19,Westlock,AB,CAN,CAN,74,203,2004,MTL,1,18,18
2007,Kyle Cumiskey,COL,D,37,1986-12-02,Abbotsford,BC,CAN,CAN,71,180,2005,COL,7,28,222
2007,Kyle Greentree,PHI,L,40,1983-11-15,Victoria,BC,CAN,CAN,75,215,-,-,-,-,-
2007,Kyle McLaren,S.J,D,46,1977-06-18,Coaldale,AB,CAN,CAN,76,235,1995,BOS,1,9,9
2007,Kyle Okposo,NYI,R,35,1988-04-16,St. Paul,MN,USA,USA,72,218,2006,NYI,1,7,7
2007,Kyle Quincey,DET,D,38,1985-08-12,Kitchener,ON,CAN,CAN,74,210,2003,DET,4,31,132
2007,Kyle Turris,PHX,C,34,1989-08-14,New Westminster,BC,CAN,CAN,73,190,2007,PHX,1,3,3
2007,Kyle Wanvig,T.B,R,43,1981-01-29,Calgary,AB,CAN,CAN,74,210,2001,MIN,2,6,36
2007,Kyle Wellwood,TOR,C,40,1983-05-16,Windsor,ON,CAN,CAN,70,181,2001,TOR,5,3,134
2007,Ladislav Nagy,L.A,L,44,1979-06-01,Saca,SVK,SVK,71,192,1997,STL,7,16,177,
2007,Ladislav Smid,EDM,D,38,1986-02-01,Frydlant,CZE,CZE,76,210,2004,ANA,1,9,9,
2007,Lasse Kukkonen,PHI,D,42,1981-09-18,Oulu,FIN,FIN,72,190,2003,CHI,5,15,151,
2007,Lauri Tukonen,L.A,R,37,1986-09-01,Hyvinkää,FIN,FIN,74,187,2004,L.A,1,11,11,
2007,Lawrence Nycholat,OTT,D,44,1979-05-07,Calgary,AB,CAN,CAN,72,200,-,-,-,-,-
2007,Lee Stempniak,STL,R,41,1983-02-04,West Seneca,NY,USA,USA,71,195,2003,STL,5,12,148
2007,Liam Reddox,EDM,L,38,1986-01-27,Whitby,ON,CAN,CAN,71,178,2004,EDM,4,14,112
2007,Loui Eriksson,DAL,L,38,1985-07-17,Gothenburg,SWE,SWE,74,179,2003,DAL,2,3,33,
2007,Lubomir Visnovsky,L.A,D,47,1976-08-11,Topolcany,SVK,SVK,70,192,2000,L.A,4,22,118,
2007,Luc Bourdon,VAN,D,37,1987-02-16,Shippagan,NB,CAN,CAN,75,211,2005,VAN,1,10,10
2007,Lukas Kaspar,S.J,L,38,1985-09-23,Most,CZE,CZE,74,225,2004,S.J,1,22,22,
2007,Lukas Krajicek,VAN,D,41,1983-03-11,Prostejov,CZE,CZE,75,205,2001,FLA,1,24,24,
2007,Luke Richardson,OTT,D,54,1969-03-26,Ottawa,ON,CAN,CAN,75,214,1987,TOR,1,7,7
2007,Magnus Johansson,"CHI, FLA",D,50,1973-09-04,Linkoping,SWE,SWE,71,180,-,-,-,-,-,
2007,Manny Malhotra,CBJ,C,43,1980-05-18,Mississauga,ON,CAN,CAN,74,207,1998,NYR,1,7,7
2007,Marc Methot,CBJ,D,38,1985-06-21,Ottawa,ON,CAN,CAN,76,230,2003,CBJ,6,1,168
2007,Marc Savard,BOS,C,46,1977-07-17,Ottawa,ON,CAN,CAN,70,188,1995,NYR,4,13,91
2007,Marc Staal,NYR,D,37,1987-01-13,Thunder Bay,ON,CAN,CAN,76,208,2005,NYR,1,12,12
2007,Marc-Andre Bergeron,"ANA, NYI",D,43,1980-10-13,Trois-Rivieres,QC,CAN,CAN,69,190,-,-,-,-,-
2007,Marc-Andre Gragnani,BUF,D,37,1987-03-11,Montreal,QC,CAN,CAN,75,205,2005,BUF,3,26,87
2007,Marc-Antoine Pouliot,EDM,C,38,1985-05-22,QC,CAN,CAN,74,203,2003,EDM,1,22,22,
2007,Marc-Edouard Vlasic,S.J,D,36,1987-03-30,Montreal,QC,CAN,CAN,73,205,2005,S.J,2,5,35
2007,Marcel Goc,S.J,C,40,1983-08-24,Calw,DEU,DEU,73,197,2001,S.J,1,20,20,
2007,Marcel Hossa,"NYR, PHX",L,42,1981-10-12,Ilava,SVK,SVK,75,220,2000,MTL,1,16,16,
2007,Marco Sturm,BOS,L,45,1978-09-08,Dingolfing,DEU,DEU,72,196,1996,S.J,1,21,21,
2007,Marcus Nilson,CGY,L,46,1978-03-01,Balsta,SWE,SWE,74,189,1996,FLA,1,20,20,
2007,Marek Malik,NYR,D,48,1975-06-24,Ostrava,CZE,CZE,78,235,1993,HFD,3,20,72,
2007,Marek Svatos,COL,R,41,1982-06-17,Kosice,SVK,SVK,70,185,2001,COL,7,31,227,
2007,Marek Zidlicky,NSH,D,47,1977-02-03,Most,CZE,CZE,71,190,2001,NYR,6,11,176,
2007,Marian Gaborik,MIN,R,42,1982-02-14,Trencin,SVK,SVK,73,200,2000,MIN,1,3,3,
2007,Marian Hossa,"ATL, PIT",R,45,1979-01-12,Stará Lubovna,SVK,SVK,73,207,1997,OTT,1,12,12,
2007,Mark Bell,TOR,C,43,1980-08-05,St. Pauls,ON,CAN,CAN,76,220,1998,CHI,1,8,8
2007,Mark Eaton,PIT,D,46,1977-05-06,Wilmington,DE,USA,USA,73,215,-,-,-,-,-
2007,Mark Fistric,DAL,D,37,1986-06-01,Edmonton,AB,CAN,CAN,74,225,2004,DAL,1,28,28
2007,Mark Hartigan,DET,C,46,1977-10-15,Fort St. John,BC,CAN,CAN,72,200,-,-,-,-,-
2007,Mark Mowers,ANA,R,50,1974-02-16,Decatur,GA,USA,USA,71,174,-,-,-,-,-
2007,Mark Parrish,MIN,R,47,1977-02-02,Bloomington,MN,USA,USA,71,199,1996,COL,3,27,79
2007,Mark Popovic,ATL,D,41,1982-10-11,Stoney Creek,ON,CAN,CAN,73,205,2001,ANA,2,5,35
2007,Mark Recchi,"ATL, PIT",R,56,1968-02-01,Kamloops,BC,CAN,CAN,70,195,1988,PIT,4,4,67
2007,Mark Smith,CGY,C,46,1977-10-24,Edmonton,AB,CAN,CAN,70,200,1997,S.J,9,2,219
2007,Mark Streit,MTL,D,46,1977-12-11,Bern,CHE,CHE,71,186,2004,MTL,9,4,262,
2007,Mark Stuart,BOS,D,39,1984-04-27,Rochester,MN,USA,USA,74,215,2003,BOS,1,21,21
2007,Markus Naslund,VAN,L,50,1973-07-30,Ornskoldsvik,SWE,SWE,72,191,1991,PIT,1,16,16,
2007,Martin Erat,NSH,R,42,1981-08-29,Trebic,CZE,CZE,72,196,1999,NSH,7,5,191,
2007,Martin Gelinas,NSH,L,53,1970-06-05,Shawinigan,QC,CAN,CAN,71,202,1988,L.A,1,7,7
2007,Martin Hanzal,PHX,C,37,1987-02-20,Pisek,CZE,CZE,78,230,2005,PHX,1,17,17,
2007,Martin Havlat,CHI,R,42,1981-04-19,Mlada Boleslav,CZE,CZE,74,210,1999,OTT,1,26,26,
2007,Martin Lapointe,"CHI, OTT",R,50,1973-09-12,Ville St. Pierre,QC,CAN,CAN,71,215,1991,DET,1,10,10
2007,Martin Lojek,FLA,D,38,1985-08-19,Brno,CZE,CZE,76,220,2003,FLA,4,4,105,
2007,Martin Rucinsky,STL,L,53,1971-03-11,Most,CZE,CZE,73,205,1991,EDM,1,20,20,
2007,Martin Skoula,MIN,D,44,1979-10-28,Litomerice,CZE,CZE,75,226,1998,COL,1,17,17,
2007,Martin St Pierre,CHI,C,40,1983-08-11,Ottawa,ON,CAN,CAN,69,188,-,-,-,-,-
2007,Martin St. Louis,T.B,R,48,1975-06-18,Laval,QC,CAN,CAN,68,180,-,-,-,-,-
2007,Martin Straka,NYR,C,51,1972-09-03,Plzen,CZE,CZE,69,180,1992,PIT,1,19,19,
2007,Marty Reasoner,EDM,C,47,1977-02-26,Honeoye Falls,NY,USA,USA,73,197,1996,STL,1,14,14
2007,Mason Raymond,VAN,L,38,1985-09-17,Cochrane,AB,CAN,CAN,73,179,2005,VAN,2,21,51
2007,Mathias Tjarnqvist,PHX,L,44,1979-04-15,Umeaas,SWE,SWE,74,196,1999,DAL,3,30,96,
2007,Mathieu Dandenault,MTL,R,48,1976-02-03,Sherbrooke,QC,CAN,CAN,72,208,1994,DET,2,23,49
2007,Mathieu Darche,T.B,L,47,1976-11-26,Montreal,QC,CAN,CAN,73,215,-,-,-,-,-
2007,Mathieu Roy,EDM,D,40,1983-08-10,St. Georges,QC,CAN,CAN,74,210,2003,EDM,7,18,215
2007,Mathieu Schneider,ANA,D,54,1969-06-12,New York City,NY,USA,USA,71,192,1987,MTL,3,2,44
2007,Mats Sundin,TOR,C,53,1971-02-13,Bromma,SWE,SWE,77,231,1989,QUE,1,1,1,
2007,Matt Bradley,WSH,R,45,1978-06-13,Stittsville,ON,CAN,CAN,75,200,1996,S.J,4,22,102
2007,Matt Carle,S.J,D,39,1984-09-25,Anchorage,AK,USA,USA,72,197,2003,S.J,2,17,47
2007,Matt Cooke,"VAN, WSH",L,45,1978-09-07,Belleville,ON,CAN,CAN,71,216,1997,VAN,6,10,144
2007,Matt Cullen,CAR,C,47,1976-11-02,Virginia,MN,USA,USA,73,202,1996,ANA,2,9,35
2007,Matt D'Agostini,MTL,R,37,1986-10-23,Sault Ste. Marie,ON,CAN,CAN,72,198,2005,MTL,6,28,190
2007,Matt Ellis,"DET, L.A",L,42,1981-08-31,Welland,ON,CAN,CAN,72,208,-,-,-,-,-
2007,Matt Foy,MIN,R,40,1983-05-18,Oakville,ON,CAN,CAN,74,228,2002,MIN,6,9,175
2007,Matt Greene,EDM,D,40,1983-05-13,Grand Ledge,MI,USA,USA,75,236,2002,EDM,2,14,44
2007,Matt Hunwick,BOS,D,38,1985-05-21,Warren,MI,USA,USA,71,194,2004,BOS,7,31,224
2007,Matt Jones,PHX,D,40,1983-08-08,Downers Grove,IL,USA,USA,72,224,2002,PHX,3,17,80
2007,Matt Keith,NYI,R,40,1983-04-11,Edmonton,AB,CAN,CAN,74,200,2001,CHI,2,29,59
2007,Matt Lashoff,BOS,D,37,1986-09-29,East Greenbush,NY,USA,USA,74,204,2005,BOS,1,22,22
2007,Matt Moulson,L.A,L,40,1983-11-01,North York,ON,CAN,CAN,73,188,2003,PIT,9,2,263
2007,Matt Murley,PHX,L,44,1979-12-17,Troy,NY,USA,USA,74,206,1999,PIT,2,23,51
2007,Matt Niskanen,DAL,D,37,1986-12-06,Virginia,MN,USA,USA,73,203,2005,DAL,1,28,28
2007,Matt Pettinger,"VAN, WSH",L,43,1980-10-22,Edmonton,AB,CAN,CAN,73,205,2000,WSH,2,13,43
2007,Matt Smaby,T.B,D,39,1984-10-14,Minneapolis,MN,USA,USA,78,230,2003,T.B,2,11,41
2007,Matt Stajan,TOR,C,40,1983-12-19,Mississauga,ON,CAN,CAN,73,195,2002,TOR,2,27,57
2007,Matt Walker,STL,D,43,1980-04-07,Beaverlodge,AB,CAN,CAN,76,215,1998,STL,3,25,83
2007,Matthew Lombardi,CGY,C,42,1982-03-18,Montreal,QC,CAN,CAN,71,195,2002,CGY,3,27,90
2007,Matthew Spiller,NYI,D,41,1983-02-07,Daysland,AB,CAN,CAN,77,233,2001,PHX,2,1,31
2007,Mattias Norstrom,DAL,D,52,1972-01-02,Stockholm,SWE,SWE,74,210,1992,NYR,2,24,48,
2007,Mattias Ohlund,VAN,D,47,1976-09-09,Pitea,SWE,SWE,76,188,1994,VAN,1,13,13,
2007,Mattias Ritola,DET,C,37,1987-03-14,Borlange,SWE,SWE,72,192,2005,DET,4,12,103,
2007,Max Talbot,PIT,C,40,1984-02-11,Lemoyne,QC,CAN,CAN,71,186,2002,PIT,8,5,234
2007,Maxim Afinogenov,BUF,R,44,1979-09-04,Moscow,RUS,RUS,72,190,1997,BUF,3,16,69,
2007,Maxim Kondratiev,ANA,D,41,1983-01-20,Togliatti,RUS,RUS,73,197,2001,TOR,6,3,168,
2007,Maxim Lapierre,MTL,C,38,1985-03-29,Saint-Léonard,QC,CAN,CAN,74,215,2003,MTL,2,31,61
2007,Michael Funk,BUF,D,37,1986-08-15,Abbotsford,BC,CAN,CAN,76,199,2004,BUF,2,13,43
2007,Michael Nylander,WSH,C,51,1972-10-03,Stockholm,SWE,SWE,73,200,1991,HFD,3,15,59,
2007,Michael Peca,CBJ,C,49,1974-03-26,Toronto,ON,CAN,CAN,71,183,1992,VAN,2,16,40
2007,Michael Ryan,BUF,C,43,1980-05-16,Boston,MA,USA,USA,73,188,1999,DAL,2,4,32
2007,Michael Ryder,MTL,R,43,1980-03-31,Bonavista,NL,CAN,CAN,73,200,1998,MTL,8,16,216
2007,Michael Zigomanis,PHX,C,43,1981-01-17,Toronto,ON,CAN,CAN,72,200,2001,CAR,2,16,46
2007,Michal Handzus,L.A,C,47,1977-03-11,Banská Bystrica,SVK,SVK,77,215,1995,STL,4,23,101,
2007,Michal Rozsival,NYR,D,45,1978-09-03,Vlasim,CZE,CZE,73,210,1996,PIT,4,25,105,
2007,Michel Ouellet,T.B,R,42,1982-03-05,Rimouski,QC,CAN,CAN,73,193,2000,PIT,4,28,124
2007,Micki Dupont,STL,D,43,1980-04-15,Calgary,AB,CAN,CAN,70,186,2000,CGY,9,9,270
2007,Mikael Samuelsson,DET,R,47,1976-12-23,Mariefred,SWE,SWE,74,218,1998,S.J,5,31,145,
2007,Mike Blunden,CHI,R,37,1986-12-15,Toronto,ON,CAN,CAN,76,217,2005,CHI,2,13,43
2007,Mike Brown,VAN,R,38,1985-06-24,Chicago,IL,USA,USA,71,205,2004,VAN,5,30,159
2007,Mike Cammalleri,L.A,C,41,1982-06-08,Toronto,ON,CAN,CAN,69,185,2001,L.A,2,19,49
2007,Mike Commodore,"CAR, OTT",D,44,1979-11-07,Fort Saskatchewan,AB,CAN,CAN,76,227,1999,N.J,2,14,42
2007,Mike Comrie,NYI,C,43,1980-09-11,Edmonton,AB,CAN,CAN,70,185,1999,EDM,3,25,91
2007,Mike Fisher,OTT,C,43,1980-06-05,Peterborough,ON,CAN,CAN,73,216,1998,OTT,2,17,44
2007,Mike Glumac,STL,C,43,1980-04-05,Niagara Falls,ON,CAN,CAN,74,209,-,-,-,-,-
2007,Mike Green,WSH,D,38,1985-10-12,Calgary,AB,CAN,CAN,73,210,2004,WSH,1,29,29
2007,Mike Grier,S.J,R,49,1975-01-05,Detroit,MI,USA,USA,73,224,1993,STL,9,11,219
2007,Mike Iggulden,S.J,C,41,1982-11-09,St. Catharines,ON,CAN,CAN,75,215,-,-,-,-,-
2007,Mike Johnson,STL,R,49,1974-10-03,Scarborough,ON,CAN,CAN,74,202,1992,MNS,6,10,130
2007,Mike Knuble,PHI,R,51,1972-07-04,Toronto,ON,CAN,USA,75,229,1991,DET,4,10,76
2007,Mike Komisarek,MTL,D,42,1982-01-19,West Islip,NY,USA,USA,76,235,2001,MTL,1,7,7
2007,Mike Lundin,T.B,D,39,1984-09-24,Burnsville,MN,USA,USA,74,190,2004,T.B,4,4,102
2007,Mike Modano,DAL,C,53,1970-06-07,Livonia,MI,USA,USA,75,212,1988,MNS,1,1,1
2007,Mike Mottau,N.J,D,46,1978-03-19,Quincy,MA,USA,USA,72,195,1997,NYR,7,21,182
2007,Mike Ribeiro,DAL,C,44,1980-02-10,Montreal,QC,CAN,CAN,72,179,1998,MTL,2,18,45
2007,Mike Richards,PHI,C,39,1985-02-11,Kenora,ON,CAN,CAN,71,196,2003,PHI,1,24,24
2007,Mike Rupp,N.J,"L, R",44,1980-01-13,Cleveland,OH,USA,USA,77,235,2000,N.J,3,11,76
2007,Mike Sillinger,NYI,C,52,1971-06-29,Regina,SK,CAN,CAN,71,198,1989,DET,1,11,11
2007,Mike Van Ryn,FLA,D,44,1979-05-14,London,ON,CAN,CAN,73,213,1998,N.J,1,26,26
2007,Mike Weaver,VAN,D,45,1978-05-02,Brampton,ON,CAN,CAN,70,186,-,-,-,-,-
2007,Mike Weber,BUF,D,36,1987-12-16,Pittsburgh,PA,USA,USA,74,188,2006,BUF,2,27,57
2007,Mike York,PHX,L,46,1978-01-03,Waterford,MI,USA,USA,70,185,1997,NYR,6,2,136
2007,Mikhail Grabovski,MTL,C,40,1984-01-31,Potsdam,DEU,BLR,71,186,2004,MTL,5,21,150,
2007,Mikko Koivu,MIN,C,41,1983-03-12,Turku,FIN,FIN,75,213,2001,MIN,1,6,6,
2007,Milan Hejduk,COL,R,48,1976-02-14,Usti,CZE,CZE,72,190,1994,QUE,4,9,87,
2007,Milan Jurcina,WSH,D,40,1983-06-07,Liptovsky Mikulas,SVK,SVK,76,253,2001,BOS,8,14,241,
2007,Milan Lucic,BOS,L,35,1988-06-07,Vancouver,BC,CAN,CAN,75,240,2006,BOS,2,20,50
2007,Milan Michalek,S.J,L,39,1984-12-07,Jindrichuv Hradec,CZE,CZE,74,225,2003,S.J,1,6,6,
2007,Miroslav Satan,NYI,R,49,1974-10-22,Topolcany,SVK,SVK,75,191,1993,EDM,5,7,111,
2007,Nate Guenin,PHI,D,41,1982-12-10,Aliquippa,PA,USA,USA,75,207,2002,NYR,4,31,127
2007,Nathan Horton,FLA,R,38,1985-05-29,Welland,ON,CAN,CAN,74,188,2003,FLA,1,3,3
2007,Nathan McIver,VAN,D,39,1985-01-06,Summerside,PE,CAN,CAN,74,205,2003,VAN,8,25,254
2007,Nathan Paetsch,BUF,D,40,1983-03-30,Leroy,SK,CAN,CAN,73,198,2003,BUF,7,5,202
2007,Nathan Smith,PIT,C,42,1982-02-09,Edmonton,AB,CAN,CAN,74,206,2000,VAN,1,23,23
2007,Nick Boynton,PHX,D,45,1979-01-14,Nobleton,ON,CAN,CAN,73,218,1999,BOS,1,21,21
2007,Nick Foligno,OTT,L,36,1987-10-31,Buffalo,NY,USA,USA,72,210,2006,OTT,1,28,28
2007,Nick Schultz,MIN,D,41,1982-08-25,Strasbourg,SK,CAN,CAN,73,203,2000,MIN,2,3,33
2007,Nick Tarnasky,T.B,L,39,1984-11-25,Rocky Mountain House,AB,CAN,CAN,74,188,2003,T.B,9,26,287
2007,Nicklas Backstrom,WSH,C,36,1987-11-23,Gävle,SWE,SWE,73,202,2006,WSH,1,4,4,
2007,Nicklas Grossmann,DAL,D,39,1985-01-22,Stockholm,SWE,SWE,76,230,2004,DAL,2,26,56,
2007,Nicklas Lidstrom,DET,D,53,1970-04-28,Vasteras,SWE,SWE,73,192,1989,DET,3,11,53,
2007,Niclas Bergfors,N.J,R,37,1987-03-07,Sodertalje,SWE,SWE,70,194,2005,N.J,1,23,23,
2007,Niclas Havelid,ATL,D,50,1973-04-12,Stockholm,SWE,SWE,72,200,1999,ANA,3,17,83,
2007,Niclas Wallin,CAR,D,49,1975-02-20,Boden,SWE,SWE,75,220,2000,CAR,4,1,97,
2007,Nigel Dawes,NYR,L,39,1985-02-09,Winnipeg,MB,CAN,CAN,69,200,2003,NYR,5,13,149
2007,Nik Antropov,TOR,C,44,1980-02-18,Ust-Kamenogorsk,KAZ,KAZ,78,245,1998,TOR,1,10,10,
2007,Niklas Hagman,DAL,L,44,1979-12-05,Espoo,FIN,FIN,70,205,1999,FLA,3,4,70,
2007,Niklas Hjalmarsson,CHI,D,36,1987-06-06,Eksjo,SWE,SWE,75,197,2005,CHI,4,17,108,
2007,Niklas Kronwall,DET,D,43,1981-01-12,Stockholm,SWE,SWE,72,194,2000,DET,1,29,29,
2007,Niko Kapanen,PHX,C,45,1978-04-29,Hämeenlinna,FIN,FIN,68,180,1998,DAL,6,28,173,
2007,Nikolay Zherdev,CBJ,R,39,1984-11-05,Kiev,UKR,RUS,74,203,2003,CBJ,1,4,4,
2007,Noah Clarke,N.J,L,44,1979-06-11,La Verne,CA,USA,USA,69,190,1999,L.A,9,7,250
2007,Noah Welch,FLA,D,41,1982-08-26,Brighton,MA,USA,USA,76,215,2001,PIT,2,24,54
2007,Nolan Pratt,BUF,D,48,1975-08-14,Fort McMurray,AB,CAN,CAN,75,207,1993,HFD,5,11,115
2007,Ole-Kristian Tollefsen,CBJ,D,39,1984-03-29,Oslo,NOR,NOR,74,211,2002,CBJ,3,2,65,
2007,Olli Jokinen,FLA,C,45,1978-12-05,Kuopio,FIN,FIN,74,210,1997,L.A,1,3,3,
2007,Olli Malmivaara,N.J,D,42,1982-03-13,Kajaani,FIN,FIN,79,230,2000,CHI,4,21,117,
2007,Owen Nolan,CGY,R,52,1972-02-12,Belfast,GBR,CAN,73,214,1990,QUE,1,1,1,
2007,P.J. Axelsson,BOS,L,49,1975-02-26,Kungalv,SWE,SWE,73,188,1995,BOS,7,21,177,
2007,Pascal Dupuis,"ATL, PIT",R,44,1979-04-07,Laval,QC,CAN,CAN,73,205,-,-,-,-,-
2007,Pascal Pelletier,BOS,L,40,1983-06-16,Labrador City,NL,CAN,CAN,71,191,-,-,-,-,-
2007,Patrice Bergeron,BOS,C,38,1985-07-24,Ancienne-Lorette,QC,CAN,CAN,73,196,2003,BOS,2,15,45
2007,Patrice Brisebois,MTL,D,53,1971-01-27,Montreal,QC,CAN,CAN,74,197,1989,MTL,2,9,30
2007,Patrick Eaves,"CAR, OTT",R,39,1984-05-01,Calgary,AB,CAN,USA,70,203,2003,OTT,1,29,29
2007,Patrick Kaleta,BUF,R,37,1986-06-08,Buffalo,NY,USA,USA,73,198,2004,BUF,6,13,176
2007,Patrick Kane,CHI,R,35,1988-11-19,Buffalo,NY,USA,USA,70,177,2007,CHI,1,1,1
2007,Patrick Marleau,S.J,C,44,1979-09-15,Aneroid,SK,CAN,CAN,74,215,1997,S.J,1,2,2
2007,Patrick O'Sullivan,L.A,C,39,1985-02-01,Toronto,ON,CAN,USA,71,189,2003,MIN,2,26,56
2007,Patrick Rissmiller,S.J,L,45,1978-10-26,Belmont,MA,USA,USA,76,225,-,-,-,-,-
2007,Patrick Sharp,CHI,L,42,1981-12-27,Winnipeg,MB,CAN,CAN,73,200,2001,PHI,3,32,95
2007,Patrick Thoresen,"EDM, PHI",L,40,1983-11-07,Oslo,NOR,NOR,71,188,-,-,-,-,-,
2007,Patrik Elias,N.J,C,47,1976-04-13,Trebic,CZE,CZE,73,190,1994,N.J,2,25,51,
2007,Paul Gaustad,BUF,C,42,1982-02-03,Fargo,ND,USA,USA,77,227,2000,BUF,7,23,220
2007,Paul Kariya,STL,L,49,1974-10-16,Vancouver,BC,CAN,CAN,70,185,1993,ANA,1,4,4
2007,Paul Mara,NYR,D,44,1979-09-07,Ridgewood,NJ,USA,USA,76,211,1997,T.B,1,7,7
2007,Paul Martin,N.J,D,43,1981-03-05,Minneapolis,MN,USA,USA,73,200,2000,N.J,2,32,62
2007,Paul Ranger,T.B,D,39,1984-09-12,Whitby,ON,CAN,CAN,75,210,2002,T.B,6,17,183
2007,Paul Stastny,COL,C,38,1985-12-27,Quebec City,QC,CAN,USA,72,193,2005,COL,2,14,44
2007,Pavel Datsyuk,DET,C,45,1978-07-20,Sverdlovsk,RUS,RUS,71,188,1998,DET,6,26,171,
2007,Pavel Kubina,TOR,D,46,1977-04-15,Celadna,CZE,CZE,76,258,1996,T.B,7,17,179,
2007,Pavol Demitra,MIN,R,49,1974-11-29,Dubnica nad Váhom,SVK,SVK,72,200,1993,OTT,9,19,227,
2007,Pete Vandermeer,PHX,L,48,1975-10-14,Red Deer,AB,CAN,CAN,72,212,-,-,-,-,-
2007,Peter Forsberg,COL,C,50,1973-07-20,Ornskoldsvik,SWE,SWE,72,205,1991,PHI,1,6,6,
2007,Peter Harrold,L.A,D,40,1983-06-08,Kirtland Hills,OH,USA,USA,71,180,-,-,-,-,-
2007,Peter Mueller,PHX,C,35,1988-04-14,Bloomington,MN,USA,USA,74,204,2006,PHX,1,8,8
2007,Peter Schaefer,BOS,L,46,1977-07-12,Regina,SK,CAN,CAN,73,200,1995,VAN,3,14,66
2007,Petr Prucha,NYR,R,41,1982-09-14,Chrudim,CZE,CZE,72,175,2002,NYR,8,11,240,
2007,Petr Sykora,PIT,R,47,1976-11-19,Plzen,CZE,CZE,72,190,1995,N.J,1,18,18,
2007,Petri Kontiola,CHI,C,39,1984-10-04,Seinajoki,FIN,FIN,72,204,2004,CHI,7,3,196,
2007,Petteri Nokelainen,BOS,C,38,1986-01-16,Imatra,FIN,FIN,73,201,2004,NYI,1,16,16,
2007,Petteri Nummelin,MIN,D,51,1972-11-25,Turku,FIN,FIN,70,188,2000,CBJ,5,3,133,
2007,Petteri Wirtanen,ANA,C,37,1986-05-28,Hyvinkää,FIN,FIN,73,207,2006,ANA,6,19,172,
2007,Phil Kessel,BOS,R,36,1987-10-02,Madison,WI,USA,USA,71,208,2006,BOS,1,5,5
2007,Philippe Boucher,DAL,D,50,1973-03-24,St. Apollinaire,QC,CAN,CAN,75,218,1991,BUF,1,13,13
2007,Pierre-Marc Bouchard,MIN,C,39,1984-04-27,Sherbrooke,QC,CAN,CAN,70,168,2002,MIN,1,8,8
2007,Quintin Laing,WSH,L,44,1979-06-08,Harris,SK,CAN,CAN,75,193,1997,DET,4,22,102
2007,R.J. Umberger,PHI,C,41,1982-05-03,Pittsburgh,PA,USA,USA,74,214,2001,VAN,1,16,16
2007,Radek Bonk,NSH,C,48,1976-01-09,Krnov,CZE,CZE,74,210,1994,OTT,1,3,3,
2007,Radek Dvorak,FLA,R,47,1977-03-09,Tabor,CZE,CZE,74,195,1995,FLA,1,10,10,
2007,Radek Martinek,NYI,D,47,1976-08-31,Havlickuv Brod,CZE,CZE,72,205,1999,NYI,8,13,228,
2007,Radim Vrbata,PHX,R,42,1981-06-13,Mlada Boleslav,CZE,CZE,73,194,1999,COL,7,26,212,
2007,Raffi Torres,EDM,L,42,1981-10-08,Toronto,ON,CAN,CAN,72,215,2000,NYI,1,5,5
2007,Raitis Ivanans,L.A,L,45,1979-01-03,Riga,LVA,LVA,76,231,-,-,-,-,-,
2007,Randy Jones,PHI,D,42,1981-07-23,Quispamsis,NB,CAN,CAN,74,210,-,-,-,-,-
2007,Randy Robitaille,OTT,C,48,1975-10-12,Ottawa,ON,CAN,CAN,71,200,-,-,-,-,-
2007,Ray Whitney,CAR,L,51,1972-05-08,Fort Saskatchewan,AB,CAN,CAN,70,180,1991,S.J,2,1,23
2007,Rene Bourque,CHI,R,42,1981-12-10,Lac La Biche,AB,CAN,CAN,74,217,-,-,-,-,-
2007,Rhett Warrener,CGY,D,48,1976-01-27,Shaunavon,SK,CAN,CAN,73,203,1994,FLA,2,1,27
2007,Rich Peverley,NSH,C,41,1982-07-08,Kingston,ON,CAN,CAN,71,195,-,-,-,-,-
2007,Richard Park,NYI,R,47,1976-05-27,Seoul,KOR,USA,71,190,1994,PIT,2,24,50,
2007,Richard Zednik,FLA,R,48,1976-01-06,Bystrica,SVK,SVK,72,200,1994,WSH,10,15,249,
2007,Rick Nash,CBJ,R,39,1984-06-16,Brampton,ON,CAN,CAN,76,211,2002,CBJ,1,1,1
2007,Rick Rypien,VAN,C,39,1984-05-16,Coleman,AB,CAN,CAN,71,190,-,-,-,-,-
2007,Riley Cote,PHI,L,42,1982-03-16,Winnipeg,MB,CAN,CAN,74,220,-,-,-,-,-
2007,Rob Blake,L.A,D,54,1969-12-10,Simcoe,ON,CAN,CAN,76,220,1988,L.A,4,7,70
2007,Rob Davison,"NYI, S.J",D,43,1980-05-01,St. Catharines,ON,CAN,CAN,74,215,1998,S.J,4,12,98
2007,Rob Globke,FLA,R,41,1982-10-24,Farmington,MI,USA,USA,74,208,2002,FLA,2,10,40
2007,Rob Niedermayer,ANA,C,49,1974-12-28,Cassiar,BC,CAN,CAN,74,203,1993,FLA,1,5,5
2007,Rob Schremp,EDM,C,37,1986-07-01,Fulton,NY,USA,USA,71,200,2004,EDM,1,25,25
2007,Rob Scuderi,PIT,D,45,1978-12-30,Syosset,NY,USA,USA,73,216,1998,PIT,5,20,134
2007,Robbie Earl,TOR,L,38,1985-06-02,Chicago,IL,USA,USA,73,195,2004,TOR,6,24,187
2007,Robert Lang,CHI,C,53,1970-12-19,Teplice,CZE,CZE,75,217,1990,L.A,7,7,133,
2007,Robert Nilsson,EDM,C,39,1985-01-10,Calgary,AB,CAN,SWE,71,185,2003,NYI,1,15,15
2007,Robyn Regehr,CGY,D,43,1980-04-19,Recife,BRA,CAN,75,222,1998,COL,1,19,19,
2007,Rod Brind'Amour,CAR,C,53,1970-08-09,Ottawa,ON,CAN,CAN,73,205,1988,STL,1,9,9
2007,Rod Pelley,N.J,C,39,1984-09-01,Kitimat,BC,CAN,CAN,72,205,-,-,-,-,-
2007,Roman Hamrlik,MTL,D,49,1974-04-12,Zlin,CZE,CZE,74,206,1992,T.B,1,1,1,
2007,Roman Polak,STL,D,37,1986-04-28,Ostrava,CZE,CZE,74,240,2004,STL,6,17,180,
2007,Ron Hainsey,CBJ,D,42,1981-03-24,Bolton,CT,USA,USA,75,201,2000,MTL,1,13,13
2007,Rory Fitzpatrick,PHI,D,49,1975-01-11,Rochester,NY,USA,USA,74,210,1993,MTL,2,21,47
2007,Rostislav Klesla,CBJ,D,42,1982-03-21,Novy Jicin,CZE,CZE,75,215,2000,CBJ,1,4,4,
2007,Rostislav Olesz,FLA,L,38,1985-10-10,Bilovec,CZE,CZE,74,215,2004,FLA,1,7,7,
2007,Ruslan Fedotenko,NYI,L,45,1979-01-18,Kiev,UKR,UKR,73,188,-,-,-,-,-,
2007,Ruslan Salei,"COL, FLA",D,49,1974-11-02,Minsk,BLR,BLR,73,212,1996,ANA,1,9,9,
2007,Ryan Bayda,CAR,L,43,1980-12-09,Saskatoon,SK,CAN,CAN,71,185,2000,CAR,3,15,80
2007,Ryan Caldwell,PHX,D,42,1981-06-15,Deloraine,MB,CAN,CAN,74,174,2000,NYI,7,5,202
2007,Ryan Callahan,NYR,R,39,1985-03-21,Rochester,NY,USA,USA,70,187,2004,NYR,4,29,127
2007,Ryan Carter,ANA,L,40,1983-08-03,White Bear Lake,MN,USA,USA,73,205,-,-,-,-,-
2007,Ryan Craig,T.B,C,42,1982-01-06,Abbotsford,BC,CAN,CAN,74,213,2002,T.B,8,26,255
2007,Ryan Getzlaf,ANA,C,38,1985-05-10,Regina,SK,CAN,CAN,76,220,2003,ANA,1,19,19
2007,Ryan Hollweg,NYR,L,40,1983-04-23,Downey,CA,USA,USA,70,212,2001,NYR,8,11,238
2007,Ryan Johnson,STL,C,47,1976-06-14,Thunder Bay,ON,CAN,CAN,73,199,1994,FLA,2,10,36
2007,Ryan Kesler,VAN,C,39,1984-08-31,Livonia,MI,USA,USA,74,206,2003,VAN,1,23,23
2007,Ryan Malone,PIT,L,44,1979-12-01,Pittsburgh,PA,USA,USA,76,224,1999,PIT,4,19,115
2007,Ryan O'Byrne,MTL,D,39,1984-07-19,Victoria,BC,CAN,CAN,77,234,2003,MTL,3,11,79
2007,Ryan Parent,PHI,D,37,1987-03-17,Prince Albert,SK,CAN,CAN,75,198,2005,NSH,1,18,18
2007,Ryan Potulny,PHI,C,39,1984-09-05,Grand Forks,ND,USA,USA,72,182,2003,PHI,3,19,87
2007,Ryan Shannon,VAN,R,41,1983-03-02,Darien,CT,USA,USA,69,175,-,-,-,-,-
2007,Ryan Smyth,COL,L,48,1976-02-21,Banff,AB,CAN,CAN,74,191,1994,EDM,1,6,6
2007,Ryan Stone,PIT,C,39,1985-03-20,Calgary,AB,CAN,CAN,74,207,2003,PIT,2,2,32
2007,Ryan Suter,NSH,D,39,1985-01-21,Madison,WI,USA,USA,73,205,2003,NSH,1,7,7
2007,Ryan Whitney,PIT,D,41,1983-02-19,Boston,MA,USA,USA,76,209,2002,PIT,1,5,5
2007,Ryane Clowe,S.J,L,41,1982-09-30,St. John's,NL,CAN,CAN,75,188,2001,S.J,6,10,175
2007,Saku Koivu,MTL,C,49,1974-11-23,Turku,FIN,FIN,70,181,1993,MTL,1,21,21,
2007,Sam Gagner,EDM,C,34,1989-08-10,London,ON,CAN,CAN,71,201,2007,EDM,1,6,6
2007,Sami Kapanen,PHI,R,50,1973-06-14,Vantaa,FIN,FIN,70,185,1995,HFD,4,9,87,
2007,Sami Lepisto,WSH,D,39,1984-10-17,Espoo,FIN,FIN,73,193,2004,WSH,3,1,66,
2007,Sami Salo,VAN,D,49,1974-09-02,Turku,FIN,FIN,75,215,1996,OTT,9,24,239,
2007,Samuel Pahlsson,ANA,C,46,1977-12-17,Ange,SWE,SWE,72,202,1996,COL,7,14,176,
2007,Sandis Ozolinsh,S.J,D,51,1972-08-03,Riga,LVA,LVA,75,215,1991,S.J,2,8,30,
2007,Scott Gomez,NYR,C,44,1979-12-23,Anchorage,AK,USA,USA,71,200,1998,N.J,1,27,27
2007,Scott Hannan,COL,D,45,1979-01-23,Richmond,BC,CAN,CAN,73,215,1997,S.J,1,23,23
2007,Scott Hartnell,PHI,L,41,1982-04-18,Regina,SK,CAN,CAN,74,215,2000,NSH,1,6,6
2007,Scott Nichol,NSH,C,49,1974-12-31,Edmonton,AB,CAN,CAN,68,179,1993,BUF,11,12,272
2007,Scott Niedermayer,ANA,D,50,1973-08-31,Edmonton,AB,CAN,CAN,73,194,1991,N.J,1,3,3
2007,Scott Parker,COL,R,46,1978-01-29,Hanford,CA,USA,USA,77,240,1998,COL,1,20,20
2007,Scott Thornton,L.A,L,53,1971-01-09,London,ON,CAN,CAN,75,220,1989,TOR,1,3,3
2007,Scott Walker,CAR,R,50,1973-07-19,Cambridge,ON,CAN,CAN,70,196,1993,VAN,5,20,124
2007,Scottie Upshall,PHI,R,40,1983-10-07,Fort McMurray,AB,CAN,CAN,72,200,2002,NSH,1,6,6
2007,Sean Avery,NYR,L,43,1980-04-10,North York,ON,CAN,CAN,70,195,-,-,-,-,-
2007,Sean Bergenheim,NYI,L,40,1984-02-08,Helsinki,FIN,FIN,71,201,2002,NYI,1,22,22,
2007,Sean Hill,MIN,D,54,1970-02-14,Duluth,MN,USA,USA,72,204,1988,MTL,8,20,167
2007,Sean O'Donnell,ANA,D,52,1971-10-13,Ottawa,ON,CAN,CAN,74,238,1991,BUF,6,13,123
2007,Sergei Brylin,N.J,L,50,1974-01-13,Moscow,RUS,RUS,70,190,1992,N.J,2,18,42,
2007,Sergei Fedorov,"CBJ, WSH",C,54,1969-12-13,Pskov,RUS,RUS,74,207,1989,DET,4,11,74,
2007,Sergei Gonchar,PIT,D,49,1974-04-13,Chelyabinsk,RUS,RUS,74,210,1992,WSH,1,14,14,
2007,Sergei Kostitsyn,MTL,L,37,1987-03-20,Novopolotsk,BLR,BLR,72,196,2005,MTL,7,6,200,
2007,Sergei Samsonov,"CAR, CHI",L,45,1978-10-27,Moscow,RUS,RUS,68,188,1997,BOS,1,8,8,
2007,Sergei Zubov,DAL,D,53,1970-07-22,Moscow,RUS,RUS,73,198,1990,NYR,5,1,85,
2007,Shane Doan,PHX,R,47,1976-10-10,Halkirk,AB,CAN,CAN,73,223,1995,WIN,1,7,7
2007,Shane Hnidy,"ANA, BOS",D,48,1975-11-08,Neepawa,MB,CAN,CAN,74,204,1994,BUF,7,17,173
2007,Shane O'Brien,T.B,D,40,1983-08-09,Port Hope,ON,CAN,CAN,75,230,2003,ANA,8,21,250
2007,Shaone Morrisonn,WSH,D,41,1982-12-23,Vancouver,BC,CAN,CAN,76,210,2001,BOS,1,19,19
2007,Shawn Bates,NYI,C,48,1975-04-03,Medford,MA,USA,USA,72,210,1993,BOS,4,25,103
2007,Shawn Horcoff,EDM,C,45,1978-09-17,Trail,BC,CAN,CAN,73,210,1998,EDM,4,13,99
2007,Shawn Matthias,FLA,L,36,1988-02-19,Mississauga,ON,CAN,CAN,76,231,2006,DET,2,17,47
2007,Shawn Thornton,BOS,L,46,1977-07-23,Oshawa,ON,CAN,CAN,74,217,1997,TOR,7,29,190
2007,Shea Weber,NSH,D,38,1985-08-14,Sicamous,BC,CAN,CAN,76,230,2003,NSH,2,19,49
2007,Shean Donovan,OTT,R,49,1975-01-22,Timmins,ON,CAN,CAN,75,218,1993,S.J,2,2,28
2007,Sheldon Brookbank,N.J,D,43,1980-10-03,Lanigan,SK,CAN,CAN,73,202,-,-,-,-,-
2007,Sheldon Souray,EDM,D,47,1976-07-13,Elk Point,AB,CAN,CAN,76,231,1994,N.J,3,19,71
2007,Sidney Crosby,PIT,C,36,1987-08-07,Cole Harbour,NS,CAN,CAN,71,200,2005,PIT,1,1,1
2007,Simon Gagne,PHI,L,44,1980-02-29,Ste. Foy,QC,CAN,CAN,73,195,1998,PHI,1,22,22
2007,Simon Gamache,TOR,L,43,1981-01-03,Thetford Mines,QC,CAN,CAN,70,186,2000,ATL,9,29,290
2007,Staffan Kronwall,TOR,D,41,1982-09-10,Järfälla,SWE,SWE,75,209,2002,TOR,9,25,285,
2007,Stefan Meyer,FLA,L,38,1985-07-20,Medicine Hat,AB,CAN,CAN,74,200,2003,FLA,2,25,55
2007,Stefan Ruzicka,PHI,R,39,1985-02-17,Nitra,SVK,SVK,72,200,2003,PHI,3,13,81,
2007,Stephane Robidas,DAL,D,47,1977-03-03,Sherbrooke,QC,CAN,CAN,71,190,1995,MTL,7,8,164
2007,Stephane Veilleux,MIN,L,42,1981-11-16,Beauceville,QC,CAN,CAN,73,200,2001,MIN,3,30,93
2007,Stephane Yelle,CGY,C,49,1974-05-09,Ottawa,ON,CAN,CAN,74,182,1992,N.J,8,18,186
2007,Stephen Weiss,FLA,C,40,1983-04-03,Toronto,ON,CAN,CAN,71,190,2001,FLA,1,4,4
2007,Steve Begin,MTL,L,45,1978-06-14,Trois-Rivieres,QC,CAN,CAN,72,192,1996,CGY,2,14,40
2007,Steve Bernier,"BUF, S.J",R,38,1985-03-31,Quebec City,QC,CAN,CAN,75,222,2003,S.J,1,16,16
2007,Steve Downie,PHI,R,36,1987-04-03,Newmarket,ON,CAN,CAN,71,191,2005,PHI,1,29,29
2007,Steve Eminger,WSH,D,40,1983-10-31,Woodbridge,ON,CAN,CAN,74,207,2002,WSH,1,12,12
2007,Steve Kelly,MIN,C,47,1976-10-26,Vancouver,BC,CAN,CAN,74,210,1995,EDM,1,6,6
2007,Steve McCarthy,ATL,D,43,1981-02-03,Trail,BC,CAN,CAN,73,210,1999,CHI,1,23,23
2007,Steve Montador,FLA,D,44,1979-12-21,Vancouver,BC,CAN,CAN,72,210,-,-,-,-,-
2007,Steve Ott,DAL,C,41,1982-08-19,Summerside,PE,CAN,CAN,72,193,2000,DAL,1,25,25
2007,Steve Regier,NYI,L,39,1984-08-31,Edmonton,AB,CAN,CAN,76,194,2004,NYI,5,19,148
2007,Steve Reinprecht,PHX,C,47,1976-05-07,Edmonton,AB,CAN,CAN,72,188,-,-,-,-,-
2007,Steve Staios,EDM,D,50,1973-07-28,Hamilton,ON,CAN,CAN,73,200,1991,STL,2,5,27
2007,Steve Wagner,STL,D,40,1984-03-06,Grand Rapids,MN,USA,USA,74,200,-,-,-,-,-
2007,Stu Barnes,DAL,C,53,1970-12-25,Spruce Grove,AB,CAN,CAN,71,182,1989,WIN,1,4,4
2007,T.J. Hensick,COL,C,38,1985-12-10,Lansing,MI,USA,USA,70,190,2005,COL,3,27,88
2007,Tanner Glass,FLA,L,40,1983-11-29,Regina,SK,CAN,CAN,73,213,2003,FLA,9,4,265
2007,Taylor Pyatt,VAN,L,42,1981-08-19,Thunder Bay,ON,CAN,CAN,76,230,1999,NYI,1,8,8
2007,Teddy Purcell,L.A,L,38,1985-09-08,St. John's,NL,CAN,CAN,74,195,-,-,-,-,-
2007,Teemu Selanne,ANA,R,53,1970-07-03,Helsinki,FIN,FIN,72,209,1988,WIN,1,10,10,
2007,Teppo Numminen,BUF,D,55,1968-07-03,Tampere,FIN,FIN,74,198,1986,WIN,2,8,29,
2007,Theo Peckham,EDM,D,36,1987-11-10,Richmond Hill,ON,CAN,CAN,74,246,2006,EDM,3,12,75
2007,Thomas Pock,NYR,D,42,1981-12-02,Klagenfurt,AUT,AUT,73,210,-,-,-,-,-,
2007,Thomas Vanek,BUF,L,40,1984-01-19,Vienna,AUT,AUT,74,214,2003,BUF,1,5,5,
2007,Tim Brent,PIT,C,40,1984-03-10,Cambridge,CAN,CAN,72,188,2004,ANA,3,10,75,
2007,Tim Conboy,CAR,D,42,1982-03-22,Farmington,MN,USA,USA,74,210,2002,S.J,7,20,217
2007,Tim Connolly,BUF,C,42,1981-05-07,Syracuse,NY,USA,USA,73,190,1999,NYI,1,5,5
2007,Tim Gleason,CAR,D,41,1983-01-29,Clawson,MI,USA,USA,72,217,2001,OTT,1,23,23
2007,Tim Jackman,NYI,R,42,1981-11-14,Minot,ND,USA,USA,74,188,2001,CBJ,2,8,38
2007,Tim Ramholt,CGY,D,39,1984-11-02,Fernie,BC,CAN,CHE,74,170,2003,CGY,2,9,39
2007,Toby Enstrom,ATL,D,39,1984-11-05,Nordingra,SWE,SWE,70,180,2003,ATL,8,10,239,
2007,Toby Petersen,DAL,C,45,1978-10-27,Minneapolis,MN,USA,USA,70,195,1998,PIT,9,16,244
2007,Todd Bertuzzi,ANA,R,49,1975-02-02,Sudbury,ON,CAN,CAN,75,229,1993,NYI,1,23,23
2007,Todd Fedoruk,"DAL, MIN",L,45,1979-02-13,Redwater,AB,CAN,CAN,74,232,1997,PHI,7,3,164
2007,Todd Marchant,ANA,C,50,1973-08-12,Buffalo,NY,USA,USA,70,180,1993,NYR,7,8,164
2007,Todd White,ATL,C,48,1975-05-21,Kanata,ON,CAN,CAN,70,198,-,-,-,-,-
2007,Tom Cavanagh,S.J,R,41,1982-03-24,Warwick,RI,USA,USA,72,200,2001,S.J,6,17,182
2007,Tom Gilbert,EDM,D,41,1983-01-10,Bloomington,MN,USA,USA,74,210,2002,COL,4,33,129
2007,Tom Kostopoulos,MTL,R,45,1979-01-24,Mississauga,ON,CAN,CAN,72,197,1999,PIT,7,18,204
2007,Tom Poti,WSH,D,47,1977-03-22,Worcester,MA,USA,USA,75,190,1996,EDM,3,7,59
2007,Tom Preissing,L.A,D,45,1978-12-03,Arlington Heights,IL,USA,USA,72,197,-,-,-,-,-
2007,Tom Sestito,CBJ,L,36,1987-09-28,Rome,NY,USA,USA,77,228,2006,CBJ,3,22,85
2007,Tomas Fleischmann,WSH,L,39,1984-05-16,Koprivnice,CZE,CZE,73,192,2002,DET,2,33,63,
2007,Tomas Holmstrom,DET,L,51,1973-01-23,Pitea,SWE,SWE,72,200,1994,DET,10,23,257,
2007,Tomas Kaberle,TOR,D,46,1978-03-02,Rakovnik,CZE,CZE,73,212,1996,TOR,8,15,204,
2007,Tomas Kopecky,DET,R,42,1982-02-05,Ilava,SVK,SVK,75,210,2000,DET,2,8,38,
2007,Tomas Plekanec,MTL,C,41,1982-10-31,Kladno,CZE,CZE,71,190,2001,MTL,3,8,71,
2007,Tomas Plihal,S.J,C,40,1983-03-28,Frydlant,CZE,CZE,73,210,2001,S.J,5,9,140,
2007,Toni Lydman,BUF,D,46,1977-09-25,Lahti,FIN,FIN,74,213,1996,CGY,4,9,89,
2007,Torrey Mitchell,S.J,C,39,1985-01-30,Greenfield Park,QC,CAN,CAN,71,186,2004,S.J,4,28,126
2007,Travis Moen,ANA,L,41,1982-04-06,Stewart Valley,SK,CAN,CAN,74,215,2000,CGY,5,25,155
2007,Travis Zajac,N.J,C,38,1985-05-13,Winnipeg,MB,CAN,CAN,74,185,2004,N.J,1,20,20
2007,Trent Hunter,NYI,R,43,1980-07-05,Red Deer,AB,CAN,CAN,75,217,1998,ANA,6,5,150
2007,Trevor Daley,DAL,D,40,1983-10-09,Toronto,ON,CAN,CAN,71,199,2002,DAL,2,13,43
2007,Trevor Letowski,CAR,R,46,1977-04-05,Thunder Bay,ON,CAN,CAN,70,180,1996,PHX,7,12,174
2007,Trevor Linden,VAN,C,53,1970-04-11,Medicine Hat,AB,CAN,CAN,76,220,1988,VAN,1,2,2
2007,Troy Brouwer,CHI,R,38,1985-08-17,Vancouver,BC,CAN,CAN,75,213,2004,CHI,7,21,214
2007,Tuomo Ruutu,"CAR, CHI",L,41,1983-02-16,Vantaa,FIN,FIN,72,200,2001,CHI,1,9,9,
2007,Tyler Arnason,COL,C,45,1979-03-16,Oklahoma City,OK,USA,USA,71,204,1998,CHI,7,10,183
2007,Tyler Kennedy,PIT,C,37,1986-07-15,Sault Ste. Marie,ON,CAN,CAN,71,185,2004,PIT,4,1,99
2007,Valtteri Filppula,DET,C,40,1984-03-20,Vantaa,FIN,FIN,72,189,2002,DET,3,32,95,
2007,Vernon Fiddler,NSH,C,43,1980-05-09,Edmonton,AB,CAN,CAN,71,205,-,-,-,-,-
2007,Viktor Kozlov,WSH,C,49,1975-02-14,Togliatti,RUS,RUS,76,232,1993,S.J,1,6,6,
2007,Ville Koistinen,NSH,D,41,1982-06-17,Oulu,FIN,FIN,71,187,-,-,-,-,-,
2007,Ville Peltonen,FLA,L,50,1973-05-24,Vantaa,FIN,FIN,71,182,1993,S.J,3,6,58,
2007,Vincent Lecavalier,T.B,C,43,1980-04-21,Ile Bizard,QC,CAN,CAN,76,215,1998,T.B,1,1,1
2007,Vinny Prospal,"PHI, T.B",L,49,1975-02-17,Ceské Budejovice,CZE,CZE,74,191,1993,PHI,3,19,71,
2007,Vitaly Vishnevski,N.J,D,44,1980-03-18,Kharkov,UKR,RUS,74,215,1998,ANA,1,5,5,
2007,Vladimir Sobotka,BOS,L,36,1987-07-02,Trebic,CZE,CZE,70,191,2005,BOS,4,15,106,
2007,Vyacheslav Kozlov,ATL,L,51,1972-05-03,Voskresensk,RUS,RUS,70,190,1990,DET,3,3,45,
2007,Wade Belak,"FLA, TOR",R,47,1976-07-03,Saskatoon,SK,CAN,CAN,77,222,1994,QUE,1,12,12
2007,Wade Brookbank,CAR,D,46,1977-09-29,Lanigan,SK,CAN,CAN,76,225,-,-,-,-,-
2007,Wade Redden,OTT,D,46,1977-06-12,Lloydminster,SK,CAN,CAN,74,205,1995,NYI,1,2,2
2007,Wayne Primeau,CGY,C,47,1976-06-04,Scarborough,ON,CAN,CAN,76,225,1994,BUF,1,17,17
2007,Wes Walz,MIN,C,53,1970-05-15,Calgary,AB,CAN,CAN,71,190,1989,BOS,3,15,57
2007,Willie Mitchell,VAN,D,46,1977-04-23,Port McNeill,BC,CAN,CAN,75,210,1996,N.J,8,10,199
2007,Wojtek Wolski,COL,L,38,1986-02-24,Zabrze,POL,CAN,75,215,2004,COL,1,21,21,
2007,Wyatt Smith,COL,C,47,1977-02-13,Thief River Falls,MN,USA,USA,71,205,1997,PHX,9,16,233
2007,Yan Stastny,STL,C,41,1982-09-30,Quebec City,QC,CAN,USA,70,191,2002,BOS,8,30,259
2007,Yanic Perreault,CHI,C,52,1971-04-04,Sherbrooke,QC,CAN,CAN,71,185,1991,TOR,3,3,47
2007,Zach Parise,N.J,L,39,1984-07-28,Minneapolis,MN,USA,USA,71,195,2003,N.J,1,17,17
2007,Zack Fitzgerald,VAN,D,38,1985-06-16,Two Harbors,MN,USA,USA,74,205,2003,STL,3,20,88
2007,Zack Stortini,EDM,R,38,1985-09-11,Elliot Lake,ON,CAN,CAN,74,219,2003,EDM,3,26,94
2007,Zbynek Michalek,PHX,D,41,1982-12-23,Jindrichuv Hradec,CZE,CZE,74,210,-,-,-,-,-,
2007,Zdeno Chara,BOS,D,47,1977-03-18,Trencin,SVK,SVK,81,250,1996,NYI,3,4,56,
2007,Zenon Konopka,CBJ,C,43,1981-01-02,Niagara on the Lake,ON,CAN,CAN,72,213,-,-,-,-,-
